YEAR,SCH_OP_CARRIER_AIRLINE_ID,SCH_OP_CARRIER_FL_NUM,OP_UNIQUE_CARRIER,ORIGIN,DEST,DEP_DELAY,ARR_DELAY,CANCELLED,AIR_TIME,DISTANCE,CARRIER_DELAY,WEATHER_DELAY,NAS_DELAY,SECURITY_DELAY,LATE_AIRCRAFT_DELAY
2026,,,WN,LAS,ORD,3.0,-31.0,0.0,165.0,1514.0,,,,,
2026,,,F9,LAS,ONT,11.0,2.0,0.0,39.0,197.0,,,,,
2026,,,OO,DFW,SHV,199.0,193.0,0.0,32.0,190.0,0.0,0.0,0.0,0.0,193.0
2026,,,MQ,IAH,DFW,124.0,118.0,0.0,46.0,224.0,0.0,0.0,0.0,0.0,118.0
2026,,,UA,SNA,DEN,105.0,91.0,0.0,109.0,846.0,0.0,0.0,0.0,0.0,91.0
2026,,,WN,PHX,HOU,18.0,4.0,0.0,114.0,1020.0,,,,,
2026,,,AA,PHX,DEN,2.0,7.0,0.0,90.0,602.0,,,,,
2026,,,WN,MDW,AUS,6.0,-18.0,0.0,135.0,972.0,,,,,
2026,,,WN,MCI,MDW,6.0,1.0,0.0,60.0,404.0,,,,,
2026,,,AA,DFW,ONT,12.0,16.0,0.0,171.0,1188.0,6.0,0.0,4.0,0.0,6.0
2026,,,G7,SYR,EWR,25.0,-1.0,0.0,40.0,194.0,,,,,
2026,,,AA,SJC,DFW,21.0,18.0,0.0,179.0,1438.0,18.0,0.0,0.0,0.0,0.0
2026,,,WN,MSY,HOU,4.0,-5.0,0.0,54.0,303.0,,,,,
2026,,,DL,DCA,MSP,8.0,-11.0,0.0,130.0,931.0,,,,,
2026,,,AA,DFW,SAT,24.0,23.0,0.0,47.0,247.0,14.0,0.0,0.0,0.0,9.0
2026,,,AA,PHX,DFW,11.0,24.0,0.0,101.0,868.0,11.0,0.0,13.0,0.0,0.0
2026,,,G4,SFB,GSP,22.0,8.0,0.0,58.0,426.0,,,,,
2026,,,AA,CLE,DFW,53.0,59.0,0.0,164.0,1021.0,50.0,0.0,6.0,0.0,3.0
2026,,,OO,DRO,DEN,115.0,102.0,0.0,49.0,251.0,0.0,0.0,0.0,0.0,102.0
2026,,,AA,PHL,SJU,25.0,12.0,0.0,210.0,1576.0,,,,,
2026,,,UA,IAH,EWR,18.0,-9.0,0.0,161.0,1400.0,,,,,
2026,,,OH,MLI,DFW,16.0,2.0,0.0,99.0,691.0,,,,,
2026,,,F9,MCO,PHL,10.0,3.0,0.0,118.0,862.0,,,,,
2026,,,F9,IAH,MCO,7.0,-21.0,0.0,102.0,854.0,,,,,
2026,,,UA,FLL,EWR,21.0,29.0,0.0,161.0,1065.0,11.0,0.0,8.0,0.0,10.0
2026,,,AS,SEA,BOS,2.0,-4.0,0.0,295.0,2496.0,,,,,
2026,,,F9,ATL,FLL,95.0,72.0,0.0,74.0,581.0,22.0,0.0,0.0,0.0,50.0
2026,,,QX,BUR,BOI,69.0,95.0,0.0,115.0,656.0,3.0,0.0,26.0,0.0,66.0
2026,,,WN,MDW,ELP,2.0,-7.0,0.0,170.0,1237.0,,,,,
2026,,,AA,LAX,CLT,102.0,101.0,0.0,251.0,2125.0,101.0,0.0,0.0,0.0,0.0
2026,,,AA,MIA,DCA,1.0,0.0,0.0,129.0,919.0,,,,,
2026,,,OO,DEN,SGF,2.0,-11.0,0.0,83.0,637.0,,,,,
2026,,,G4,FNT,PGD,47.0,66.0,0.0,162.0,1111.0,0.0,47.0,19.0,0.0,0.0
2026,,,AA,ORD,FLL,160.0,202.0,0.0,148.0,1182.0,0.0,44.0,42.0,0.0,116.0
2026,,,MQ,DCA,RDU,111.0,107.0,0.0,46.0,227.0,0.0,0.0,0.0,0.0,107.0
2026,,,UA,EWR,PDX,20.0,-5.0,0.0,316.0,2434.0,,,,,
2026,,,YV,IAH,ELP,11.0,-2.0,0.0,105.0,667.0,,,,,
2026,,,UA,ORD,EWR,113.0,146.0,0.0,97.0,719.0,0.0,96.0,33.0,0.0,17.0
2026,,,WN,SEA,OAK,17.0,8.0,0.0,99.0,672.0,,,,,
2026,,,YX,ORD,AUS,12.0,26.0,0.0,145.0,977.0,0.0,12.0,14.0,0.0,0.0
2026,,,B6,LGA,TPA,208.0,210.0,0.0,159.0,1010.0,83.0,0.0,2.0,0.0,125.0
2026,,,9E,JFK,MCI,24.0,-4.0,0.0,150.0,1113.0,,,,,
2026,,,OO,IAH,ASE,124.0,121.0,0.0,178.0,913.0,0.0,0.0,121.0,0.0,0.0
2026,,,G4,DSM,PIE,8.0,14.0,0.0,129.0,1126.0,,,,,
2026,,,9E,JFK,DTW,12.0,-5.0,0.0,88.0,509.0,,,,,
2026,,,DL,ATL,SRQ,114.0,116.0,0.0,74.0,444.0,114.0,0.0,2.0,0.0,0.0
2026,,,AA,LAX,BOS,7.0,-5.0,0.0,275.0,2611.0,,,,,
2026,,,WN,SAT,SAN,117.0,114.0,0.0,157.0,1129.0,97.0,0.0,0.0,0.0,17.0
2026,,,MQ,ORD,DCA,10.0,27.0,0.0,83.0,612.0,10.0,0.0,17.0,0.0,0.0
2026,,,WN,MEM,MCO,2.0,15.0,0.0,90.0,684.0,0.0,0.0,15.0,0.0,0.0
2026,,,AA,CLT,CHS,60.0,56.0,0.0,40.0,168.0,56.0,0.0,0.0,0.0,0.0
2026,,,WN,STL,MDW,22.0,61.0,0.0,44.0,251.0,22.0,0.0,39.0,0.0,0.0
2026,,,DL,ATL,SLC,30.0,19.0,0.0,228.0,1590.0,0.0,10.0,0.0,0.0,9.0
2026,,,B6,MCO,LAS,9.0,-2.0,0.0,294.0,2039.0,,,,,
2026,,,UA,RNO,DEN,13.0,13.0,0.0,106.0,804.0,,,,,
2026,,,B6,DCA,JFK,1.0,22.0,0.0,40.0,213.0,1.0,0.0,21.0,0.0,0.0
2026,,,UA,IAH,SFO,6.0,-3.0,0.0,226.0,1635.0,,,,,
2026,,,AS,SEA,JFK,1.0,3.0,0.0,276.0,2422.0,,,,,
2026,,,OO,ORD,ROC,14.0,57.0,0.0,97.0,528.0,0.0,0.0,43.0,0.0,14.0
2026,,,WN,MCO,CLE,33.0,51.0,0.0,134.0,895.0,33.0,0.0,18.0,0.0,0.0
2026,,,UA,DEN,SJU,14.0,9.0,0.0,294.0,2733.0,,,,,
2026,,,AS,ORD,SEA,84.0,62.0,0.0,250.0,1721.0,0.0,0.0,0.0,0.0,62.0
2026,,,F9,DFW,DEN,35.0,23.0,0.0,96.0,641.0,23.0,0.0,0.0,0.0,0.0
2026,,,WN,BWI,SRQ,23.0,1.0,0.0,119.0,880.0,,,,,
2026,,,AA,DFW,DEN,7.0,-5.0,0.0,95.0,641.0,,,,,
2026,,,OH,MLI,DFW,3.0,-12.0,0.0,103.0,691.0,,,,,
2026,,,9E,RDU,EWR,22.0,3.0,0.0,70.0,416.0,,,,,
2026,,,UA,IAD,STT,26.0,84.0,0.0,210.0,1606.0,0.0,26.0,58.0,0.0,0.0
2026,,,AS,SEA,BZN,37.0,34.0,0.0,68.0,543.0,0.0,0.0,0.0,0.0,34.0
2026,,,9E,RDU,DCA,31.0,50.0,0.0,45.0,227.0,5.0,0.0,19.0,0.0,26.0
2026,,,WN,AUS,STL,8.0,4.0,0.0,102.0,721.0,,,,,
2026,,,WN,SEA,SJC,11.0,-2.0,0.0,98.0,696.0,,,,,
2026,,,OO,ORD,MLI,41.0,58.0,0.0,29.0,139.0,0.0,0.0,17.0,0.0,41.0
2026,,,G4,FLL,TYS,4.0,3.0,0.0,100.0,709.0,,,,,
2026,,,WN,SJC,HNL,34.0,-7.0,0.0,302.0,2417.0,,,,,
2026,,,UA,ORD,FLL,5.0,-19.0,0.0,146.0,1182.0,,,,,
2026,,,OH,DCA,ATL,8.0,83.0,0.0,88.0,547.0,8.0,0.0,75.0,0.0,0.0
2026,,,OO,XWA,MSP,41.0,47.0,0.0,77.0,553.0,41.0,0.0,6.0,0.0,0.0
2026,,,WN,MSP,DEN,35.0,31.0,0.0,100.0,680.0,4.0,0.0,0.0,0.0,27.0
2026,,,WN,MCO,MIA,20.0,9.0,0.0,37.0,192.0,,,,,
2026,,,DL,IAD,ATL,5.0,-21.0,0.0,81.0,534.0,,,,,
2026,,,F9,LAS,DEN,86.0,69.0,0.0,85.0,628.0,69.0,0.0,0.0,0.0,0.0
2026,,,OO,DEN,ASE,8.0,-8.0,0.0,27.0,125.0,,,,,
2026,,,WN,MCO,SJU,11.0,2.0,0.0,143.0,1188.0,,,,,
2026,,,AA,CLT,MIA,32.0,25.0,0.0,99.0,650.0,0.0,0.0,0.0,0.0,25.0
2026,,,WN,OAK,SEA,22.0,-6.0,0.0,86.0,672.0,,,,,
2026,,,UA,CLE,ORD,11.0,23.0,0.0,53.0,316.0,1.0,0.0,12.0,0.0,10.0
2026,,,WN,STL,LAX,38.0,28.0,0.0,215.0,1592.0,0.0,0.0,0.0,0.0,28.0
2026,,,WN,BWI,CVG,11.0,-5.0,0.0,69.0,430.0,,,,,
2026,,,WN,DCA,DAL,16.0,-24.0,0.0,161.0,1184.0,,,,,
2026,,,AA,MIA,MSP,1.0,-11.0,0.0,204.0,1501.0,,,,,
2026,,,WN,RSW,MCI,18.0,-2.0,0.0,168.0,1155.0,,,,,
2026,,,AA,CLT,IND,16.0,6.0,0.0,72.0,427.0,,,,,
2026,,,WN,DAL,TPA,53.0,41.0,0.0,105.0,917.0,12.0,0.0,0.0,0.0,29.0
2026,,,WN,BUR,LAS,34.0,27.0,0.0,40.0,223.0,0.0,0.0,0.0,0.0,27.0
2026,,,C5,ROC,IAD,26.0,71.0,0.0,54.0,287.0,4.0,0.0,45.0,0.0,22.0
2026,,,AA,SJU,CLT,25.0,-2.0,0.0,189.0,1475.0,,,,,
2026,,,WN,MDW,PHL,6.0,-1.0,0.0,85.0,668.0,,,,,
2026,,,YX,LGA,RDU,7.0,4.0,0.0,72.0,431.0,,,,,
2026,,,PT,CLT,ILM,5.0,-3.0,0.0,34.0,185.0,,,,,
2026,,,G7,EWR,GSO,41.0,41.0,0.0,76.0,445.0,3.0,0.0,0.0,0.0,38.0
2026,,,DL,DTW,RDU,13.0,2.0,0.0,73.0,501.0,,,,,
2026,,,OH,CLT,BTV,15.0,2.0,0.0,100.0,761.0,,,,,
2026,,,PT,SYR,BOS,4.0,-9.0,0.0,44.0,265.0,,,,,
2026,,,UA,DEN,ANC,6.0,-8.0,0.0,320.0,2405.0,,,,,
2026,,,DL,ATL,SEA,29.0,28.0,0.0,311.0,2182.0,28.0,0.0,0.0,0.0,0.0
2026,,,AA,BOS,LAX,3.0,-45.0,0.0,315.0,2611.0,,,,,
2026,,,WN,MCO,MHT,11.0,11.0,0.0,154.0,1142.0,,,,,
2026,,,DL,MEM,ATL,92.0,66.0,0.0,47.0,332.0,3.0,0.0,0.0,0.0,63.0
2026,,,DL,DCA,DTW,29.0,16.0,0.0,74.0,405.0,1.0,0.0,0.0,0.0,15.0
2026,,,OO,BPT,DFW,5.0,-2.0,0.0,48.0,270.0,,,,,
2026,,,AA,ORD,LAX,36.0,7.0,0.0,225.0,1744.0,,,,,
2026,,,WN,MCI,LAS,40.0,19.0,0.0,155.0,1139.0,0.0,0.0,19.0,0.0,0.0
2026,,,WN,SNA,LAS,9.0,-1.0,0.0,42.0,226.0,,,,,
2026,,,AS,SJC,SEA,1.0,-10.0,0.0,104.0,696.0,,,,,
2026,,,AS,SEA,SMF,11.0,-2.0,0.0,77.0,605.0,,,,,
2026,,,DL,LAS,JFK,5.0,-8.0,0.0,240.0,2248.0,,,,,
2026,,,UA,ORD,PHX,7.0,-3.0,0.0,196.0,1440.0,,,,,
2026,,,DL,TPA,DTW,11.0,-14.0,0.0,120.0,983.0,,,,,
2026,,,OO,MSP,IND,14.0,22.0,0.0,68.0,503.0,14.0,0.0,8.0,0.0,0.0
2026,,,WN,OKC,LAS,7.0,3.0,0.0,144.0,986.0,,,,,
2026,,,UA,EWR,SFO,60.0,2.0,0.0,316.0,2565.0,,,,,
2026,,,WN,BHM,BNA,20.0,13.0,0.0,42.0,177.0,,,,,
2026,,,WN,FLL,DAL,6.0,2.0,0.0,170.0,1108.0,,,,,
2026,,,WN,STL,DCA,8.0,-1.0,0.0,90.0,719.0,,,,,
2026,,,AA,DFW,SJU,27.0,14.0,0.0,245.0,2165.0,,,,,
2026,,,AA,DFW,JAX,72.0,64.0,0.0,108.0,917.0,44.0,0.0,0.0,0.0,20.0
2026,,,MQ,DFW,BHM,4.0,-4.0,0.0,77.0,597.0,,,,,
2026,,,WN,DEN,DTW,58.0,57.0,0.0,135.0,1123.0,49.0,0.0,0.0,0.0,8.0
2026,,,WN,BWI,MHT,4.0,-15.0,0.0,55.0,377.0,,,,,
2026,,,UA,IAH,ORD,6.0,8.0,0.0,126.0,925.0,,,,,
2026,,,AA,DFW,MIA,26.0,11.0,0.0,135.0,1121.0,,,,,
2026,,,B6,JFK,ATL,30.0,23.0,0.0,131.0,760.0,3.0,0.0,0.0,0.0,20.0
2026,,,AA,AUS,CLT,12.0,8.0,0.0,121.0,1032.0,,,,,
2026,,,DL,SLC,EWR,16.0,2.0,0.0,221.0,1969.0,,,,,
2026,,,OH,SAV,PHL,5.0,8.0,0.0,88.0,630.0,,,,,
2026,,,YX,LGA,CMH,34.0,24.0,0.0,91.0,479.0,0.0,0.0,0.0,0.0,24.0
2026,,,DL,JFK,DEN,75.0,97.0,0.0,257.0,1626.0,75.0,0.0,22.0,0.0,0.0
2026,,,WN,LGB,DEN,18.0,13.0,0.0,113.0,854.0,,,,,
2026,,,DL,ATL,ORD,9.0,58.0,0.0,94.0,606.0,0.0,9.0,49.0,0.0,0.0
2026,,,AA,PHX,LAX,55.0,36.0,0.0,57.0,370.0,0.0,0.0,0.0,0.0,36.0
2026,,,WN,MCO,DAL,28.0,47.0,0.0,150.0,973.0,28.0,0.0,19.0,0.0,0.0
2026,,,QX,PAE,LAS,16.0,3.0,0.0,123.0,894.0,,,,,
2026,,,WN,LGB,ABQ,5.0,-10.0,0.0,78.0,664.0,,,,,
2026,,,AA,DCA,DFW,21.0,7.0,0.0,178.0,1192.0,,,,,
2026,,,OO,DEN,SLC,70.0,67.0,0.0,71.0,391.0,67.0,0.0,0.0,0.0,0.0
2026,,,QX,LAX,SFO,87.0,81.0,0.0,62.0,337.0,0.0,0.0,0.0,0.0,81.0
2026,,,MQ,MIA,AVL,64.0,77.0,0.0,109.0,677.0,0.0,0.0,20.0,0.0,57.0
2026,,,PT,PHL,ART,8.0,-3.0,0.0,52.0,287.0,,,,,
2026,,,AS,HNL,OGG,28.0,32.0,0.0,22.0,101.0,4.0,0.0,0.0,0.0,28.0
2026,,,WN,DCA,DAL,230.0,233.0,0.0,203.0,1184.0,11.0,0.0,3.0,0.0,219.0
2026,,,WN,LAS,HNL,47.0,18.0,0.0,352.0,2762.0,18.0,0.0,0.0,0.0,0.0
2026,,,MQ,DFW,GNV,15.0,5.0,0.0,109.0,900.0,,,,,
2026,,,WN,BWI,FLL,3.0,-12.0,0.0,135.0,925.0,,,,,
2026,,,YX,BNA,RDU,15.0,22.0,0.0,63.0,442.0,0.0,0.0,7.0,0.0,15.0
2026,,,YX,BOS,IND,9.0,6.0,0.0,147.0,818.0,,,,,
2026,,,MQ,STL,BOS,3.0,-2.0,0.0,132.0,1047.0,,,,,
2026,,,MQ,ORD,MSP,4.0,-12.0,0.0,68.0,334.0,,,,,
2026,,,MQ,LBB,PHX,1.0,-22.0,0.0,100.0,588.0,,,,,
2026,,,UA,SFO,EWR,10.0,36.0,0.0,264.0,2565.0,10.0,0.0,26.0,0.0,0.0
2026,,,DL,CMH,ATL,1.0,-30.0,0.0,61.0,447.0,,,,,
2026,,,YX,AVL,LGA,3.0,-4.0,0.0,87.0,599.0,,,,,
2026,,,UA,ORD,IAH,1.0,-26.0,0.0,129.0,925.0,,,,,
2026,,,PT,TLH,CLT,30.0,13.0,0.0,55.0,386.0,,,,,
2026,,,YX,EWR,CLE,19.0,20.0,0.0,79.0,404.0,4.0,0.0,1.0,0.0,15.0
2026,,,DL,MCO,LAX,20.0,-16.0,0.0,279.0,2218.0,,,,,
2026,,,WN,LAX,RNO,5.0,-3.0,0.0,65.0,390.0,,,,,
2026,,,DL,EYW,ATL,6.0,11.0,0.0,106.0,646.0,,,,,
2026,,,WN,DEN,BOS,12.0,-2.0,0.0,191.0,1754.0,,,,,
2026,,,WN,ALB,MCO,6.0,-6.0,0.0,163.0,1073.0,,,,,
2026,,,AA,ORD,LGA,72.0,83.0,0.0,119.0,733.0,72.0,0.0,11.0,0.0,0.0
2026,,,AS,LAS,PDX,2.0,14.0,0.0,135.0,763.0,,,,,
2026,,,WN,STL,TPA,7.0,-6.0,0.0,107.0,869.0,,,,,
2026,,,DL,SEA,ORD,16.0,9.0,0.0,204.0,1721.0,,,,,
2026,,,WN,SDF,BNA,13.0,13.0,0.0,37.0,151.0,,,,,
2026,,,DL,MCO,SEA,42.0,6.0,0.0,332.0,2554.0,,,,,
2026,,,WN,SAN,PHX,1.0,-12.0,0.0,47.0,304.0,,,,,
2026,,,OO,XNA,DEN,1216.0,1253.0,0.0,104.0,616.0,0.0,0.0,37.0,0.0,1216.0
2026,,,F9,DTW,PHX,4.0,-54.0,0.0,206.0,1671.0,,,,,
2026,,,DL,PBI,ATL,19.0,-5.0,0.0,81.0,545.0,,,,,
2026,,,UA,PDX,IAH,3.0,-24.0,0.0,201.0,1825.0,,,,,
2026,,,WN,MCI,DEN,140.0,151.0,0.0,89.0,533.0,3.0,0.0,11.0,0.0,137.0
2026,,,OO,DTW,ATW,6.0,21.0,0.0,54.0,296.0,0.0,6.0,15.0,0.0,0.0
2026,,,OO,DTW,APN,50.0,33.0,0.0,42.0,198.0,0.0,33.0,0.0,0.0,0.0
2026,,,YV,IAH,ELP,25.0,11.0,0.0,102.0,667.0,,,,,
2026,,,MQ,ORD,OMA,8.0,53.0,0.0,83.0,416.0,0.0,8.0,45.0,0.0,0.0
2026,,,9E,ATL,ABE,324.0,326.0,0.0,96.0,692.0,0.0,0.0,2.0,0.0,324.0
2026,,,WN,DEN,OAK,6.0,9.0,0.0,139.0,957.0,,,,,
2026,,,WN,ISP,PBI,42.0,33.0,0.0,159.0,1052.0,20.0,0.0,0.0,0.0,13.0
2026,,,UA,ORD,DFW,11.0,-14.0,0.0,110.0,802.0,,,,,
2026,,,WN,STL,OKC,18.0,5.0,0.0,68.0,462.0,,,,,
2026,,,WN,SAT,LAS,46.0,36.0,0.0,149.0,1069.0,0.0,0.0,26.0,0.0,10.0
2026,,,AS,OMA,SEA,2.0,-13.0,0.0,185.0,1368.0,,,,,
2026,,,AA,LAX,KOA,29.0,16.0,0.0,314.0,2504.0,16.0,0.0,0.0,0.0,0.0
2026,,,WN,HOU,BNA,10.0,-2.0,0.0,88.0,670.0,,,,,
2026,,,WN,MCO,HOU,14.0,9.0,0.0,146.0,849.0,,,,,
2026,,,MQ,ORD,MLI,4.0,0.0,0.0,28.0,139.0,,,,,
2026,,,OO,LAX,SBP,25.0,12.0,0.0,29.0,155.0,,,,,
2026,,,WN,DEN,SMF,9.0,-4.0,0.0,128.0,909.0,,,,,
2026,,,YX,LGA,BOS,23.0,13.0,0.0,38.0,184.0,,,,,
2026,,,DL,MCO,MSP,38.0,23.0,0.0,187.0,1310.0,23.0,0.0,0.0,0.0,0.0
2026,,,WN,ORF,BWI,17.0,20.0,0.0,50.0,159.0,0.0,0.0,3.0,0.0,17.0
2026,,,AS,LAX,KOA,20.0,6.0,0.0,302.0,2504.0,,,,,
2026,,,AA,DFW,IND,149.0,143.0,0.0,96.0,761.0,0.0,143.0,0.0,0.0,0.0
2026,,,YX,JFK,BOS,61.0,58.0,0.0,37.0,187.0,0.0,0.0,0.0,0.0,58.0
2026,,,WN,CLE,LAS,8.0,-15.0,0.0,267.0,1824.0,,,,,
2026,,,F9,PHL,ATL,8.0,16.0,0.0,96.0,666.0,0.0,8.0,8.0,0.0,0.0
2026,,,PT,CLT,FAY,3.0,15.0,0.0,25.0,118.0,0.0,0.0,12.0,0.0,3.0
2026,,,PT,TYS,PHL,16.0,7.0,0.0,79.0,555.0,,,,,
2026,,,WN,HRL,HOU,4.0,-11.0,0.0,45.0,277.0,,,,,
2026,,,AA,DFW,MIA,119.0,95.0,0.0,119.0,1121.0,28.0,0.0,0.0,0.0,67.0
2026,,,OO,PHX,TUL,58.0,45.0,0.0,112.0,935.0,45.0,0.0,0.0,0.0,0.0
2026,,,WN,DAL,DEN,18.0,21.0,0.0,101.0,651.0,18.0,0.0,3.0,0.0,0.0
2026,,,OO,TUS,PDX,206.0,198.0,0.0,165.0,1119.0,198.0,0.0,0.0,0.0,0.0
2026,,,WN,BNA,ECP,22.0,7.0,0.0,55.0,401.0,,,,,
2026,,,NK,DTW,ATL,42.0,30.0,0.0,92.0,594.0,0.0,30.0,0.0,0.0,0.0
2026,,,NK,FLL,DFW,129.0,96.0,0.0,161.0,1119.0,2.0,0.0,1.0,0.0,93.0
2026,,,WN,PIT,BWI,19.0,5.0,0.0,44.0,210.0,,,,,
2026,,,AA,DFW,RSW,25.0,6.0,0.0,116.0,1017.0,,,,,
2026,,,YV,IAH,OKC,25.0,18.0,0.0,62.0,395.0,0.0,0.0,18.0,0.0,0.0
2026,,,DL,MIA,DCA,275.0,258.0,0.0,114.0,919.0,0.0,0.0,0.0,0.0,258.0
2026,,,C5,ITH,IAD,116.0,131.0,0.0,53.0,250.0,116.0,0.0,15.0,0.0,0.0
2026,,,AA,CLE,PHX,171.0,210.0,0.0,235.0,1737.0,0.0,171.0,39.0,0.0,0.0
2026,,,UA,DEN,OMA,1.0,-1.0,0.0,61.0,472.0,,,,,
2026,,,WN,DAL,COS,49.0,41.0,0.0,93.0,602.0,0.0,0.0,0.0,0.0,41.0
2026,,,B6,EWR,PBI,26.0,3.0,0.0,132.0,1024.0,,,,,
2026,,,F9,ONT,LAS,195.0,182.0,0.0,36.0,197.0,182.0,0.0,0.0,0.0,0.0
2026,,,UA,IAH,SNA,19.0,-7.0,0.0,186.0,1346.0,,,,,
2026,,,AS,SEA,ORD,2.0,-13.0,0.0,201.0,1721.0,,,,,
2026,,,AS,PSC,SEA,103.0,77.0,0.0,38.0,172.0,0.0,0.0,0.0,0.0,77.0
2026,,,DL,DEN,SEA,16.0,-6.0,0.0,147.0,1024.0,,,,,
2026,,,B6,LAX,PBI,14.0,27.0,0.0,269.0,2330.0,6.0,0.0,21.0,0.0,0.0
2026,,,NK,EWR,AUS,23.0,0.0,0.0,218.0,1504.0,,,,,
2026,,,DL,LAS,SLC,12.0,0.0,0.0,54.0,368.0,,,,,
2026,,,WN,SLC,LAS,39.0,37.0,0.0,58.0,368.0,0.0,0.0,27.0,0.0,10.0
2026,,,WN,PVD,MCO,21.0,2.0,0.0,154.0,1072.0,,,,,
2026,,,WN,BNA,DEN,16.0,8.0,0.0,157.0,1013.0,,,,,
2026,,,DL,SLC,FCA,3.0,-8.0,0.0,83.0,532.0,,,,,
2026,,,PT,CLT,MGM,117.0,112.0,0.0,70.0,372.0,0.0,0.0,0.0,0.0,112.0
2026,,,OO,DTW,ELM,39.0,34.0,0.0,50.0,331.0,34.0,0.0,0.0,0.0,0.0
2026,,,OO,DEN,CPR,58.0,35.0,0.0,41.0,230.0,35.0,0.0,0.0,0.0,0.0
2026,,,DL,LGA,DFW,3.0,32.0,0.0,211.0,1389.0,0.0,0.0,32.0,0.0,0.0
2026,,,WN,BWI,PHX,5.0,5.0,0.0,301.0,1999.0,,,,,
2026,,,AS,SEA,FAI,2.0,-27.0,0.0,190.0,1533.0,,,,,
2026,,,G7,IAD,EWR,69.0,66.0,0.0,51.0,212.0,66.0,0.0,0.0,0.0,0.0
2026,,,WN,ELP,DAL,1.0,-7.0,0.0,82.0,562.0,,,,,
2026,,,AS,KOA,HNL,27.0,28.0,0.0,29.0,163.0,28.0,0.0,0.0,0.0,0.0
2026,,,OH,DCA,ORF,4.0,-9.0,0.0,28.0,142.0,,,,,
2026,,,B6,ISP,TPA,29.0,31.0,0.0,158.0,1034.0,29.0,0.0,2.0,0.0,0.0
2026,,,WN,DTW,MDW,7.0,-5.0,0.0,44.0,228.0,,,,,
2026,,,WN,CMH,DEN,50.0,36.0,0.0,165.0,1154.0,8.0,0.0,0.0,0.0,28.0
2026,,,AA,PHX,ABQ,9.0,3.0,0.0,47.0,328.0,,,,,
2026,,,MQ,SGF,DFW,36.0,40.0,0.0,65.0,364.0,36.0,0.0,4.0,0.0,0.0
2026,,,MQ,FAR,DFW,29.0,32.0,0.0,122.0,967.0,0.0,7.0,3.0,0.0,22.0
2026,,,WN,ONT,LAS,42.0,31.0,0.0,36.0,197.0,0.0,0.0,1.0,0.0,30.0
2026,,,UA,OMA,ORD,40.0,30.0,0.0,61.0,416.0,0.0,0.0,0.0,0.0,30.0
2026,,,UA,IAH,PHL,1.0,-12.0,0.0,147.0,1325.0,,,,,
2026,,,AA,SAT,DFW,113.0,99.0,0.0,45.0,247.0,0.0,0.0,0.0,0.0,99.0
2026,,,AS,ANC,SEA,14.0,-3.0,0.0,184.0,1448.0,,,,,
2026,,,YX,DCA,ROC,9.0,-8.0,0.0,51.0,296.0,,,,,
2026,,,WN,ATL,LGA,9.0,-1.0,0.0,96.0,762.0,,,,,
2026,,,AA,CLT,IAH,203.0,178.0,0.0,123.0,912.0,27.0,0.0,0.0,0.0,151.0
2026,,,WN,SMF,SAN,74.0,78.0,0.0,68.0,480.0,74.0,0.0,4.0,0.0,0.0
2026,,,B6,PHX,BOS,80.0,76.0,0.0,252.0,2300.0,53.0,0.0,0.0,0.0,23.0
2026,,,WN,BNA,PHL,1.0,-13.0,0.0,94.0,675.0,,,,,
2026,,,DL,MSP,FLL,1.0,2.0,0.0,174.0,1487.0,,,,,
2026,,,AS,ABQ,SEA,5.0,21.0,0.0,171.0,1180.0,0.0,0.0,21.0,0.0,0.0
2026,,,OO,FCA,SLC,11.0,14.0,0.0,73.0,532.0,,,,,
2026,,,WN,TPA,BWI,3.0,-19.0,0.0,100.0,842.0,,,,,
2026,,,WN,BWI,SRQ,10.0,-15.0,0.0,122.0,880.0,,,,,
2026,,,AS,SEA,FLL,14.0,-11.0,0.0,308.0,2717.0,,,,,
2026,,,DL,MSP,LAS,12.0,12.0,0.0,170.0,1299.0,,,,,
2026,,,MQ,DCA,ORD,18.0,3.0,0.0,106.0,612.0,,,,,
2026,,,WN,GEG,PHX,8.0,2.0,0.0,132.0,1020.0,,,,,
2026,,,DL,BNA,ATL,3.0,22.0,0.0,43.0,214.0,0.0,0.0,22.0,0.0,0.0
2026,,,UA,EWR,PBI,12.0,-17.0,0.0,143.0,1024.0,,,,,
2026,,,AS,SFO,PDX,1.0,-9.0,0.0,81.0,550.0,,,,,
2026,,,B6,FLL,LAS,113.0,103.0,0.0,293.0,2173.0,0.0,0.0,99.0,0.0,4.0
2026,,,NK,ACY,FLL,17.0,1.0,0.0,133.0,977.0,,,,,
2026,,,UA,BOS,SFO,108.0,101.0,0.0,354.0,2704.0,0.0,22.0,0.0,0.0,79.0
2026,,,UA,MIA,EWR,34.0,49.0,0.0,165.0,1085.0,13.0,0.0,15.0,0.0,21.0
2026,,,WN,CMH,LAS,6.0,-14.0,0.0,243.0,1771.0,,,,,
2026,,,OH,CAK,CLT,7.0,10.0,0.0,69.0,394.0,,,,,
2026,,,AA,ORD,SLC,169.0,147.0,0.0,180.0,1250.0,124.0,0.0,0.0,0.0,23.0
2026,,,WN,SLC,SAN,4.0,-14.0,0.0,84.0,626.0,,,,,
2026,,,C5,LFT,IAH,2.0,11.0,0.0,42.0,201.0,,,,,
2026,,,WN,MDW,DTW,21.0,22.0,0.0,42.0,228.0,8.0,0.0,1.0,0.0,13.0
2026,,,DL,DCA,MSP,162.0,139.0,0.0,136.0,931.0,0.0,0.0,2.0,0.0,137.0
2026,,,WN,LAS,SFO,17.0,0.0,0.0,65.0,414.0,,,,,
2026,,,AS,IAD,SEA,9.0,-17.0,0.0,297.0,2305.0,,,,,
2026,,,AA,MIA,SLC,8.0,3.0,0.0,293.0,2088.0,,,,,
2026,,,DL,LAS,ATL,28.0,1.0,0.0,184.0,1747.0,,,,,
2026,,,AS,HNL,LAS,48.0,35.0,0.0,297.0,2762.0,35.0,0.0,0.0,0.0,0.0
2026,,,AA,PDX,DFW,128.0,127.0,0.0,191.0,1616.0,6.0,0.0,0.0,0.0,121.0
2026,,,WN,BWI,PVD,5.0,-6.0,0.0,53.0,327.0,,,,,
2026,,,WN,MCO,SDF,3.0,5.0,0.0,109.0,719.0,,,,,
2026,,,YX,IAD,JAX,2.0,16.0,0.0,108.0,631.0,0.0,0.0,16.0,0.0,0.0
2026,,,AA,IND,MIA,61.0,52.0,0.0,129.0,1020.0,31.0,0.0,0.0,0.0,21.0
2026,,,UA,IAD,SEA,2.0,-10.0,0.0,325.0,2305.0,,,,,
2026,,,MQ,DFW,XNA,22.0,11.0,0.0,47.0,280.0,,,,,
2026,,,WN,TPA,BNA,45.0,49.0,0.0,91.0,612.0,2.0,0.0,4.0,0.0,43.0
2026,,,WN,DAL,JAX,83.0,78.0,0.0,103.0,906.0,3.0,0.0,0.0,0.0,75.0
2026,,,OO,DEN,COS,48.0,53.0,0.0,19.0,73.0,48.0,0.0,5.0,0.0,0.0
2026,,,WN,ALB,MCO,16.0,-2.0,0.0,164.0,1073.0,,,,,
2026,,,OO,DTW,BGM,25.0,7.0,0.0,52.0,378.0,,,,,
2026,,,UA,ORD,EGE,156.0,149.0,0.0,128.0,1007.0,0.0,10.0,0.0,0.0,139.0
2026,,,WN,BWI,BOS,24.0,14.0,0.0,63.0,369.0,,,,,
2026,,,OH,DCA,TLH,73.0,72.0,0.0,110.0,716.0,0.0,8.0,0.0,0.0,64.0
2026,,,WN,ATL,TPA,35.0,88.0,0.0,67.0,406.0,0.0,0.0,88.0,0.0,0.0
2026,,,AA,DFW,SAT,33.0,30.0,0.0,44.0,247.0,21.0,9.0,0.0,0.0,0.0
2026,,,DL,SLC,MCO,5.0,2.0,0.0,229.0,1931.0,,,,,
2026,,,AA,MCI,ORD,657.0,682.0,0.0,68.0,403.0,657.0,0.0,25.0,0.0,0.0
2026,,,DL,JFK,TPA,28.0,127.0,0.0,189.0,1005.0,0.0,0.0,99.0,0.0,28.0
2026,,,WN,TUS,SAN,29.0,45.0,0.0,84.0,367.0,0.0,0.0,45.0,0.0,0.0
2026,,,AA,AUS,MIA,54.0,53.0,0.0,130.0,1103.0,53.0,0.0,0.0,0.0,0.0
2026,,,DL,MSP,HNL,3.0,-3.0,0.0,511.0,3972.0,,,,,
2026,,,9E,MSP,MOT,18.0,-7.0,0.0,71.0,449.0,,,,,
2026,,,YX,ORD,JFK,81.0,66.0,0.0,92.0,740.0,0.0,0.0,0.0,0.0,66.0
2026,,,AA,FAT,PHX,42.0,29.0,0.0,72.0,493.0,0.0,0.0,0.0,0.0,29.0
2026,,,OH,CLT,IAD,25.0,6.0,0.0,49.0,322.0,,,,,
2026,,,AS,PHX,PAE,16.0,-4.0,0.0,152.0,1133.0,,,,,
2026,,,AA,EWR,MIA,3.0,12.0,0.0,172.0,1085.0,,,,,
2026,,,OH,DCA,BTV,48.0,48.0,0.0,77.0,437.0,0.0,0.0,0.0,0.0,48.0
2026,,,DL,SEA,LAX,2.0,-6.0,0.0,129.0,954.0,,,,,
2026,,,WN,MCO,MDW,3.0,-2.0,0.0,148.0,990.0,,,,,
2026,,,AA,PHX,SMF,21.0,12.0,0.0,97.0,647.0,,,,,
2026,,,UA,EWR,PHX,165.0,146.0,0.0,290.0,2133.0,15.0,0.0,0.0,0.0,131.0
2026,,,WN,AUS,DCA,4.0,6.0,0.0,148.0,1315.0,,,,,
2026,,,9E,MDW,DTW,3.0,22.0,0.0,44.0,228.0,0.0,0.0,22.0,0.0,0.0
2026,,,WN,MCO,SJU,11.0,17.0,0.0,147.0,1188.0,11.0,0.0,6.0,0.0,0.0
2026,,,UA,ORD,SLC,44.0,72.0,0.0,177.0,1250.0,0.0,29.0,28.0,0.0,15.0
2026,,,DL,PHL,MSP,10.0,-5.0,0.0,147.0,981.0,,,,,
2026,,,OO,DEN,SUN,35.0,12.0,0.0,85.0,557.0,,,,,
2026,,,F9,ONT,LAS,99.0,90.0,0.0,37.0,197.0,0.0,0.0,39.0,0.0,51.0
2026,,,AA,MSY,DFW,4.0,-3.0,0.0,73.0,448.0,,,,,
2026,,,AA,DFW,ORF,38.0,24.0,0.0,138.0,1212.0,4.0,0.0,0.0,0.0,20.0
2026,,,UA,ORD,MSY,4.0,-17.0,0.0,114.0,837.0,,,,,
2026,,,UA,CLE,IAD,49.0,41.0,0.0,48.0,287.0,0.0,0.0,0.0,0.0,41.0
2026,,,QX,LAX,GEG,139.0,111.0,0.0,118.0,945.0,6.0,0.0,0.0,0.0,105.0
2026,,,AA,PHX,SAN,39.0,26.0,0.0,49.0,304.0,7.0,0.0,0.0,0.0,19.0
2026,,,AA,JAX,MIA,66.0,42.0,0.0,50.0,335.0,0.0,0.0,0.0,0.0,42.0
2026,,,OH,BNA,PHL,156.0,167.0,0.0,87.0,675.0,0.0,32.0,11.0,0.0,124.0
2026,,,UA,SAN,DEN,5.0,-6.0,0.0,109.0,853.0,,,,,
2026,,,AA,BWI,DFW,51.0,15.0,0.0,173.0,1217.0,3.0,0.0,0.0,0.0,12.0
2026,,,DL,BNA,SEA,11.0,25.0,0.0,295.0,1978.0,11.0,0.0,14.0,0.0,0.0
2026,,,YX,SYR,ORD,79.0,106.0,0.0,97.0,607.0,13.0,0.0,27.0,0.0,66.0
2026,,,DL,SDF,ATL,342.0,465.0,0.0,63.0,321.0,0.0,342.0,123.0,0.0,0.0
2026,,,F9,JFK,SJU,20.0,50.0,0.0,224.0,1598.0,0.0,0.0,47.0,0.0,3.0
2026,,,YX,DCA,BOS,107.0,88.0,0.0,60.0,399.0,88.0,0.0,0.0,0.0,0.0
2026,,,WN,TPA,ATL,67.0,55.0,0.0,66.0,406.0,55.0,0.0,0.0,0.0,0.0
2026,,,G7,ORD,SYR,66.0,88.0,0.0,85.0,607.0,36.0,0.0,22.0,0.0,30.0
2026,,,MQ,ORD,MSP,13.0,9.0,0.0,56.0,334.0,,,,,
2026,,,YX,DCA,LGA,14.0,6.0,0.0,41.0,214.0,,,,,
2026,,,DL,ATL,HNL,6.0,13.0,0.0,592.0,4502.0,,,,,
2026,,,MQ,ORD,ALB,27.0,29.0,0.0,95.0,723.0,0.0,2.0,2.0,0.0,25.0
2026,,,9E,AVL,LGA,1.0,-21.0,0.0,81.0,599.0,,,,,
2026,,,OH,ROC,DCA,14.0,44.0,0.0,69.0,296.0,0.0,0.0,30.0,0.0,14.0
2026,,,PT,ERI,CLT,37.0,50.0,0.0,100.0,475.0,37.0,0.0,13.0,0.0,0.0
2026,,,B6,FLL,SFO,65.0,64.0,0.0,366.0,2584.0,0.0,0.0,64.0,0.0,0.0
2026,,,AA,SFO,JFK,11.0,1.0,0.0,295.0,2586.0,,,,,
2026,,,DL,LAS,SLC,412.0,398.0,0.0,55.0,368.0,398.0,0.0,0.0,0.0,0.0
2026,,,G4,IDA,AZA,1047.0,1071.0,0.0,107.0,705.0,1047.0,0.0,24.0,0.0,0.0
2026,,,AA,DFW,BUR,131.0,126.0,0.0,179.0,1231.0,14.0,0.0,0.0,0.0,112.0
2026,,,NK,MSY,FLL,18.0,6.0,0.0,83.0,673.0,,,,,
2026,,,WN,SAN,PHX,57.0,55.0,0.0,44.0,304.0,0.0,0.0,0.0,0.0,55.0
2026,,,F9,BWI,ATL,7.0,7.0,0.0,94.0,577.0,,,,,
2026,,,WN,DEN,RDU,15.0,30.0,0.0,164.0,1436.0,15.0,0.0,15.0,0.0,0.0
2026,,,NK,BWI,FLL,3.0,17.0,0.0,143.0,925.0,3.0,0.0,14.0,0.0,0.0
2026,,,B6,JFK,LAX,19.0,41.0,0.0,361.0,2475.0,19.0,0.0,22.0,0.0,0.0
2026,,,UA,GEG,DEN,36.0,24.0,0.0,107.0,836.0,5.0,0.0,0.0,0.0,19.0
2026,,,WN,DAL,SAT,22.0,7.0,0.0,40.0,247.0,,,,,
2026,,,AA,CLT,DCA,3.0,-6.0,0.0,45.0,331.0,,,,,
2026,,,UA,EWR,JAC,12.0,2.0,0.0,259.0,1874.0,,,,,
2026,,,UA,ORD,MIA,21.0,22.0,0.0,160.0,1197.0,21.0,0.0,1.0,0.0,0.0
2026,,,PT,CAE,CLT,7.0,3.0,0.0,34.0,88.0,,,,,
2026,,,YX,BOS,JFK,26.0,15.0,0.0,53.0,187.0,0.0,0.0,0.0,0.0,15.0
2026,,,AA,RSW,DCA,7.0,113.0,0.0,112.0,892.0,7.0,0.0,106.0,0.0,0.0
2026,,,AA,ORD,CLT,2.0,20.0,0.0,79.0,599.0,0.0,0.0,20.0,0.0,0.0
2026,,,UA,ORD,MIA,50.0,29.0,0.0,164.0,1197.0,0.0,29.0,0.0,0.0,0.0
2026,,,OO,OMA,DTW,42.0,31.0,0.0,84.0,650.0,31.0,0.0,0.0,0.0,0.0
2026,,,9E,CMH,JFK,5.0,-7.0,0.0,79.0,483.0,,,,,
2026,,,DL,GSO,ATL,36.0,18.0,0.0,54.0,306.0,0.0,0.0,0.0,0.0,18.0
2026,,,AA,PHX,SMF,14.0,12.0,0.0,100.0,647.0,,,,,
2026,,,OO,AUS,MFE,2.0,-18.0,0.0,48.0,279.0,,,,,
2026,,,WN,HOU,OAK,1.0,-7.0,0.0,239.0,1642.0,,,,,
2026,,,DL,DFW,DTW,142.0,176.0,0.0,123.0,986.0,142.0,0.0,34.0,0.0,0.0
2026,,,OO,ORD,MKE,22.0,34.0,0.0,23.0,67.0,22.0,0.0,12.0,0.0,0.0
2026,,,MQ,DFW,ICT,13.0,8.0,0.0,58.0,328.0,,,,,
2026,,,YX,AVL,LGA,31.0,32.0,0.0,86.0,599.0,31.0,0.0,1.0,0.0,0.0
2026,,,AA,ICT,DFW,44.0,32.0,0.0,63.0,328.0,0.0,0.0,0.0,0.0,32.0
2026,,,WN,PHX,MDW,10.0,9.0,0.0,173.0,1444.0,,,,,
2026,,,UA,IAH,MCO,3.0,-13.0,0.0,100.0,854.0,,,,,
2026,,,WN,BNA,ATL,9.0,-7.0,0.0,39.0,214.0,,,,,
2026,,,QX,BOI,PUW,3.0,-2.0,0.0,40.0,224.0,,,,,
2026,,,YX,LGA,PIT,44.0,28.0,0.0,71.0,335.0,0.0,28.0,0.0,0.0,0.0
2026,,,AA,DFW,PSP,2.0,5.0,0.0,159.0,1126.0,,,,,
2026,,,OO,PLN,DTW,21.0,27.0,0.0,44.0,243.0,0.0,21.0,6.0,0.0,0.0
2026,,,OO,ORD,DTW,17.0,-14.0,0.0,43.0,235.0,,,,,
2026,,,UA,ORD,BWI,29.0,7.0,0.0,76.0,622.0,,,,,
2026,,,NK,DTW,RSW,56.0,88.0,0.0,155.0,1084.0,56.0,0.0,32.0,0.0,0.0
2026,,,AS,PDX,SEA,21.0,14.0,0.0,30.0,129.0,,,,,
2026,,,AA,CLT,JFK,55.0,53.0,0.0,76.0,542.0,12.0,0.0,0.0,0.0,41.0
2026,,,OO,MSP,OMA,29.0,14.0,0.0,50.0,282.0,,,,,
2026,,,WN,OAK,LGB,12.0,0.0,0.0,59.0,353.0,,,,,
2026,,,WN,MDW,FLL,1.0,2.0,0.0,148.0,1167.0,,,,,
2026,,,G4,RFD,PGD,63.0,47.0,0.0,146.0,1127.0,2.0,0.0,0.0,0.0,45.0
2026,,,AA,DFW,JAX,27.0,18.0,0.0,106.0,917.0,1.0,0.0,0.0,0.0,17.0
2026,,,9E,JFK,BUF,6.0,2.0,0.0,68.0,301.0,,,,,
2026,,,WN,PBI,ISP,21.0,14.0,0.0,132.0,1052.0,,,,,
2026,,,AA,CLT,TPA,86.0,84.0,0.0,84.0,507.0,5.0,0.0,0.0,0.0,79.0
2026,,,AS,HNL,SEA,34.0,17.0,0.0,309.0,2677.0,0.0,0.0,0.0,0.0,17.0
2026,,,WN,HOU,JAN,17.0,3.0,0.0,53.0,359.0,,,,,
2026,,,B6,MCO,PVD,141.0,154.0,0.0,156.0,1072.0,0.0,0.0,17.0,0.0,137.0
2026,,,DL,CHA,ATL,13.0,-2.0,0.0,34.0,106.0,,,,,
2026,,,AA,MIA,TPA,97.0,80.0,0.0,36.0,204.0,15.0,0.0,0.0,0.0,65.0
2026,,,AA,CLT,ALB,1.0,-5.0,0.0,86.0,646.0,,,,,
2026,,,WN,PHX,DEN,11.0,-4.0,0.0,79.0,602.0,,,,,
2026,,,F9,OKC,DEN,41.0,38.0,0.0,70.0,495.0,0.0,0.0,0.0,0.0,38.0
2026,,,OO,DVL,DEN,6.0,-7.0,0.0,96.0,638.0,,,,,
2026,,,AS,JFK,SEA,322.0,327.0,0.0,352.0,2422.0,322.0,0.0,5.0,0.0,0.0
2026,,,UA,ORD,CVG,25.0,14.0,0.0,47.0,264.0,,,,,
2026,,,AS,SAN,HNL,140.0,120.0,0.0,324.0,2614.0,120.0,0.0,0.0,0.0,0.0
2026,,,OO,ORD,ATW,136.0,142.0,0.0,37.0,160.0,0.0,0.0,6.0,0.0,136.0
2026,,,WN,FLL,BNA,8.0,32.0,0.0,126.0,793.0,5.0,0.0,24.0,0.0,3.0
2026,,,WN,HOU,SAT,22.0,8.0,0.0,37.0,192.0,,,,,
2026,,,YX,AUS,ORD,12.0,-17.0,0.0,119.0,977.0,,,,,
2026,,,AS,OGG,HNL,4.0,6.0,0.0,21.0,101.0,,,,,
2026,,,OO,IND,AUS,9.0,-2.0,0.0,154.0,919.0,,,,,
2026,,,DL,IAH,ATL,1.0,-16.0,0.0,85.0,689.0,,,,,
2026,,,AS,DCA,LAX,8.0,0.0,0.0,325.0,2311.0,,,,,
2026,,,DL,EWR,ATL,33.0,16.0,0.0,112.0,746.0,6.0,0.0,0.0,0.0,10.0
2026,,,WN,MCO,DAL,5.0,-10.0,0.0,144.0,973.0,,,,,
2026,,,B6,EYW,BOS,7.0,-5.0,0.0,181.0,1373.0,,,,,
2026,,,UA,IAH,MEM,14.0,16.0,0.0,63.0,468.0,14.0,0.0,2.0,0.0,0.0
2026,,,OO,SEA,PDX,27.0,28.0,0.0,26.0,129.0,27.0,0.0,1.0,0.0,0.0
2026,,,9E,IND,MCO,157.0,204.0,0.0,103.0,829.0,157.0,0.0,47.0,0.0,0.0
2026,,,WN,LAX,SMF,28.0,9.0,0.0,63.0,373.0,,,,,
2026,,,AS,HNL,LIH,18.0,18.0,0.0,23.0,102.0,0.0,0.0,0.0,0.0,18.0
2026,,,OH,PHL,SAV,36.0,12.0,0.0,94.0,630.0,,,,,
2026,,,OO,ORD,MKE,37.0,27.0,0.0,20.0,67.0,27.0,0.0,0.0,0.0,0.0
2026,,,MQ,SLC,ORD,10.0,-4.0,0.0,140.0,1250.0,,,,,
2026,,,AA,DFW,MKE,16.0,7.0,0.0,111.0,853.0,,,,,
2026,,,9E,CWA,MSP,10.0,12.0,0.0,38.0,174.0,,,,,
2026,,,9E,BUF,JFK,11.0,91.0,0.0,64.0,301.0,0.0,11.0,80.0,0.0,0.0
2026,,,AA,ORD,TPA,20.0,44.0,0.0,128.0,1012.0,10.0,0.0,24.0,0.0,10.0
2026,,,UA,IAH,LGA,14.0,-5.0,0.0,143.0,1416.0,,,,,
2026,,,OO,SGU,LAX,3.0,-17.0,0.0,54.0,349.0,,,,,
2026,,,UA,ORD,BUF,22.0,16.0,0.0,68.0,474.0,0.0,16.0,0.0,0.0,0.0
2026,,,WN,SMF,KOA,28.0,26.0,0.0,329.0,2435.0,26.0,0.0,0.0,0.0,0.0
2026,,,OO,DEN,DRO,42.0,46.0,0.0,54.0,251.0,42.0,0.0,4.0,0.0,0.0
2026,,,AA,PBI,LGA,87.0,76.0,0.0,140.0,1035.0,0.0,0.0,0.0,0.0,76.0
2026,,,OO,DEN,ABQ,5.0,-20.0,0.0,53.0,349.0,,,,,
2026,,,NK,SJU,EWR,40.0,34.0,0.0,225.0,1608.0,0.0,0.0,2.0,0.0,32.0
2026,,,YV,SDF,IAH,280.0,250.0,0.0,120.0,788.0,250.0,0.0,0.0,0.0,0.0
2026,,,AA,MDT,CLT,7.0,-5.0,0.0,66.0,413.0,,,,,
2026,,,WN,DEN,LAX,3.0,-4.0,0.0,132.0,862.0,,,,,
2026,,,AA,PHL,MIA,39.0,37.0,0.0,139.0,1013.0,0.0,0.0,37.0,0.0,0.0
2026,,,DL,DEN,LGA,11.0,-5.0,0.0,172.0,1620.0,,,,,
2026,,,AA,MIA,MCO,78.0,78.0,0.0,35.0,192.0,0.0,0.0,0.0,0.0,78.0
2026,,,AS,PHX,SEA,588.0,581.0,0.0,169.0,1107.0,0.0,0.0,0.0,0.0,581.0
2026,,,WN,SMF,DEN,19.0,5.0,0.0,106.0,909.0,,,,,
2026,,,WN,BNA,FLL,3.0,0.0,0.0,115.0,793.0,,,,,
2026,,,AS,LAX,HNL,7.0,-18.0,0.0,316.0,2556.0,,,,,
2026,,,AS,HNL,OGG,10.0,8.0,0.0,20.0,101.0,,,,,
2026,,,WN,PIT,DEN,24.0,8.0,0.0,185.0,1290.0,,,,,
2026,,,YX,LGA,STL,9.0,7.0,0.0,154.0,888.0,,,,,
2026,,,AA,PBI,PHL,260.0,311.0,0.0,106.0,951.0,260.0,0.0,51.0,0.0,0.0
2026,,,WN,MDW,PIT,5.0,-6.0,0.0,52.0,402.0,,,,,
2026,,,YV,IAH,SDF,81.0,71.0,0.0,106.0,788.0,0.0,0.0,0.0,0.0,71.0
2026,,,UA,FAR,DEN,5.0,-1.0,0.0,100.0,627.0,,,,,
2026,,,WN,SLC,SMF,15.0,16.0,0.0,81.0,532.0,15.0,0.0,1.0,0.0,0.0
2026,,,WN,DEN,HOU,39.0,18.0,0.0,109.0,883.0,18.0,0.0,0.0,0.0,0.0
2026,,,G4,FLL,CAE,13.0,19.0,0.0,85.0,545.0,0.0,0.0,6.0,0.0,13.0
2026,,,MQ,ORD,SPI,15.0,-3.0,0.0,35.0,174.0,,,,,
2026,,,F9,CLT,MCO,24.0,20.0,0.0,71.0,468.0,0.0,0.0,0.0,0.0,20.0
2026,,,MQ,PHX,SEA,47.0,17.0,0.0,155.0,1107.0,0.0,0.0,0.0,0.0,17.0
2026,,,OO,SEA,PDX,94.0,81.0,0.0,29.0,129.0,0.0,81.0,0.0,0.0,0.0
2026,,,AA,MIA,MSY,16.0,11.0,0.0,103.0,674.0,,,,,
2026,,,YX,LGA,DCA,1.0,1.0,0.0,54.0,214.0,,,,,
2026,,,DL,SLC,SJC,33.0,13.0,0.0,85.0,584.0,,,,,
2026,,,WN,LAS,SJC,111.0,116.0,0.0,70.0,386.0,47.0,0.0,5.0,0.0,64.0
2026,,,OO,MEM,ORD,18.0,17.0,0.0,84.0,491.0,0.0,0.0,0.0,0.0,17.0
2026,,,UA,ORD,SAN,14.0,-12.0,0.0,217.0,1723.0,,,,,
2026,,,WN,DEN,LAS,3.0,-19.0,0.0,86.0,628.0,,,,,
2026,,,AA,PHX,RNO,76.0,91.0,0.0,104.0,601.0,6.0,0.0,15.0,0.0,70.0
2026,,,AA,DFW,MCO,96.0,102.0,0.0,127.0,985.0,40.0,0.0,6.0,0.0,56.0
2026,,,UA,IAD,DEN,6.0,-3.0,0.0,212.0,1452.0,,,,,
2026,,,AS,ATL,SAN,11.0,-8.0,0.0,258.0,1892.0,,,,,
2026,,,B6,SJU,MCO,38.0,29.0,0.0,170.0,1188.0,10.0,0.0,0.0,0.0,19.0
2026,,,OO,SFO,SNA,102.0,129.0,0.0,67.0,372.0,102.0,0.0,27.0,0.0,0.0
2026,,,OH,DFW,LAW,13.0,0.0,0.0,29.0,140.0,,,,,
2026,,,MQ,ORD,CID,18.0,5.0,0.0,36.0,196.0,,,,,
2026,,,DL,EGE,ATL,45.0,5.0,0.0,141.0,1312.0,,,,,
2026,,,DL,ATL,PIT,6.0,2.0,0.0,78.0,526.0,,,,,
2026,,,DL,MSP,FAR,13.0,7.0,0.0,46.0,223.0,,,,,
2026,,,WN,ONT,DEN,8.0,-1.0,0.0,104.0,819.0,,,,,
2026,,,WN,ABQ,BWI,15.0,3.0,0.0,185.0,1670.0,,,,,
2026,,,WN,AUS,LAS,13.0,4.0,0.0,155.0,1090.0,,,,,
2026,,,B6,JFK,BOS,9.0,1.0,0.0,39.0,187.0,,,,,
2026,,,B6,SFO,BOS,33.0,22.0,0.0,291.0,2704.0,22.0,0.0,0.0,0.0,0.0
2026,,,UA,ORD,LAX,34.0,20.0,0.0,226.0,1744.0,0.0,0.0,0.0,0.0,20.0
2026,,,G7,ATW,ORD,2.0,-3.0,0.0,52.0,160.0,,,,,
2026,,,G4,AZA,FNT,17.0,25.0,0.0,198.0,1650.0,17.0,0.0,8.0,0.0,0.0
2026,,,NK,BWI,MCO,153.0,140.0,0.0,119.0,787.0,10.0,0.0,1.0,0.0,129.0
2026,,,DL,SFO,ATL,10.0,-22.0,0.0,219.0,2139.0,,,,,
2026,,,YX,PWM,LGA,236.0,245.0,0.0,65.0,269.0,0.0,0.0,245.0,0.0,0.0
2026,,,DL,MCO,ATL,18.0,-6.0,0.0,61.0,404.0,,,,,
2026,,,MQ,TUL,DFW,51.0,42.0,0.0,49.0,237.0,15.0,0.0,0.0,0.0,27.0
2026,,,WN,DEN,LAX,6.0,10.0,0.0,119.0,862.0,,,,,
2026,,,OO,ORD,ABQ,1.0,-18.0,0.0,167.0,1118.0,,,,,
2026,,,AA,FLL,DFW,13.0,-12.0,0.0,161.0,1119.0,,,,,
2026,,,WN,DAL,OMA,35.0,21.0,0.0,75.0,586.0,21.0,0.0,0.0,0.0,0.0
2026,,,NK,MIA,ATL,159.0,176.0,0.0,96.0,594.0,0.0,0.0,176.0,0.0,0.0
2026,,,OO,ORD,MKE,85.0,103.0,0.0,32.0,67.0,0.0,0.0,18.0,0.0,85.0
2026,,,AA,TUL,DFW,37.0,34.0,0.0,47.0,237.0,2.0,0.0,0.0,0.0,32.0
2026,,,UA,PDX,EWR,13.0,-21.0,0.0,251.0,2434.0,,,,,
2026,,,DL,SEA,PHX,64.0,59.0,0.0,150.0,1107.0,6.0,0.0,0.0,0.0,53.0
2026,,,MQ,STL,ORD,64.0,90.0,0.0,61.0,258.0,0.0,12.0,26.0,0.0,52.0
2026,,,WN,DEN,CVG,11.0,-10.0,0.0,121.0,1069.0,,,,,
2026,,,MQ,FSD,PHX,6.0,-46.0,0.0,131.0,1081.0,,,,,
2026,,,DL,SAN,MSP,9.0,-16.0,0.0,163.0,1532.0,,,,,
2026,,,WN,DEN,OKC,4.0,-5.0,0.0,62.0,495.0,,,,,
2026,,,AS,SEA,IND,15.0,36.0,0.0,209.0,1866.0,6.0,0.0,21.0,0.0,9.0
2026,,,WN,MDW,SAN,4.0,-24.0,0.0,212.0,1728.0,,,,,
2026,,,DL,ATL,ORF,252.0,242.0,0.0,71.0,516.0,0.0,242.0,0.0,0.0,0.0
2026,,,DL,TPA,LGA,4.0,0.0,0.0,137.0,1010.0,,,,,
2026,,,PT,CLT,TLH,18.0,8.0,0.0,71.0,386.0,,,,,
2026,,,WN,SFO,DEN,41.0,39.0,0.0,115.0,967.0,39.0,0.0,0.0,0.0,0.0
2026,,,YX,IAH,DCA,46.0,32.0,0.0,148.0,1208.0,0.0,0.0,32.0,0.0,0.0
2026,,,B6,BOS,LAX,3.0,-43.0,0.0,328.0,2611.0,,,,,
2026,,,OO,ORD,CLE,255.0,276.0,0.0,52.0,316.0,0.0,255.0,21.0,0.0,0.0
2026,,,WN,MSY,LAX,3.0,2.0,0.0,247.0,1671.0,,,,,
2026,,,OO,SLC,IDA,1.0,-3.0,0.0,40.0,189.0,,,,,
2026,,,9E,ATL,CHO,4.0,2.0,0.0,69.0,457.0,,,,,
2026,,,DL,LAX,SEA,13.0,-7.0,0.0,136.0,954.0,,,,,
2026,,,WN,MDW,LGA,11.0,8.0,0.0,95.0,725.0,,,,,
2026,,,AA,DFW,TUS,154.0,144.0,0.0,119.0,813.0,0.0,68.0,0.0,0.0,76.0
2026,,,AS,LAX,LIH,5.0,-12.0,0.0,326.0,2615.0,,,,,
2026,,,WN,BNA,LGA,10.0,-10.0,0.0,98.0,764.0,,,,,
2026,,,OH,MSY,DCA,49.0,48.0,0.0,123.0,969.0,0.0,0.0,0.0,0.0,48.0
2026,,,OO,ORD,CVG,2.0,-13.0,0.0,44.0,264.0,,,,,
2026,,,MQ,SEA,PHX,23.0,7.0,0.0,140.0,1107.0,,,,,
2026,,,DL,PIT,ATL,287.0,282.0,0.0,82.0,526.0,0.0,282.0,0.0,0.0,0.0
2026,,,AA,DFW,TUS,35.0,28.0,0.0,120.0,813.0,24.0,0.0,0.0,0.0,4.0
2026,,,OO,PHX,ASE,239.0,218.0,0.0,76.0,491.0,0.0,0.0,0.0,0.0,218.0
2026,,,QX,ICT,SEA,9.0,-5.0,0.0,208.0,1430.0,,,,,
2026,,,WN,MCO,MDW,4.0,-4.0,0.0,144.0,990.0,,,,,
2026,,,WN,SRQ,MCO,2.0,10.0,0.0,26.0,104.0,,,,,
2026,,,OO,ORD,BUF,376.0,379.0,0.0,66.0,474.0,0.0,0.0,3.0,0.0,376.0
2026,,,AA,MIA,STX,46.0,31.0,0.0,132.0,1139.0,0.0,0.0,0.0,0.0,31.0
2026,,,WN,HOU,CHS,10.0,0.0,0.0,109.0,928.0,,,,,
2026,,,B6,LAS,JFK,21.0,-11.0,0.0,240.0,2248.0,,,,,
2026,,,F9,IAH,PHL,95.0,108.0,0.0,176.0,1325.0,8.0,0.0,13.0,0.0,87.0
2026,,,UA,MCO,SFO,204.0,197.0,0.0,343.0,2446.0,0.0,0.0,197.0,0.0,0.0
2026,,,YX,ORD,IND,144.0,130.0,0.0,32.0,177.0,130.0,0.0,0.0,0.0,0.0
2026,,,9E,MSP,PIT,3.0,0.0,0.0,98.0,726.0,,,,,
2026,,,NK,ORD,MSY,22.0,13.0,0.0,120.0,837.0,,,,,
2026,,,NK,ATL,FLL,42.0,50.0,0.0,86.0,581.0,0.0,0.0,8.0,0.0,42.0
2026,,,UA,PBI,IAD,6.0,15.0,0.0,118.0,859.0,6.0,0.0,9.0,0.0,0.0
2026,,,OO,SLC,BOI,12.0,13.0,0.0,58.0,290.0,,,,,
2026,,,UA,DEN,IAH,34.0,61.0,0.0,113.0,861.0,28.0,0.0,27.0,0.0,6.0
2026,,,DL,EYW,ATL,63.0,53.0,0.0,106.0,646.0,0.0,0.0,0.0,0.0,53.0
2026,,,OO,DFW,COS,18.0,-5.0,0.0,87.0,592.0,,,,,
2026,,,WN,SAN,SMF,7.0,-14.0,0.0,67.0,480.0,,,,,
2026,,,B6,FLL,PHL,15.0,-7.0,0.0,129.0,993.0,,,,,
2026,,,G4,PIE,AVL,107.0,106.0,0.0,76.0,519.0,0.0,0.0,0.0,0.0,106.0
2026,,,UA,MCO,ORD,5.0,-3.0,0.0,151.0,1005.0,,,,,
2026,,,OH,DFW,GPT,4.0,-11.0,0.0,62.0,500.0,,,,,
2026,,,WN,BNA,ONT,16.0,3.0,0.0,246.0,1751.0,,,,,
2026,,,AA,CLT,BWI,135.0,120.0,0.0,53.0,361.0,51.0,0.0,0.0,0.0,69.0
2026,,,OO,IDA,DFW,233.0,285.0,0.0,133.0,1095.0,0.0,233.0,52.0,0.0,0.0
2026,,,OO,FOD,ORD,49.0,75.0,0.0,52.0,324.0,0.0,0.0,26.0,0.0,49.0
2026,,,WN,MIA,MCO,3.0,-2.0,0.0,41.0,192.0,,,,,
2026,,,YX,CMH,ORD,4.0,-21.0,0.0,51.0,296.0,,,,,
2026,,,WN,DEN,IAD,3.0,-15.0,0.0,158.0,1452.0,,,,,
2026,,,WN,MEM,DAL,4.0,-6.0,0.0,68.0,423.0,,,,,
2026,,,G7,ORD,GRR,20.0,7.0,0.0,29.0,137.0,,,,,
2026,,,WN,DAL,LBB,7.0,-2.0,0.0,50.0,293.0,,,,,
2026,,,YV,IAH,STL,22.0,4.0,0.0,91.0,667.0,,,,,
2026,,,AA,ORD,MCO,24.0,16.0,0.0,130.0,1005.0,0.0,0.0,0.0,0.0,16.0
2026,,,DL,ATL,PHL,41.0,39.0,0.0,92.0,666.0,39.0,0.0,0.0,0.0,0.0
2026,,,WN,LAX,DAL,40.0,34.0,0.0,149.0,1246.0,0.0,0.0,34.0,0.0,0.0
2026,,,WN,MDW,TPA,10.0,31.0,0.0,147.0,997.0,0.0,0.0,21.0,0.0,10.0
2026,,,G7,RIC,EWR,86.0,95.0,0.0,51.0,277.0,86.0,0.0,9.0,0.0,0.0
2026,,,G4,LAS,ATW,87.0,80.0,0.0,182.0,1510.0,1.0,0.0,0.0,0.0,79.0
2026,,,AS,LAS,SFO,2.0,-1.0,0.0,68.0,414.0,,,,,
2026,,,WN,LAS,SAN,1.0,-9.0,0.0,44.0,258.0,,,,,
2026,,,MQ,DCA,MSP,8.0,-13.0,0.0,141.0,931.0,,,,,
2026,,,DL,CHS,ATL,22.0,17.0,0.0,49.0,259.0,0.0,0.0,0.0,0.0,17.0
2026,,,OO,AZO,DTW,46.0,48.0,0.0,26.0,113.0,46.0,0.0,2.0,0.0,0.0
2026,,,DL,SLC,DFW,10.0,-10.0,0.0,124.0,989.0,,,,,
2026,,,9E,BIS,MSP,10.0,-12.0,0.0,59.0,386.0,,,,,
2026,,,UA,FLL,EWR,2.0,-22.0,0.0,132.0,1065.0,,,,,
2026,,,AS,RNO,SEA,14.0,-9.0,0.0,82.0,564.0,,,,,
2026,,,OH,DCA,JAN,155.0,171.0,0.0,150.0,860.0,10.0,0.0,16.0,0.0,145.0
2026,,,AA,JAX,CLT,2.0,-4.0,0.0,54.0,328.0,,,,,
2026,,,NK,FLL,LGA,36.0,26.0,0.0,135.0,1076.0,4.0,0.0,1.0,0.0,21.0
2026,,,AA,MIA,ORD,38.0,27.0,0.0,168.0,1197.0,5.0,0.0,0.0,0.0,22.0
2026,,,WN,DSM,LAS,70.0,75.0,0.0,178.0,1216.0,0.0,0.0,75.0,0.0,0.0
2026,,,DL,OKC,ATL,89.0,67.0,0.0,84.0,761.0,67.0,0.0,0.0,0.0,0.0
2026,,,AS,SEA,HNL,15.0,-17.0,0.0,309.0,2677.0,,,,,
2026,,,UA,ORD,MCO,5.0,-14.0,0.0,112.0,1005.0,,,,,
2026,,,AA,DFW,BFL,19.0,17.0,0.0,186.0,1271.0,17.0,0.0,0.0,0.0,0.0
2026,,,AA,LAX,DFW,8.0,-4.0,0.0,146.0,1235.0,,,,,
2026,,,WN,BWI,DAL,80.0,90.0,0.0,177.0,1209.0,73.0,0.0,10.0,0.0,7.0
2026,,,AA,BOS,DCA,42.0,66.0,0.0,78.0,399.0,0.0,0.0,24.0,0.0,42.0
2026,,,OO,ORD,CLE,135.0,201.0,0.0,45.0,316.0,135.0,0.0,66.0,0.0,0.0
2026,,,OO,RAP,DEN,34.0,54.0,0.0,53.0,301.0,0.0,0.0,20.0,0.0,34.0
2026,,,F9,JFK,ATL,4.0,12.0,0.0,115.0,760.0,,,,,
2026,,,OO,DTW,GRR,228.0,234.0,0.0,26.0,120.0,228.0,0.0,6.0,0.0,0.0
2026,,,G7,IAD,BTV,105.0,110.0,0.0,73.0,441.0,10.0,0.0,5.0,0.0,95.0
2026,,,MQ,ORD,RIC,13.0,12.0,0.0,89.0,642.0,,,,,
2026,,,DL,MIA,DCA,278.0,305.0,0.0,127.0,919.0,5.0,0.0,41.0,0.0,259.0
2026,,,AA,PBI,LGA,27.0,20.0,0.0,133.0,1035.0,20.0,0.0,0.0,0.0,0.0
2026,,,UA,ORD,RSW,53.0,41.0,0.0,142.0,1120.0,10.0,0.0,0.0,0.0,31.0
2026,,,UA,LAX,IAH,16.0,13.0,0.0,170.0,1379.0,,,,,
2026,,,MQ,HSV,DFW,116.0,87.0,0.0,101.0,603.0,42.0,0.0,0.0,0.0,45.0
2026,,,NK,FLL,BOS,51.0,67.0,0.0,147.0,1237.0,0.0,0.0,67.0,0.0,0.0
2026,,,OH,DCA,DAY,13.0,22.0,0.0,78.0,391.0,13.0,0.0,9.0,0.0,0.0
2026,,,WN,IND,MCO,9.0,-16.0,0.0,102.0,829.0,,,,,
2026,,,UA,ORD,SEA,2.0,6.0,0.0,233.0,1721.0,,,,,
2026,,,9E,PIT,JFK,6.0,-6.0,0.0,62.0,340.0,,,,,
2026,,,OO,COU,ORD,32.0,59.0,0.0,57.0,315.0,0.0,0.0,59.0,0.0,0.0
2026,,,OO,ICT,ORD,154.0,152.0,0.0,91.0,588.0,152.0,0.0,0.0,0.0,0.0
2026,,,G4,PGD,DSM,2.0,-18.0,0.0,160.0,1206.0,,,,,
2026,,,MQ,BIL,DFW,5.0,2.0,0.0,135.0,1081.0,,,,,
2026,,,G7,TVC,ORD,60.0,70.0,0.0,40.0,224.0,60.0,0.0,10.0,0.0,0.0
2026,,,MQ,GNV,MIA,8.0,22.0,0.0,55.0,294.0,7.0,0.0,14.0,0.0,1.0
2026,,,DL,ATL,LEX,4.0,6.0,0.0,51.0,304.0,,,,,
2026,,,UA,FAT,DEN,254.0,253.0,0.0,115.0,844.0,0.0,253.0,0.0,0.0,0.0
2026,,,DL,ATL,MCO,33.0,26.0,0.0,59.0,404.0,10.0,0.0,0.0,0.0,16.0
2026,,,AS,HNL,LIH,14.0,10.0,0.0,22.0,102.0,,,,,
2026,,,OO,LNK,DEN,3.0,7.0,0.0,87.0,423.0,,,,,
2026,,,DL,DTW,LAS,45.0,73.0,0.0,258.0,1749.0,21.0,0.0,28.0,0.0,24.0
2026,,,MQ,BHM,MIA,15.0,13.0,0.0,99.0,661.0,,,,,
2026,,,WN,PIT,LAS,11.0,9.0,0.0,271.0,1910.0,,,,,
2026,,,UA,EWR,ATL,21.0,-1.0,0.0,108.0,746.0,,,,,
2026,,,OO,SAN,PHX,26.0,24.0,0.0,51.0,304.0,0.0,0.0,0.0,0.0,24.0
2026,,,DL,SLC,MCO,3.0,-6.0,0.0,228.0,1931.0,,,,,
2026,,,F9,PHL,FLL,5.0,39.0,0.0,138.0,993.0,0.0,0.0,34.0,0.0,5.0
2026,,,DL,SLC,IDA,26.0,9.0,0.0,34.0,189.0,,,,,
2026,,,DL,JAX,LGA,41.0,53.0,0.0,122.0,834.0,0.0,0.0,12.0,0.0,41.0
2026,,,AS,SEA,BOS,12.0,-7.0,0.0,278.0,2496.0,,,,,
2026,,,YX,ORD,CHS,26.0,22.0,0.0,89.0,760.0,3.0,0.0,0.0,0.0,19.0
2026,,,UA,ORD,IAH,11.0,10.0,0.0,129.0,925.0,,,,,
2026,,,G4,FLL,USA,58.0,63.0,0.0,91.0,643.0,0.0,0.0,5.0,0.0,58.0
2026,,,UA,EWR,ORF,6.0,-7.0,0.0,56.0,284.0,,,,,
2026,,,DL,FLL,ATL,211.0,181.0,0.0,79.0,581.0,8.0,0.0,0.0,0.0,173.0
2026,,,UA,BOS,SFO,3.0,-29.0,0.0,346.0,2704.0,,,,,
2026,,,AA,DFW,MIA,134.0,124.0,0.0,120.0,1121.0,104.0,0.0,0.0,0.0,20.0
2026,,,WN,ATL,DCA,83.0,70.0,0.0,74.0,547.0,70.0,0.0,0.0,0.0,0.0
2026,,,UA,CLE,TPA,3.0,-11.0,0.0,132.0,927.0,,,,,
2026,,,AA,MIA,PHL,4.0,-3.0,0.0,122.0,1013.0,,,,,
2026,,,AA,DFW,TPA,6.0,1.0,0.0,111.0,929.0,,,,,
2026,,,WN,PHX,SLC,13.0,5.0,0.0,76.0,507.0,,,,,
2026,,,WN,DEN,ATL,51.0,77.0,0.0,133.0,1199.0,11.0,0.0,26.0,0.0,40.0
2026,,,YV,ELP,IAH,29.0,17.0,0.0,83.0,667.0,0.0,0.0,0.0,0.0,17.0
2026,,,WN,MDW,PHL,70.0,67.0,0.0,85.0,668.0,0.0,0.0,0.0,0.0,67.0
2026,,,DL,DTW,ATL,9.0,7.0,0.0,89.0,594.0,,,,,
2026,,,UA,DEN,SDF,5.0,-5.0,0.0,118.0,1024.0,,,,,
2026,,,DL,MIA,ATL,62.0,72.0,0.0,95.0,594.0,49.0,0.0,10.0,0.0,13.0
2026,,,DL,PDX,LAX,78.0,80.0,0.0,127.0,833.0,0.0,0.0,2.0,0.0,78.0
2026,,,WN,BNA,TPA,14.0,2.0,0.0,89.0,612.0,,,,,
2026,,,OO,ACV,SFO,2.0,3.0,0.0,43.0,250.0,,,,,
2026,,,AS,SEA,LAX,53.0,25.0,0.0,114.0,954.0,0.0,0.0,0.0,0.0,25.0
2026,,,G4,MCO,TYS,356.0,340.0,0.0,80.0,532.0,340.0,0.0,0.0,0.0,0.0
2026,,,OO,PHX,LAX,91.0,103.0,0.0,64.0,370.0,0.0,91.0,12.0,0.0,0.0
2026,,,PT,CLT,ERI,9.0,-8.0,0.0,70.0,475.0,,,,,
2026,,,AA,MIA,CLE,7.0,-14.0,0.0,144.0,1080.0,,,,,
2026,,,AS,OGG,KOA,14.0,12.0,0.0,21.0,84.0,,,,,
2026,,,WN,ONT,DEN,5.0,-9.0,0.0,99.0,819.0,,,,,
2026,,,UA,IAD,LAX,3.0,-17.0,0.0,305.0,2288.0,,,,,
2026,,,AA,CLT,PHX,143.0,141.0,0.0,256.0,1773.0,141.0,0.0,0.0,0.0,0.0
2026,,,DL,LAS,ATL,8.0,-16.0,0.0,193.0,1747.0,,,,,
2026,,,MQ,MIA,IND,142.0,150.0,0.0,146.0,1020.0,72.0,0.0,8.0,0.0,70.0
2026,,,UA,DEN,PDX,216.0,230.0,0.0,143.0,991.0,216.0,0.0,14.0,0.0,0.0
2026,,,WN,AUS,LAS,28.0,44.0,0.0,162.0,1090.0,0.0,0.0,16.0,0.0,28.0
2026,,,DL,JAX,BOS,12.0,5.0,0.0,129.0,1011.0,,,,,
2026,,,AA,PHL,RDU,22.0,15.0,0.0,63.0,337.0,0.0,0.0,0.0,0.0,15.0
2026,,,B6,JAX,BOS,66.0,45.0,0.0,118.0,1011.0,37.0,0.0,0.0,0.0,8.0
2026,,,AA,LGA,MCO,81.0,87.0,0.0,141.0,950.0,0.0,0.0,87.0,0.0,0.0
2026,,,OO,LAX,SLC,114.0,119.0,0.0,88.0,590.0,114.0,0.0,5.0,0.0,0.0
2026,,,OO,IDA,DFW,36.0,32.0,0.0,130.0,1095.0,0.0,32.0,0.0,0.0,0.0
2026,,,WN,CMH,MCO,19.0,10.0,0.0,120.0,802.0,,,,,
2026,,,NK,FLL,DFW,39.0,17.0,0.0,167.0,1119.0,17.0,0.0,0.0,0.0,0.0
2026,,,AS,SEA,SNA,3.0,-11.0,0.0,128.0,978.0,,,,,
2026,,,AS,HNL,PDX,21.0,12.0,0.0,300.0,2603.0,,,,,
2026,,,MQ,BUF,DCA,184.0,178.0,0.0,56.0,296.0,0.0,0.0,45.0,0.0,133.0
2026,,,MQ,AGS,DFW,6.0,-4.0,0.0,150.0,874.0,,,,,
2026,,,NK,LBE,MCO,82.0,88.0,0.0,127.0,823.0,0.0,0.0,6.0,0.0,82.0
2026,,,AA,DCA,PVD,17.0,15.0,0.0,57.0,356.0,0.0,0.0,0.0,0.0,15.0
2026,,,UA,ORD,DEN,2.0,-12.0,0.0,135.0,888.0,,,,,
2026,,,OH,DCA,BGR,87.0,79.0,0.0,72.0,590.0,0.0,0.0,0.0,0.0,79.0
2026,,,AS,LAS,PDX,30.0,20.0,0.0,115.0,763.0,20.0,0.0,0.0,0.0,0.0
2026,,,9E,JFK,CLE,25.0,24.0,0.0,90.0,425.0,0.0,0.0,0.0,0.0,24.0
2026,,,OH,MSY,DCA,200.0,189.0,0.0,116.0,969.0,147.0,0.0,0.0,0.0,42.0
2026,,,WN,HOU,ATL,15.0,8.0,0.0,87.0,696.0,,,,,
2026,,,AA,DFW,CMH,51.0,33.0,0.0,105.0,926.0,0.0,0.0,0.0,0.0,33.0
2026,,,OO,SAN,EUG,28.0,25.0,0.0,121.0,850.0,0.0,0.0,0.0,0.0,25.0
2026,,,AS,HNL,LAS,1.0,2.0,0.0,311.0,2762.0,,,,,
2026,,,UA,ORD,EWR,6.0,-23.0,0.0,86.0,719.0,,,,,
2026,,,WN,LAS,MCO,7.0,-5.0,0.0,228.0,2039.0,,,,,
2026,,,UA,LAS,IAH,36.0,22.0,0.0,149.0,1222.0,0.0,0.0,0.0,0.0,22.0
2026,,,WN,MDW,LAS,12.0,-2.0,0.0,214.0,1521.0,,,,,
2026,,,AA,PHX,SNA,132.0,116.0,0.0,55.0,338.0,0.0,116.0,0.0,0.0,0.0
2026,,,F9,ATL,MCO,1.0,-16.0,0.0,60.0,404.0,,,,,
2026,,,UA,IAH,BOS,3.0,1.0,0.0,195.0,1597.0,,,,,
2026,,,AS,HNL,OGG,7.0,6.0,0.0,26.0,101.0,,,,,
2026,,,OO,SLC,BUR,2.0,-14.0,0.0,99.0,574.0,,,,,
2026,,,9E,ATL,CHA,41.0,54.0,0.0,25.0,106.0,41.0,0.0,13.0,0.0,0.0
2026,,,WN,ATL,DEN,2.0,-11.0,0.0,178.0,1199.0,,,,,
2026,,,F9,MCO,IND,127.0,142.0,0.0,138.0,829.0,127.0,0.0,15.0,0.0,0.0
2026,,,DL,DTW,BDL,106.0,102.0,0.0,63.0,549.0,102.0,0.0,0.0,0.0,0.0
2026,,,OO,ORD,MSP,16.0,5.0,0.0,66.0,334.0,,,,,
2026,,,AA,ORD,DFW,1.0,-32.0,0.0,102.0,802.0,,,,,
2026,,,OO,ICT,IAH,4.0,-15.0,0.0,86.0,542.0,,,,,
2026,,,AA,CLT,BNA,225.0,226.0,0.0,67.0,328.0,0.0,0.0,1.0,0.0,225.0
2026,,,UA,ORD,LAS,8.0,-20.0,0.0,196.0,1514.0,,,,,
2026,,,WN,TPA,MKE,50.0,122.0,0.0,156.0,1075.0,0.0,0.0,72.0,0.0,50.0
2026,,,UA,PHX,ORD,2.0,17.0,0.0,156.0,1440.0,0.0,0.0,17.0,0.0,0.0
2026,,,9E,ORF,MSP,22.0,49.0,0.0,196.0,1045.0,0.0,0.0,27.0,0.0,22.0
2026,,,AA,DFW,SAN,18.0,-1.0,0.0,162.0,1171.0,,,,,
2026,,,F9,DEN,OKC,9.0,4.0,0.0,70.0,495.0,,,,,
2026,,,WN,SJC,SAN,1.0,-5.0,0.0,63.0,417.0,,,,,
2026,,,UA,DCA,ORD,68.0,63.0,0.0,99.0,612.0,0.0,0.0,0.0,0.0,63.0
2026,,,AS,SEA,SLC,1.0,3.0,0.0,94.0,689.0,,,,,
2026,,,F9,ORD,PHL,154.0,121.0,0.0,82.0,678.0,0.0,0.0,0.0,0.0,121.0
2026,,,DL,ATL,GRR,78.0,78.0,0.0,99.0,640.0,78.0,0.0,0.0,0.0,0.0
2026,,,WN,SJU,FLL,115.0,124.0,0.0,161.0,1046.0,12.0,0.0,9.0,0.0,103.0
2026,,,DL,SFO,SEA,1.0,-21.0,0.0,96.0,679.0,,,,,
2026,,,WN,LAX,BNA,9.0,-17.0,0.0,202.0,1798.0,,,,,
2026,,,B6,SAN,JFK,25.0,-11.0,0.0,262.0,2446.0,,,,,
2026,,,WN,HOU,ABQ,19.0,4.0,0.0,112.0,759.0,,,,,
2026,,,OO,MSP,IMT,53.0,43.0,0.0,39.0,257.0,0.0,43.0,0.0,0.0,0.0
2026,,,OO,ALB,DTW,54.0,61.0,0.0,90.0,489.0,54.0,0.0,7.0,0.0,0.0
2026,,,G4,CVG,PIE,11.0,1.0,0.0,117.0,776.0,,,,,
2026,,,OO,IAH,XNA,9.0,12.0,0.0,71.0,438.0,,,,,
2026,,,WN,LAS,SMF,35.0,19.0,0.0,65.0,397.0,0.0,0.0,0.0,0.0,19.0
2026,,,C5,IAD,ROC,12.0,7.0,0.0,58.0,287.0,,,,,
2026,,,AA,PHX,DFW,2.0,-2.0,0.0,104.0,868.0,,,,,
2026,,,UA,CID,DEN,18.0,-4.0,0.0,95.0,692.0,,,,,
2026,,,DL,DFW,ATL,1.0,-17.0,0.0,91.0,731.0,,,,,
2026,,,AS,SEA,JNU,1.0,-24.0,0.0,124.0,909.0,,,,,
2026,,,DL,ATL,DFW,32.0,16.0,0.0,110.0,731.0,16.0,0.0,0.0,0.0,0.0
2026,,,WN,LAS,SAN,17.0,4.0,0.0,45.0,258.0,,,,,
2026,,,UA,OGG,SFO,7.0,14.0,0.0,289.0,2338.0,,,,,
2026,,,B6,LGA,FLL,17.0,5.0,0.0,153.0,1076.0,,,,,
2026,,,UA,IND,ORD,74.0,75.0,0.0,47.0,177.0,2.0,0.0,1.0,0.0,72.0
2026,,,WN,MKE,DAL,150.0,140.0,0.0,128.0,850.0,140.0,0.0,0.0,0.0,0.0
2026,,,WN,PHX,PDX,101.0,89.0,0.0,148.0,1010.0,89.0,0.0,0.0,0.0,0.0
2026,,,WN,HOU,LGB,38.0,21.0,0.0,188.0,1374.0,7.0,0.0,0.0,0.0,14.0
2026,,,AA,DFW,IAH,70.0,54.0,0.0,39.0,224.0,2.0,0.0,0.0,0.0,52.0
2026,,,DL,SFO,DTW,11.0,9.0,0.0,243.0,2079.0,,,,,
2026,,,UA,LAS,IAD,26.0,-9.0,0.0,214.0,2065.0,,,,,
2026,,,QX,SFO,PSP,34.0,34.0,0.0,68.0,421.0,34.0,0.0,0.0,0.0,0.0
2026,,,YV,LGA,IAH,112.0,89.0,0.0,228.0,1416.0,34.0,0.0,0.0,0.0,55.0
2026,,,AA,MIA,ORD,10.0,8.0,0.0,178.0,1197.0,,,,,
2026,,,YX,IAD,BTV,10.0,46.0,0.0,82.0,441.0,10.0,0.0,36.0,0.0,0.0
2026,,,AS,LAS,SEA,7.0,9.0,0.0,145.0,867.0,,,,,
2026,,,OO,DEN,BTM,146.0,141.0,0.0,104.0,578.0,0.0,0.0,0.0,0.0,141.0
2026,,,AA,JFK,LAX,15.0,-29.0,0.0,313.0,2475.0,,,,,
2026,,,AS,HNL,OGG,2.0,1.0,0.0,21.0,101.0,,,,,
2026,,,DL,LGA,BOS,11.0,-4.0,0.0,39.0,184.0,,,,,
2026,,,OO,PSP,SFO,171.0,135.0,0.0,69.0,421.0,135.0,0.0,0.0,0.0,0.0
2026,,,F9,FLL,PHL,12.0,-4.0,0.0,120.0,993.0,,,,,
2026,,,AS,SAN,IAD,5.0,-23.0,0.0,243.0,2253.0,,,,,
2026,,,F9,SFO,LAS,75.0,74.0,0.0,66.0,414.0,7.0,0.0,0.0,0.0,67.0
2026,,,NK,SJU,BWI,6.0,-14.0,0.0,212.0,1565.0,,,,,
2026,,,PT,RIC,PHL,32.0,71.0,0.0,40.0,198.0,0.0,8.0,39.0,0.0,24.0
2026,,,OO,DTW,PIT,11.0,50.0,0.0,40.0,201.0,0.0,11.0,39.0,0.0,0.0
2026,,,AA,DFW,MCO,37.0,20.0,0.0,118.0,985.0,9.0,0.0,0.0,0.0,11.0
2026,,,DL,SEA,ATL,1.0,14.0,0.0,244.0,2182.0,,,,,
2026,,,AA,CLT,SFO,9.0,2.0,0.0,320.0,2296.0,,,,,
2026,,,UA,LAS,EWR,11.0,-24.0,0.0,227.0,2227.0,,,,,
2026,,,AS,SEA,SFO,20.0,24.0,0.0,104.0,679.0,0.0,0.0,24.0,0.0,0.0
2026,,,F9,LAX,DEN,223.0,214.0,0.0,123.0,862.0,214.0,0.0,0.0,0.0,0.0
2026,,,G7,GRR,ORD,327.0,320.0,0.0,31.0,137.0,0.0,0.0,0.0,0.0,320.0
2026,,,G4,CVG,PBI,52.0,37.0,0.0,126.0,892.0,0.0,0.0,12.0,0.0,25.0
2026,,,WN,TUS,DEN,12.0,1.0,0.0,81.0,639.0,,,,,
2026,,,C5,IAD,ALB,1.0,-12.0,0.0,55.0,324.0,,,,,
2026,,,WN,LAS,SMF,1.0,-14.0,0.0,65.0,397.0,,,,,
2026,,,WN,DEN,SMF,42.0,25.0,0.0,128.0,909.0,0.0,0.0,0.0,0.0,25.0
2026,,,AA,ICT,DFW,76.0,65.0,0.0,46.0,328.0,65.0,0.0,0.0,0.0,0.0
2026,,,YV,IAH,SDF,9.0,16.0,0.0,115.0,788.0,9.0,0.0,7.0,0.0,0.0
2026,,,WN,BWI,SDF,6.0,7.0,0.0,85.0,495.0,,,,,
2026,,,WN,AUS,DEN,47.0,29.0,0.0,104.0,775.0,9.0,0.0,0.0,0.0,20.0
2026,,,YX,LGA,XNA,196.0,172.0,0.0,181.0,1147.0,133.0,0.0,0.0,0.0,39.0
2026,,,AA,PHX,DFW,40.0,35.0,0.0,114.0,868.0,0.0,0.0,0.0,35.0,0.0
2026,,,AS,MCO,SAN,12.0,20.0,0.0,295.0,2149.0,0.0,0.0,8.0,0.0,12.0
2026,,,AA,DFW,CLT,18.0,13.0,0.0,104.0,935.0,,,,,
2026,,,WN,SMF,SAN,31.0,20.0,0.0,62.0,480.0,1.0,0.0,0.0,0.0,19.0
2026,,,UA,EWR,PHX,2.0,8.0,0.0,311.0,2133.0,,,,,
2026,,,PT,RIC,PHL,25.0,22.0,0.0,39.0,198.0,0.0,0.0,0.0,0.0,22.0
2026,,,AS,LAX,HNL,90.0,57.0,0.0,309.0,2556.0,0.0,0.0,0.0,0.0,57.0
2026,,,AA,MIA,CHS,9.0,-1.0,0.0,72.0,489.0,,,,,
2026,,,B6,FLL,SFO,23.0,42.0,0.0,365.0,2584.0,23.0,0.0,19.0,0.0,0.0
2026,,,WN,SFO,SAN,244.0,259.0,0.0,79.0,447.0,0.0,0.0,15.0,0.0,244.0
2026,,,WN,MDW,HOU,42.0,26.0,0.0,134.0,937.0,0.0,0.0,0.0,0.0,26.0
2026,,,WN,BNA,MSP,21.0,2.0,0.0,102.0,695.0,,,,,
2026,,,PT,RIC,PHL,14.0,5.0,0.0,42.0,198.0,,,,,
2026,,,AA,CLT,TPA,17.0,-6.0,0.0,70.0,507.0,,,,,
2026,,,OO,SAN,FAT,44.0,45.0,0.0,51.0,314.0,0.0,0.0,1.0,0.0,44.0
2026,,,OO,SBN,ORD,46.0,90.0,0.0,23.0,84.0,0.0,0.0,44.0,0.0,46.0
2026,,,NK,ORD,MIA,138.0,103.0,0.0,145.0,1197.0,0.0,0.0,2.0,0.0,101.0
2026,,,WN,ONT,LAS,46.0,52.0,0.0,43.0,197.0,0.0,0.0,43.0,0.0,9.0
2026,,,AA,DFW,SJC,10.0,11.0,0.0,203.0,1438.0,,,,,
2026,,,WN,MDW,BNA,23.0,30.0,0.0,62.0,395.0,23.0,0.0,7.0,0.0,0.0
2026,,,AA,DSM,PHX,49.0,76.0,0.0,177.0,1149.0,49.0,0.0,27.0,0.0,0.0
2026,,,WN,LGA,STL,4.0,-13.0,0.0,145.0,888.0,,,,,
2026,,,OO,SLN,IAH,9.0,28.0,0.0,92.0,621.0,9.0,0.0,19.0,0.0,0.0
2026,,,AA,CLT,SJU,38.0,10.0,0.0,173.0,1475.0,,,,,
2026,,,UA,DEN,PDX,46.0,29.0,0.0,142.0,991.0,0.0,0.0,0.0,0.0,29.0
2026,,,B6,EWR,MCO,56.0,50.0,0.0,124.0,937.0,12.0,0.0,0.0,0.0,38.0
2026,,,YX,EWR,IND,33.0,5.0,0.0,97.0,645.0,,,,,
2026,,,MQ,LAN,ORD,81.0,89.0,0.0,38.0,179.0,0.0,0.0,8.0,0.0,81.0
2026,,,DL,ATL,CLT,2.0,-10.0,0.0,39.0,226.0,,,,,
2026,,,OH,GSP,DCA,69.0,52.0,0.0,69.0,396.0,10.0,0.0,0.0,0.0,42.0
2026,,,UA,DEN,CID,11.0,-11.0,0.0,71.0,692.0,,,,,
2026,,,WN,SAN,SMF,30.0,20.0,0.0,77.0,480.0,0.0,0.0,0.0,0.0,20.0
2026,,,UA,RDU,SFO,28.0,-2.0,0.0,320.0,2400.0,,,,,
2026,,,B6,HPN,MCO,17.0,-7.0,0.0,132.0,972.0,,,,,
2026,,,MQ,MKE,ORD,87.0,74.0,0.0,27.0,67.0,3.0,0.0,0.0,0.0,71.0
2026,,,AS,EWR,SAN,1.0,-7.0,0.0,346.0,2425.0,,,,,
2026,,,OH,SAV,PHL,1.0,-7.0,0.0,85.0,630.0,,,,,
2026,,,UA,DEN,RDU,14.0,1.0,0.0,171.0,1436.0,,,,,
2026,,,B6,BOS,TPA,25.0,14.0,0.0,178.0,1185.0,,,,,
2026,,,AA,DFW,FAT,54.0,45.0,0.0,186.0,1313.0,14.0,0.0,0.0,0.0,31.0
2026,,,DL,JFK,LAX,8.0,-23.0,0.0,341.0,2475.0,,,,,
2026,,,OO,DLH,ORD,31.0,24.0,0.0,66.0,397.0,24.0,0.0,0.0,0.0,0.0
2026,,,OO,DEN,ICT,103.0,79.0,0.0,54.0,420.0,0.0,0.0,0.0,0.0,79.0
2026,,,WN,MDW,SDF,120.0,107.0,0.0,46.0,271.0,96.0,0.0,0.0,0.0,11.0
2026,,,AA,CLT,BUF,90.0,80.0,0.0,81.0,546.0,80.0,0.0,0.0,0.0,0.0
2026,,,AA,CLT,PIT,11.0,2.0,0.0,57.0,366.0,,,,,
2026,,,NK,LGA,ORD,250.0,258.0,0.0,113.0,733.0,250.0,0.0,8.0,0.0,0.0
2026,,,QX,FCA,SEA,4.0,-19.0,0.0,67.0,379.0,,,,,
2026,,,B6,ALB,FLL,16.0,2.0,0.0,172.0,1204.0,,,,,
2026,,,C5,IAH,GPT,16.0,-4.0,0.0,51.0,377.0,,,,,
2026,,,9E,ATL,ABE,18.0,41.0,0.0,114.0,692.0,18.0,0.0,23.0,0.0,0.0
2026,,,WN,SMF,DEN,80.0,78.0,0.0,116.0,909.0,76.0,0.0,0.0,0.0,2.0
2026,,,YX,BOS,LGA,5.0,-10.0,0.0,45.0,184.0,,,,,
2026,,,WN,MDW,BWI,2.0,-7.0,0.0,80.0,611.0,,,,,
2026,,,F9,RDU,LGA,27.0,30.0,0.0,64.0,431.0,8.0,0.0,3.0,0.0,19.0
2026,,,B6,MCO,SYR,1.0,18.0,0.0,155.0,1053.0,1.0,0.0,17.0,0.0,0.0
2026,,,DL,SRQ,MSP,13.0,-9.0,0.0,182.0,1342.0,,,,,
2026,,,G7,GRR,ORD,106.0,107.0,0.0,33.0,137.0,106.0,0.0,1.0,0.0,0.0
2026,,,MQ,PNS,MIA,107.0,96.0,0.0,76.0,530.0,0.0,0.0,0.0,0.0,96.0
2026,,,UA,DSM,ORD,63.0,100.0,0.0,53.0,299.0,20.0,0.0,37.0,0.0,43.0
2026,,,OO,SFO,SMF,40.0,38.0,0.0,36.0,86.0,0.0,0.0,0.0,0.0,38.0
2026,,,YX,DCA,MSN,38.0,25.0,0.0,112.0,707.0,1.0,0.0,0.0,0.0,24.0
2026,,,OO,DEN,HSV,29.0,62.0,0.0,126.0,1048.0,29.0,0.0,33.0,0.0,0.0
2026,,,DL,ATL,FLL,24.0,19.0,0.0,80.0,581.0,19.0,0.0,0.0,0.0,0.0
2026,,,WN,STL,MCI,1.0,2.0,0.0,53.0,237.0,,,,,
2026,,,OO,MCI,ORD,7.0,17.0,0.0,62.0,403.0,7.0,0.0,10.0,0.0,0.0
2026,,,PT,PHL,CLE,9.0,5.0,0.0,71.0,363.0,,,,,
2026,,,OO,IAD,MGW,5.0,-10.0,0.0,35.0,140.0,,,,,
2026,,,DL,MSP,ATL,2.0,4.0,0.0,133.0,907.0,,,,,
2026,,,AA,MYR,DFW,2.0,10.0,0.0,176.0,1048.0,,,,,
2026,,,WN,BWI,SRQ,1.0,-4.0,0.0,144.0,880.0,,,,,
2026,,,UA,DFW,DEN,35.0,27.0,0.0,94.0,641.0,3.0,0.0,0.0,0.0,24.0
2026,,,DL,MIA,MSP,127.0,99.0,0.0,190.0,1501.0,2.0,0.0,0.0,0.0,97.0
2026,,,UA,IAH,PDX,3.0,-8.0,0.0,256.0,1825.0,,,,,
2026,,,OO,LAX,SMF,57.0,63.0,0.0,71.0,373.0,57.0,0.0,6.0,0.0,0.0
2026,,,OH,ILM,DCA,29.0,26.0,0.0,52.0,320.0,0.0,0.0,0.0,0.0,26.0
2026,,,UA,IAH,DCA,88.0,78.0,0.0,130.0,1208.0,0.0,0.0,78.0,0.0,0.0
2026,,,OO,GJT,DEN,33.0,18.0,0.0,41.0,212.0,18.0,0.0,0.0,0.0,0.0
2026,,,9E,ORF,JFK,1.0,5.0,0.0,54.0,290.0,,,,,
2026,,,OO,MKE,ORD,519.0,575.0,0.0,32.0,67.0,519.0,0.0,56.0,0.0,0.0
2026,,,G7,ORD,DAY,8.0,0.0,0.0,45.0,240.0,,,,,
2026,,,AA,DFW,SNA,4.0,1.0,0.0,160.0,1205.0,,,,,
2026,,,WN,LAS,LGB,41.0,28.0,0.0,42.0,231.0,28.0,0.0,0.0,0.0,0.0
2026,,,F9,MSP,DFW,14.0,5.0,0.0,117.0,852.0,,,,,
2026,,,DL,ATL,MCO,38.0,40.0,0.0,61.0,404.0,38.0,0.0,2.0,0.0,0.0
2026,,,UA,EWR,DEN,7.0,-9.0,0.0,232.0,1605.0,,,,,
2026,,,DL,MSY,ATL,4.0,-9.0,0.0,55.0,425.0,,,,,
2026,,,UA,JAC,DEN,20.0,-1.0,0.0,54.0,406.0,,,,,
2026,,,B6,LAX,JFK,11.0,-10.0,0.0,277.0,2475.0,,,,,
2026,,,MQ,AEX,DFW,24.0,12.0,0.0,56.0,285.0,,,,,
2026,,,OO,ORD,DTW,794.0,798.0,0.0,53.0,235.0,0.0,794.0,4.0,0.0,0.0
2026,,,WN,DAL,STL,9.0,-7.0,0.0,77.0,546.0,,,,,
2026,,,AS,HNL,SEA,2.0,-13.0,0.0,296.0,2677.0,,,,,
2026,,,OO,ORD,FNT,138.0,141.0,0.0,43.0,223.0,0.0,138.0,3.0,0.0,0.0
2026,,,DL,ORD,ATL,39.0,69.0,0.0,85.0,606.0,2.0,0.0,30.0,0.0,37.0
2026,,,WN,HOU,MSY,4.0,-3.0,0.0,43.0,303.0,,,,,
2026,,,YX,BOS,CLT,70.0,55.0,0.0,111.0,728.0,55.0,0.0,0.0,0.0,0.0
2026,,,NK,LAX,LAS,3.0,-1.0,0.0,42.0,236.0,,,,,
2026,,,WN,DAL,AUS,19.0,18.0,0.0,33.0,189.0,0.0,0.0,0.0,0.0,18.0
2026,,,WN,MIA,BWI,20.0,-4.0,0.0,124.0,946.0,,,,,
2026,,,DL,MSP,SAN,6.0,3.0,0.0,216.0,1532.0,,,,,
2026,,,OO,SFO,RDD,28.0,32.0,0.0,49.0,199.0,0.0,0.0,4.0,0.0,28.0
2026,,,OO,DEN,CPR,639.0,655.0,0.0,43.0,230.0,639.0,0.0,16.0,0.0,0.0
2026,,,DL,MSP,ATL,6.0,-39.0,0.0,105.0,907.0,,,,,
2026,,,MQ,DFW,SAT,118.0,104.0,0.0,47.0,247.0,36.0,0.0,0.0,0.0,68.0
2026,,,DL,OMA,ATL,7.0,-21.0,0.0,99.0,821.0,,,,,
2026,,,B6,BOS,DCA,2.0,-4.0,0.0,84.0,399.0,,,,,
2026,,,WN,MCO,SRQ,32.0,28.0,0.0,28.0,104.0,10.0,0.0,0.0,0.0,18.0
2026,,,UA,DEN,COS,2.0,-6.0,0.0,26.0,73.0,,,,,
2026,,,C5,IAD,SYR,13.0,16.0,0.0,51.0,295.0,13.0,0.0,3.0,0.0,0.0
2026,,,WN,DCA,STL,4.0,-6.0,0.0,126.0,719.0,,,,,
2026,,,QX,BOI,BZN,21.0,13.0,0.0,48.0,293.0,,,,,
2026,,,MQ,MIA,BHM,3.0,-14.0,0.0,98.0,661.0,,,,,
2026,,,PT,MDT,CLT,30.0,4.0,0.0,75.0,413.0,,,,,
2026,,,OH,CLT,SAV,4.0,1.0,0.0,53.0,213.0,,,,,
2026,,,B6,RSW,BOS,134.0,159.0,0.0,169.0,1249.0,6.0,0.0,25.0,0.0,128.0
2026,,,B6,FLL,HPN,3.0,-16.0,0.0,141.0,1097.0,,,,,
2026,,,DL,SEA,TPA,74.0,61.0,0.0,287.0,2520.0,4.0,0.0,0.0,0.0,57.0
2026,,,YX,DCA,CHS,2.0,-3.0,0.0,76.0,444.0,,,,,
2026,,,UA,EWR,DEN,44.0,34.0,0.0,234.0,1605.0,34.0,0.0,0.0,0.0,0.0
2026,,,AA,CLT,BWI,12.0,1.0,0.0,49.0,361.0,,,,,
2026,,,OO,DTW,CHS,187.0,181.0,0.0,105.0,667.0,181.0,0.0,0.0,0.0,0.0
2026,,,UA,EWR,SFO,228.0,226.0,0.0,358.0,2565.0,10.0,0.0,0.0,0.0,216.0
2026,,,UA,EWR,SFO,38.0,-12.0,0.0,303.0,2565.0,,,,,
2026,,,WN,DEN,DAL,16.0,0.0,0.0,82.0,651.0,,,,,
2026,,,G7,EWR,BUF,55.0,61.0,0.0,61.0,282.0,9.0,0.0,6.0,0.0,46.0
2026,,,DL,MCO,ATL,3.0,-5.0,0.0,64.0,404.0,,,,,
2026,,,WN,PHX,SFO,13.0,-11.0,0.0,91.0,651.0,,,,,
2026,,,NK,IND,EWR,32.0,23.0,0.0,86.0,645.0,0.0,23.0,0.0,0.0,0.0
2026,,,AA,TPA,MIA,8.0,40.0,0.0,45.0,204.0,8.0,0.0,32.0,0.0,0.0
2026,,,G7,RDU,IAD,1.0,-10.0,0.0,40.0,225.0,,,,,
2026,,,NK,EWR,MYR,47.0,25.0,0.0,82.0,550.0,5.0,0.0,1.0,0.0,19.0
2026,,,YV,DSM,IAH,13.0,-16.0,0.0,121.0,802.0,,,,,
2026,,,WN,MCO,PHL,1.0,-7.0,0.0,110.0,862.0,,,,,
2026,,,MQ,ORD,BNA,49.0,51.0,0.0,63.0,409.0,0.0,19.0,2.0,0.0,30.0
2026,,,UA,SLC,ORD,42.0,53.0,0.0,149.0,1250.0,42.0,0.0,11.0,0.0,0.0
2026,,,WN,PVD,MCO,13.0,-8.0,0.0,150.0,1072.0,,,,,
2026,,,WN,ABQ,DEN,21.0,12.0,0.0,51.0,349.0,,,,,
2026,,,NK,SJU,MCO,45.0,29.0,0.0,155.0,1188.0,29.0,0.0,0.0,0.0,0.0
2026,,,G4,SFB,LEX,137.0,138.0,0.0,99.0,667.0,92.0,0.0,1.0,0.0,45.0
2026,,,OO,ORD,SUN,10.0,-5.0,0.0,202.0,1341.0,,,,,
2026,,,WN,SAN,SMF,49.0,32.0,0.0,74.0,480.0,0.0,0.0,0.0,0.0,32.0
2026,,,WN,SJC,SAN,25.0,26.0,0.0,65.0,417.0,4.0,0.0,1.0,0.0,21.0
2026,,,UA,SJU,ORD,35.0,16.0,0.0,272.0,2072.0,16.0,0.0,0.0,0.0,0.0
2026,,,WN,PSP,SJC,5.0,-4.0,0.0,60.0,390.0,,,,,
2026,,,YX,EYW,LGA,6.0,-3.0,0.0,151.0,1207.0,,,,,
2026,,,G4,TYS,FLL,23.0,12.0,0.0,101.0,709.0,,,,,
2026,,,AS,JNU,SEA,7.0,5.0,0.0,120.0,909.0,,,,,
2026,,,WN,BWI,LAX,3.0,-14.0,0.0,334.0,2329.0,,,,,
2026,,,WN,JAX,BWI,6.0,1.0,0.0,86.0,663.0,,,,,
2026,,,B6,PBI,ISP,40.0,21.0,0.0,134.0,1052.0,3.0,0.0,0.0,0.0,18.0
2026,,,B6,BUF,LAX,80.0,83.0,0.0,305.0,2218.0,69.0,0.0,3.0,0.0,11.0
2026,,,DL,ATL,SAT,6.0,3.0,0.0,133.0,874.0,,,,,
2026,,,UA,ORD,RSW,7.0,5.0,0.0,157.0,1120.0,,,,,
2026,,,YX,CVG,ORD,3.0,-8.0,0.0,54.0,264.0,,,,,
2026,,,DL,JFK,SEA,47.0,71.0,0.0,347.0,2422.0,47.0,0.0,24.0,0.0,0.0
2026,,,WN,BUF,RSW,3.0,-14.0,0.0,152.0,1144.0,,,,,
2026,,,AA,AUS,DFW,417.0,426.0,0.0,37.0,190.0,0.0,0.0,9.0,0.0,417.0
2026,,,MQ,ORD,GRB,5.0,32.0,0.0,31.0,173.0,0.0,0.0,27.0,0.0,5.0
2026,,,AA,PIT,DFW,16.0,-2.0,0.0,160.0,1067.0,,,,,
2026,,,UA,OGG,LAX,30.0,14.0,0.0,291.0,2485.0,,,,,
2026,,,WN,RSW,BWI,10.0,-7.0,0.0,112.0,919.0,,,,,
2026,,,DL,ATL,ROC,110.0,136.0,0.0,102.0,749.0,110.0,0.0,26.0,0.0,0.0
2026,,,UA,DEN,LAX,3.0,-20.0,0.0,114.0,862.0,,,,,
2026,,,AS,ORD,SAN,8.0,5.0,0.0,250.0,1723.0,,,,,
2026,,,UA,ORD,IAH,12.0,22.0,0.0,148.0,925.0,12.0,0.0,10.0,0.0,0.0
2026,,,C5,LCH,IAH,9.0,26.0,0.0,41.0,127.0,9.0,0.0,17.0,0.0,0.0
2026,,,UA,PHX,DEN,1.0,-16.0,0.0,75.0,602.0,,,,,
2026,,,PT,CLT,FAY,53.0,32.0,0.0,23.0,118.0,24.0,0.0,0.0,0.0,8.0
2026,,,AA,DFW,GRR,264.0,259.0,0.0,119.0,931.0,168.0,0.0,0.0,0.0,91.0
2026,,,AS,ORD,SAN,1.0,7.0,0.0,253.0,1723.0,,,,,
2026,,,YV,IAH,BZN,12.0,6.0,0.0,203.0,1385.0,,,,,
2026,,,DL,PHL,ATL,12.0,8.0,0.0,94.0,666.0,,,,,
2026,,,NK,FLL,MSY,25.0,38.0,0.0,102.0,673.0,0.0,0.0,38.0,0.0,0.0
2026,,,AS,LAX,HNL,16.0,64.0,0.0,348.0,2556.0,64.0,0.0,0.0,0.0,0.0
2026,,,WN,HOU,DEN,3.0,-10.0,0.0,124.0,883.0,,,,,
2026,,,AS,OGG,SAN,19.0,6.0,0.0,284.0,2540.0,,,,,
2026,,,B6,JFK,BOS,74.0,57.0,0.0,39.0,187.0,0.0,0.0,0.0,0.0,57.0
2026,,,QX,SEA,FCA,3.0,-4.0,0.0,59.0,379.0,,,,,
2026,,,WN,BNA,CHS,2.0,-13.0,0.0,61.0,439.0,,,,,
2026,,,MQ,PIA,DFW,44.0,15.0,0.0,98.0,672.0,2.0,0.0,0.0,0.0,13.0
2026,,,OH,STL,DCA,13.0,-6.0,0.0,87.0,719.0,,,,,
2026,,,B6,RSW,EWR,68.0,50.0,0.0,138.0,1068.0,0.0,0.0,0.0,0.0,50.0
2026,,,WN,SAN,PHX,28.0,22.0,0.0,55.0,304.0,14.0,0.0,0.0,0.0,8.0
2026,,,WN,SJC,LAS,8.0,-4.0,0.0,64.0,386.0,,,,,
2026,,,WN,DAL,SDF,4.0,-7.0,0.0,94.0,725.0,,,,,
2026,,,DL,SAN,SLC,9.0,-15.0,0.0,81.0,626.0,,,,,
2026,,,MQ,ORD,CID,15.0,3.0,0.0,37.0,196.0,,,,,
2026,,,UA,ORD,BWI,13.0,-10.0,0.0,82.0,622.0,,,,,
2026,,,WN,DAL,TPA,14.0,22.0,0.0,111.0,917.0,2.0,0.0,8.0,0.0,12.0
2026,,,DL,DEN,JFK,26.0,34.0,0.0,214.0,1626.0,0.0,0.0,8.0,0.0,26.0
2026,,,WN,MKE,DCA,140.0,223.0,0.0,99.0,634.0,0.0,0.0,179.0,0.0,44.0
2026,,,DL,JFK,LAX,38.0,45.0,0.0,318.0,2475.0,38.0,0.0,7.0,0.0,0.0
2026,,,UA,PVD,ORD,231.0,205.0,0.0,126.0,849.0,205.0,0.0,0.0,0.0,0.0
2026,,,QX,PSC,SEA,3.0,-7.0,0.0,40.0,172.0,,,,,
2026,,,OH,CAK,CLT,43.0,24.0,0.0,66.0,394.0,24.0,0.0,0.0,0.0,0.0
2026,,,WN,MCO,STL,5.0,-19.0,0.0,125.0,882.0,,,,,
2026,,,UA,BNA,SFO,4.0,-25.0,0.0,243.0,1969.0,,,,,
2026,,,DL,AUS,LAS,25.0,16.0,0.0,155.0,1090.0,11.0,0.0,0.0,0.0,5.0
2026,,,MQ,DFW,AMA,1.0,-7.0,0.0,55.0,312.0,,,,,
2026,,,OO,DRO,PHX,41.0,9.0,0.0,55.0,352.0,,,,,
2026,,,UA,SFO,IAH,4.0,-21.0,0.0,183.0,1635.0,,,,,
2026,,,AA,DFW,BNA,8.0,-9.0,0.0,85.0,631.0,,,,,
2026,,,OO,LAX,PHX,3.0,16.0,0.0,60.0,370.0,3.0,0.0,13.0,0.0,0.0
2026,,,UA,DEN,PHX,40.0,34.0,0.0,82.0,602.0,0.0,0.0,0.0,0.0,34.0
2026,,,OO,DEN,RKS,40.0,33.0,0.0,46.0,260.0,0.0,0.0,0.0,0.0,33.0
2026,,,AA,ATL,DFW,110.0,103.0,0.0,122.0,731.0,0.0,0.0,0.0,0.0,103.0
2026,,,DL,LGA,ATL,20.0,6.0,0.0,124.0,762.0,,,,,
2026,,,OO,FWA,ORD,98.0,86.0,0.0,34.0,157.0,0.0,0.0,0.0,0.0,86.0
2026,,,DL,JFK,LAS,15.0,18.0,0.0,316.0,2248.0,15.0,0.0,3.0,0.0,0.0
2026,,,YX,ORD,BDL,7.0,-26.0,0.0,86.0,783.0,,,,,
2026,,,AA,DEN,DFW,19.0,3.0,0.0,84.0,641.0,,,,,
2026,,,DL,PDX,ATL,16.0,9.0,0.0,256.0,2172.0,,,,,
2026,,,WN,LAS,BOI,32.0,4.0,0.0,71.0,519.0,,,,,
2026,,,B6,BOS,ATL,4.0,-3.0,0.0,142.0,946.0,,,,,
2026,,,9E,MSP,CLE,163.0,138.0,0.0,76.0,622.0,0.0,0.0,0.0,0.0,138.0
2026,,,DL,JFK,LAX,9.0,-20.0,0.0,336.0,2475.0,,,,,
2026,,,9E,ATL,BTR,57.0,53.0,0.0,77.0,448.0,2.0,0.0,0.0,0.0,51.0
2026,,,AA,CLT,EWR,1.0,4.0,0.0,81.0,529.0,,,,,
2026,,,NK,MCO,LGA,18.0,36.0,0.0,127.0,950.0,10.0,0.0,25.0,0.0,1.0
2026,,,WN,AUS,LAS,14.0,14.0,0.0,165.0,1090.0,,,,,
2026,,,WN,DEN,BZN,4.0,-12.0,0.0,75.0,524.0,,,,,
2026,,,WN,PVD,MCO,49.0,66.0,0.0,179.0,1072.0,0.0,0.0,66.0,0.0,0.0
2026,,,OO,XNA,ATL,19.0,10.0,0.0,75.0,589.0,,,,,
2026,,,9E,PIT,MSP,272.0,357.0,0.0,124.0,726.0,0.0,272.0,85.0,0.0,0.0
2026,,,WN,STL,MDW,12.0,18.0,0.0,58.0,251.0,0.0,0.0,6.0,0.0,12.0
2026,,,AA,MCO,CLT,19.0,23.0,0.0,76.0,468.0,0.0,1.0,4.0,0.0,18.0
2026,,,C5,SHV,IAH,8.0,-2.0,0.0,40.0,192.0,,,,,
2026,,,AA,CLT,CHS,8.0,7.0,0.0,33.0,168.0,,,,,
2026,,,DL,MIA,ATL,50.0,43.0,0.0,84.0,594.0,5.0,0.0,0.0,0.0,38.0
2026,,,NK,FLL,ATL,110.0,90.0,0.0,84.0,581.0,36.0,0.0,1.0,0.0,53.0
2026,,,AA,AUS,DFW,217.0,196.0,0.0,40.0,190.0,0.0,0.0,0.0,0.0,196.0
2026,,,AA,ATL,MIA,94.0,71.0,0.0,84.0,594.0,1.0,0.0,0.0,0.0,70.0
2026,,,MQ,LEX,DFW,34.0,15.0,0.0,123.0,785.0,3.0,0.0,0.0,0.0,12.0
2026,,,DL,OKC,ATL,2.0,-20.0,0.0,89.0,761.0,,,,,
2026,,,UA,DEN,PBI,4.0,-17.0,0.0,190.0,1679.0,,,,,
2026,,,OH,DFW,HSV,208.0,230.0,0.0,82.0,603.0,15.0,0.0,22.0,0.0,193.0
2026,,,WN,PHX,ORD,19.0,0.0,0.0,165.0,1440.0,,,,,
2026,,,9E,DTW,JFK,26.0,6.0,0.0,72.0,509.0,,,,,
2026,,,MQ,DFW,FSM,40.0,41.0,0.0,42.0,227.0,0.0,18.0,1.0,0.0,22.0
2026,,,AA,DCA,CLT,216.0,201.0,0.0,62.0,331.0,201.0,0.0,0.0,0.0,0.0
2026,,,OO,ORD,ASE,20.0,44.0,0.0,169.0,1013.0,20.0,0.0,24.0,0.0,0.0
2026,,,WN,PHX,BOI,43.0,38.0,0.0,107.0,735.0,0.0,0.0,0.0,0.0,38.0
2026,,,9E,JAX,LGA,1.0,-17.0,0.0,100.0,834.0,,,,,
2026,,,WN,ABQ,PHX,23.0,6.0,0.0,53.0,328.0,,,,,
2026,,,DL,SEA,GEG,23.0,29.0,0.0,35.0,224.0,23.0,0.0,6.0,0.0,0.0
2026,,,UA,ORD,PHL,22.0,0.0,0.0,85.0,678.0,,,,,
2026,,,AA,CLT,TPA,58.0,40.0,0.0,74.0,507.0,40.0,0.0,0.0,0.0,0.0
2026,,,AA,PHX,MIA,22.0,10.0,0.0,221.0,1972.0,,,,,
2026,,,WN,SAN,HNL,13.0,-3.0,0.0,344.0,2614.0,,,,,
2026,,,WN,LAS,AUS,5.0,22.0,0.0,135.0,1090.0,0.0,0.0,22.0,0.0,0.0
2026,,,DL,LAX,SFO,77.0,64.0,0.0,52.0,337.0,64.0,0.0,0.0,0.0,0.0
2026,,,WN,MIA,MCO,2.0,-12.0,0.0,37.0,192.0,,,,,
2026,,,WN,MCI,PHX,6.0,1.0,0.0,162.0,1044.0,,,,,
2026,,,UA,LAX,MCO,34.0,39.0,0.0,259.0,2218.0,34.0,0.0,5.0,0.0,0.0
2026,,,AA,PHL,PHX,1.0,-3.0,0.0,300.0,2076.0,,,,,
2026,,,YX,RDU,BNA,15.0,-1.0,0.0,73.0,442.0,,,,,
2026,,,WN,MCO,MCI,57.0,57.0,0.0,162.0,1072.0,17.0,0.0,0.0,0.0,40.0
2026,,,DL,DTW,ORD,2.0,-15.0,0.0,44.0,235.0,,,,,
2026,,,WN,MSY,STL,5.0,-11.0,0.0,82.0,604.0,,,,,
2026,,,WN,OKC,STL,2.0,-14.0,0.0,60.0,462.0,,,,,
2026,,,AA,PHX,TPA,6.0,-6.0,0.0,206.0,1788.0,,,,,
2026,,,AA,IND,CLT,170.0,187.0,0.0,66.0,427.0,0.0,170.0,17.0,0.0,0.0
2026,,,WN,HDN,DEN,14.0,-10.0,0.0,31.0,141.0,,,,,
2026,,,WN,SAN,LAS,37.0,23.0,0.0,49.0,258.0,0.0,0.0,0.0,0.0,23.0
2026,,,NK,ATL,FLL,112.0,108.0,0.0,89.0,581.0,1.0,0.0,1.0,0.0,106.0
2026,,,QX,SAN,MFR,59.0,67.0,0.0,119.0,734.0,0.0,0.0,8.0,0.0,59.0
2026,,,WN,OAK,SAN,3.0,1.0,0.0,72.0,446.0,,,,,
2026,,,AS,LAX,SEA,25.0,0.0,0.0,124.0,954.0,,,,,
2026,,,DL,ATL,ORD,7.0,20.0,0.0,102.0,606.0,7.0,0.0,13.0,0.0,0.0
2026,,,WN,BWI,GSP,1.0,-12.0,0.0,72.0,426.0,,,,,
2026,,,WN,BNA,LAS,4.0,-19.0,0.0,222.0,1587.0,,,,,
2026,,,F9,MDW,IAH,50.0,24.0,0.0,137.0,917.0,0.0,0.0,0.0,0.0,24.0
2026,,,OO,BFL,PHX,81.0,167.0,0.0,71.0,425.0,81.0,0.0,86.0,0.0,0.0
2026,,,OO,SBN,ORD,155.0,123.0,0.0,23.0,84.0,0.0,0.0,0.0,0.0,123.0
2026,,,UA,LAX,CLE,5.0,-16.0,0.0,232.0,2052.0,,,,,
2026,,,OO,SFO,LAX,2.0,-12.0,0.0,54.0,337.0,,,,,
2026,,,OO,GTF,SLC,12.0,21.0,0.0,67.0,463.0,0.0,12.0,9.0,0.0,0.0
2026,,,AS,SEA,ANC,7.0,-8.0,0.0,198.0,1448.0,,,,,
2026,,,F9,JFK,MCO,5.0,-22.0,0.0,143.0,944.0,,,,,
2026,,,AA,MSP,PHX,33.0,6.0,0.0,162.0,1276.0,,,,,
2026,,,UA,ORD,BOS,8.0,-5.0,0.0,105.0,867.0,,,,,
2026,,,F9,IAH,BWI,30.0,31.0,0.0,154.0,1235.0,30.0,0.0,1.0,0.0,0.0
2026,,,WN,SMF,KOA,137.0,155.0,0.0,311.0,2435.0,0.0,0.0,155.0,0.0,0.0
2026,,,G4,BMI,PIE,13.0,-8.0,0.0,103.0,936.0,,,,,
2026,,,WN,DAL,MCO,21.0,4.0,0.0,114.0,973.0,,,,,
2026,,,UA,ORF,ORD,7.0,78.0,0.0,122.0,717.0,7.0,0.0,71.0,0.0,0.0
2026,,,WN,MSY,AUS,2.0,-14.0,0.0,71.0,445.0,,,,,
2026,,,AS,HNL,OGG,106.0,117.0,0.0,23.0,101.0,11.0,0.0,0.0,0.0,106.0
2026,,,DL,LAX,HNL,52.0,22.0,0.0,305.0,2556.0,0.0,0.0,0.0,0.0,22.0
2026,,,DL,RIC,ATL,1.0,14.0,0.0,90.0,481.0,,,,,
2026,,,G7,ORD,STL,6.0,-4.0,0.0,46.0,258.0,,,,,
2026,,,DL,ATL,SLC,48.0,41.0,0.0,226.0,1590.0,41.0,0.0,0.0,0.0,0.0
2026,,,AS,OGG,PDX,7.0,-6.0,0.0,302.0,2561.0,,,,,
2026,,,OO,DFW,COS,17.0,-4.0,0.0,91.0,592.0,,,,,
2026,,,UA,DEN,TUL,3.0,-1.0,0.0,70.0,541.0,,,,,
2026,,,UA,BOS,IAD,51.0,31.0,0.0,67.0,412.0,0.0,0.0,0.0,0.0,31.0
2026,,,WN,OKC,LAX,31.0,19.0,0.0,177.0,1187.0,8.0,0.0,0.0,0.0,11.0
2026,,,AA,CLT,TPA,4.0,1.0,0.0,75.0,507.0,,,,,
2026,,,9E,SAV,LGA,43.0,35.0,0.0,93.0,722.0,0.0,0.0,0.0,0.0,35.0
2026,,,WN,DEN,PHX,8.0,-17.0,0.0,88.0,602.0,,,,,
2026,,,G4,SNA,DSM,13.0,-5.0,0.0,164.0,1428.0,,,,,
2026,,,QX,BOI,SEA,11.0,-2.0,0.0,70.0,399.0,,,,,
2026,,,DL,ELP,ATL,90.0,74.0,0.0,140.0,1282.0,74.0,0.0,0.0,0.0,0.0
2026,,,YX,ORD,PIT,29.0,15.0,0.0,58.0,413.0,1.0,0.0,0.0,0.0,14.0
2026,,,PT,MDT,CLT,128.0,119.0,0.0,73.0,413.0,0.0,0.0,0.0,0.0,119.0
2026,,,B6,FLL,BDL,69.0,56.0,0.0,149.0,1173.0,56.0,0.0,0.0,0.0,0.0
2026,,,AA,CLT,BUF,9.0,36.0,0.0,76.0,546.0,9.0,0.0,27.0,0.0,0.0
2026,,,AA,JFK,MIA,15.0,-4.0,0.0,161.0,1089.0,,,,,
2026,,,AA,DSM,DFW,64.0,65.0,0.0,96.0,624.0,0.0,0.0,1.0,0.0,64.0
2026,,,WN,OAK,SEA,3.0,3.0,0.0,110.0,672.0,,,,,
2026,,,F9,PHL,SJU,263.0,242.0,0.0,183.0,1576.0,0.0,0.0,0.0,0.0,242.0
2026,,,WN,LAS,SAT,17.0,26.0,0.0,118.0,1069.0,4.0,0.0,9.0,0.0,13.0
2026,,,WN,PHX,SFO,7.0,11.0,0.0,99.0,651.0,,,,,
2026,,,WN,IND,DAL,7.0,30.0,0.0,132.0,755.0,7.0,0.0,23.0,0.0,0.0
2026,,,OO,ORD,MSP,21.0,19.0,0.0,57.0,334.0,19.0,0.0,0.0,0.0,0.0
2026,,,F9,ATL,MCO,129.0,116.0,0.0,60.0,404.0,0.0,0.0,0.0,0.0,116.0
2026,,,WN,BWI,DAL,68.0,72.0,0.0,197.0,1209.0,0.0,0.0,71.0,0.0,1.0
2026,,,AS,HNL,ITO,1.0,0.0,0.0,33.0,216.0,,,,,
2026,,,AS,SEA,OAK,78.0,80.0,0.0,100.0,672.0,78.0,0.0,2.0,0.0,0.0
2026,,,DL,ATL,DTW,24.0,17.0,0.0,77.0,594.0,17.0,0.0,0.0,0.0,0.0
2026,,,PT,SYR,PHL,8.0,28.0,0.0,56.0,228.0,1.0,0.0,20.0,0.0,7.0
2026,,,DL,BTR,ATL,27.0,21.0,0.0,62.0,448.0,21.0,0.0,0.0,0.0,0.0
2026,,,OO,ASE,ORD,213.0,215.0,0.0,149.0,1013.0,0.0,213.0,2.0,0.0,0.0
2026,,,AS,SEA,BUR,29.0,23.0,0.0,130.0,937.0,23.0,0.0,0.0,0.0,0.0
2026,,,WN,DEN,SNA,7.0,-9.0,0.0,124.0,846.0,,,,,
2026,,,DL,DFW,LGA,56.0,25.0,0.0,149.0,1389.0,0.0,0.0,0.0,0.0,25.0
2026,,,DL,ATL,TPA,3.0,-4.0,0.0,59.0,406.0,,,,,
2026,,,OO,ORD,MSP,10.0,-5.0,0.0,65.0,334.0,,,,,
2026,,,DL,SEA,LAX,103.0,106.0,0.0,141.0,954.0,103.0,0.0,3.0,0.0,0.0
2026,,,AA,MIA,BDL,20.0,4.0,0.0,148.0,1194.0,,,,,
2026,,,DL,DCA,ATL,2.0,-30.0,0.0,79.0,547.0,,,,,
2026,,,C5,BHM,IAH,79.0,60.0,0.0,87.0,562.0,0.0,0.0,0.0,0.0,60.0
2026,,,G7,IAD,EWR,99.0,65.0,0.0,43.0,212.0,5.0,0.0,0.0,0.0,60.0
2026,,,WN,LAS,BWI,2.0,-8.0,0.0,237.0,2106.0,,,,,
2026,,,DL,DTW,TPA,131.0,146.0,0.0,139.0,983.0,25.0,0.0,121.0,0.0,0.0
2026,,,UA,IAD,SJU,35.0,24.0,0.0,185.0,1572.0,16.0,0.0,0.0,0.0,8.0
2026,,,OO,ATL,CRW,26.0,25.0,0.0,61.0,363.0,25.0,0.0,0.0,0.0,0.0
2026,,,YV,IAD,SAV,300.0,287.0,0.0,88.0,516.0,67.0,0.0,0.0,0.0,220.0
2026,,,F9,PHL,SJU,10.0,15.0,0.0,209.0,1576.0,10.0,0.0,5.0,0.0,0.0
2026,,,UA,ORD,SRQ,32.0,17.0,0.0,143.0,1050.0,17.0,0.0,0.0,0.0,0.0
2026,,,QX,BOI,SEA,5.0,-5.0,0.0,71.0,399.0,,,,,
2026,,,WN,BNA,LGA,76.0,75.0,0.0,101.0,764.0,0.0,24.0,0.0,0.0,51.0
2026,,,PT,PHL,ART,7.0,62.0,0.0,89.0,287.0,0.0,0.0,55.0,0.0,7.0
2026,,,DL,FLL,LGA,45.0,27.0,0.0,144.0,1076.0,0.0,0.0,27.0,0.0,0.0
2026,,,UA,DEN,SAN,3.0,-23.0,0.0,108.0,853.0,,,,,
2026,,,DL,RDU,MCO,3.0,13.0,0.0,90.0,534.0,,,,,
2026,,,DL,MSP,MCO,7.0,5.0,0.0,137.0,1310.0,,,,,
2026,,,OO,ATL,FAR,23.0,12.0,0.0,150.0,1123.0,,,,,
2026,,,OO,AUS,MSY,37.0,32.0,0.0,66.0,445.0,0.0,0.0,0.0,32.0,0.0
2026,,,AA,LAS,PHL,2.0,19.0,0.0,269.0,2177.0,2.0,0.0,17.0,0.0,0.0
2026,,,OO,PVD,DTW,2.0,-17.0,0.0,107.0,615.0,,,,,
2026,,,OO,AUS,BNA,22.0,33.0,0.0,113.0,756.0,22.0,0.0,11.0,0.0,0.0
2026,,,WN,OAK,PHX,7.0,2.0,0.0,93.0,646.0,,,,,
2026,,,OO,DFW,TYR,35.0,48.0,0.0,46.0,102.0,35.0,0.0,13.0,0.0,0.0
2026,,,OH,BTR,CLT,20.0,19.0,0.0,88.0,675.0,0.0,0.0,0.0,0.0,19.0
2026,,,QX,SAN,PAE,20.0,4.0,0.0,160.0,1080.0,,,,,
2026,,,UA,ORD,BTV,71.0,59.0,0.0,90.0,763.0,59.0,0.0,0.0,0.0,0.0
2026,,,WN,DEN,RSW,1.0,-6.0,0.0,190.0,1607.0,,,,,
2026,,,AA,DFW,SJU,23.0,12.0,0.0,245.0,2165.0,,,,,
2026,,,AA,PHL,MCO,6.0,-24.0,0.0,116.0,862.0,,,,,
2026,,,OO,SYR,DTW,9.0,60.0,0.0,61.0,374.0,0.0,9.0,51.0,0.0,0.0
2026,,,DL,SRQ,DTW,13.0,-14.0,0.0,127.0,1022.0,,,,,
2026,,,OH,PHL,GSP,6.0,-4.0,0.0,82.0,515.0,,,,,
2026,,,DL,LGA,IAH,1.0,6.0,0.0,243.0,1416.0,,,,,
2026,,,OH,PHL,DCA,118.0,148.0,0.0,41.0,120.0,7.0,0.0,30.0,0.0,111.0
2026,,,DL,ABQ,ATL,2.0,-23.0,0.0,143.0,1269.0,,,,,
2026,,,OO,ASE,ORD,202.0,217.0,0.0,113.0,1013.0,0.0,202.0,15.0,0.0,0.0
2026,,,NK,DTW,LGA,21.0,11.0,0.0,75.0,502.0,,,,,
2026,,,UA,ORD,DTW,2.0,6.0,0.0,52.0,235.0,,,,,
2026,,,DL,DAY,ATL,72.0,61.0,0.0,79.0,432.0,61.0,0.0,0.0,0.0,0.0
2026,,,PT,ORF,PHL,59.0,55.0,0.0,40.0,212.0,0.0,0.0,0.0,0.0,55.0
2026,,,OH,BNA,CLT,3.0,7.0,0.0,50.0,328.0,,,,,
2026,,,AA,LAX,ORD,17.0,15.0,0.0,210.0,1744.0,15.0,0.0,0.0,0.0,0.0
2026,,,UA,ORD,SFO,16.0,5.0,0.0,231.0,1846.0,,,,,
2026,,,AA,DFW,SMF,13.0,-10.0,0.0,190.0,1431.0,,,,,
2026,,,WN,ONT,PHX,7.0,-7.0,0.0,52.0,325.0,,,,,
2026,,,AS,LIH,KOA,3.0,0.0,0.0,37.0,263.0,,,,,
2026,,,AA,CLT,MIA,27.0,12.0,0.0,99.0,650.0,,,,,
2026,,,OO,DTW,ALB,50.0,49.0,0.0,67.0,489.0,0.0,49.0,0.0,0.0,0.0
2026,,,QX,BOI,ONT,32.0,30.0,0.0,104.0,660.0,30.0,0.0,0.0,0.0,0.0
2026,,,F9,LAS,DEN,2.0,3.0,0.0,87.0,628.0,,,,,
2026,,,OO,DEN,DIK,159.0,155.0,0.0,67.0,488.0,155.0,0.0,0.0,0.0,0.0
2026,,,F9,JFK,ORD,230.0,227.0,0.0,120.0,740.0,1.0,0.0,0.0,0.0,226.0
2026,,,AS,SMF,SEA,40.0,16.0,0.0,83.0,605.0,0.0,0.0,0.0,0.0,16.0
2026,,,WN,LAS,BWI,1.0,-23.0,0.0,221.0,2106.0,,,,,
2026,,,QX,SAN,PHX,43.0,57.0,0.0,51.0,304.0,0.0,0.0,14.0,0.0,43.0
2026,,,WN,OKC,HOU,19.0,5.0,0.0,62.0,419.0,,,,,
2026,,,AA,CLT,RIC,52.0,51.0,0.0,45.0,257.0,51.0,0.0,0.0,0.0,0.0
2026,,,AA,DFW,TUS,18.0,-18.0,0.0,101.0,813.0,,,,,
2026,,,OO,PHX,FAT,12.0,7.0,0.0,83.0,493.0,,,,,
2026,,,DL,AUS,SFO,78.0,73.0,0.0,212.0,1504.0,0.0,0.0,0.0,0.0,73.0
2026,,,DL,PBI,DTW,4.0,-17.0,0.0,138.0,1086.0,,,,,
2026,,,UA,DEN,JAC,19.0,10.0,0.0,69.0,406.0,,,,,
2026,,,WN,SEA,OAK,69.0,60.0,0.0,97.0,672.0,60.0,0.0,0.0,0.0,0.0
2026,,,DL,IND,ATL,60.0,45.0,0.0,67.0,432.0,0.0,0.0,0.0,0.0,45.0
2026,,,OH,DCA,SYR,78.0,76.0,0.0,54.0,298.0,76.0,0.0,0.0,0.0,0.0
2026,,,OH,DCA,TYS,45.0,34.0,0.0,71.0,437.0,23.0,0.0,0.0,0.0,11.0
2026,,,AA,RIC,CLT,65.0,65.0,0.0,60.0,257.0,65.0,0.0,0.0,0.0,0.0
2026,,,AA,LAX,DFW,33.0,21.0,0.0,144.0,1235.0,21.0,0.0,0.0,0.0,0.0
2026,,,9E,JFK,DTW,4.0,-11.0,0.0,93.0,509.0,,,,,
2026,,,AA,TPA,MIA,801.0,783.0,0.0,35.0,204.0,0.0,0.0,0.0,0.0,783.0
2026,,,B6,BUF,FLL,8.0,34.0,0.0,159.0,1166.0,0.0,8.0,26.0,0.0,0.0
2026,,,YX,IND,EWR,50.0,67.0,0.0,90.0,645.0,0.0,0.0,17.0,0.0,50.0
2026,,,YX,CHS,DCA,9.0,6.0,0.0,62.0,444.0,,,,,
2026,,,WN,BWI,SJU,105.0,102.0,0.0,209.0,1565.0,0.0,0.0,102.0,0.0,0.0
2026,,,AS,SEA,IAD,3.0,-6.0,0.0,257.0,2305.0,,,,,
2026,,,AS,SEA,PHX,1.0,-3.0,0.0,144.0,1107.0,,,,,
2026,,,WN,LAS,DAL,41.0,23.0,0.0,121.0,1067.0,0.0,0.0,0.0,0.0,23.0
2026,,,F9,SJU,PHL,37.0,42.0,0.0,224.0,1576.0,0.0,0.0,5.0,0.0,37.0
2026,,,WN,BWI,MCO,1.0,-16.0,0.0,117.0,787.0,,,,,
2026,,,OH,ORD,TYS,116.0,105.0,0.0,70.0,475.0,0.0,0.0,0.0,0.0,105.0
2026,,,AS,SFO,SEA,20.0,8.0,0.0,102.0,679.0,,,,,
2026,,,UA,IAH,TUS,1.0,6.0,0.0,147.0,937.0,,,,,
2026,,,OO,SNA,SFO,43.0,69.0,0.0,77.0,372.0,0.0,43.0,26.0,0.0,0.0
2026,,,B6,JFK,MCO,50.0,45.0,0.0,149.0,944.0,7.0,0.0,0.0,0.0,38.0
2026,,,DL,MCO,SEA,35.0,46.0,0.0,357.0,2554.0,35.0,0.0,11.0,0.0,0.0
2026,,,OH,GSP,PHL,58.0,49.0,0.0,75.0,515.0,1.0,0.0,0.0,0.0,48.0
2026,,,AA,TPA,MIA,32.0,18.0,0.0,39.0,204.0,18.0,0.0,0.0,0.0,0.0
2026,,,WN,RSW,MDW,2.0,3.0,0.0,152.0,1105.0,,,,,
2026,,,AS,PDX,KOA,3.0,-27.0,0.0,312.0,2607.0,,,,,
2026,,,AA,AUS,DFW,58.0,59.0,0.0,38.0,190.0,58.0,0.0,1.0,0.0,0.0
2026,,,DL,DEN,ATL,5.0,-10.0,0.0,137.0,1199.0,,,,,
2026,,,AS,SAT,SEA,38.0,29.0,0.0,237.0,1774.0,0.0,0.0,29.0,0.0,0.0
2026,,,MQ,BIL,PHX,10.0,-27.0,0.0,103.0,873.0,,,,,
2026,,,AA,SJU,MIA,32.0,15.0,0.0,140.0,1045.0,6.0,0.0,0.0,0.0,9.0
2026,,,DL,RSW,DTW,3.0,-5.0,0.0,144.0,1084.0,,,,,
2026,,,YX,ORD,SAV,32.0,19.0,0.0,96.0,773.0,2.0,0.0,0.0,0.0,17.0
2026,,,WN,DEN,OMA,54.0,48.0,0.0,59.0,472.0,6.0,0.0,0.0,0.0,42.0
2026,,,DL,LGA,PBI,4.0,7.0,0.0,161.0,1035.0,,,,,
2026,,,WN,MCI,FLL,9.0,-4.0,0.0,149.0,1242.0,,,,,
2026,,,UA,ATL,EWR,9.0,-11.0,0.0,95.0,746.0,,,,,
2026,,,DL,SEA,PHX,10.0,5.0,0.0,135.0,1107.0,,,,,
2026,,,WN,BWI,RSW,1.0,-1.0,0.0,151.0,919.0,,,,,
2026,,,AA,MIA,STL,42.0,32.0,0.0,147.0,1068.0,0.0,0.0,0.0,0.0,32.0
2026,,,MQ,DCA,CMH,152.0,135.0,0.0,60.0,323.0,23.0,0.0,0.0,0.0,112.0
2026,,,MQ,ORD,MKE,14.0,-5.0,0.0,20.0,67.0,,,,,
2026,,,WN,SLC,LGB,7.0,-10.0,0.0,89.0,588.0,,,,,
2026,,,YX,LGA,DCA,65.0,168.0,0.0,95.0,214.0,0.0,0.0,168.0,0.0,0.0
2026,,,WN,PHX,ELP,13.0,-3.0,0.0,46.0,347.0,,,,,
2026,,,WN,PHX,IND,2.0,7.0,0.0,182.0,1489.0,,,,,
2026,,,AA,DFW,SMF,7.0,6.0,0.0,200.0,1431.0,,,,,
2026,,,OH,CLT,ATL,199.0,195.0,0.0,50.0,226.0,82.0,0.0,0.0,0.0,113.0
2026,,,WN,LAS,ABQ,33.0,20.0,0.0,61.0,486.0,4.0,0.0,0.0,0.0,16.0
2026,,,WN,BWI,ISP,30.0,18.0,0.0,45.0,220.0,18.0,0.0,0.0,0.0,0.0
2026,,,DL,LAX,MIA,161.0,130.0,0.0,252.0,2342.0,130.0,0.0,0.0,0.0,0.0
2026,,,OO,ROC,DTW,51.0,59.0,0.0,62.0,296.0,51.0,0.0,8.0,0.0,0.0
2026,,,UA,IAD,RDU,3.0,-3.0,0.0,44.0,225.0,,,,,
2026,,,DL,STT,ATL,161.0,131.0,0.0,207.0,1599.0,0.0,0.0,0.0,0.0,131.0
2026,,,DL,MIA,ATL,24.0,6.0,0.0,84.0,594.0,,,,,
2026,,,NK,EWR,MCO,109.0,104.0,0.0,144.0,937.0,104.0,0.0,0.0,0.0,0.0
2026,,,DL,SYR,ATL,12.0,-2.0,0.0,109.0,794.0,,,,,
2026,,,NK,PHL,MCO,16.0,6.0,0.0,124.0,862.0,,,,,
2026,,,NK,CMH,MCO,15.0,36.0,0.0,118.0,802.0,15.0,0.0,21.0,0.0,0.0
2026,,,9E,MSP,RIC,3.0,-17.0,0.0,118.0,969.0,,,,,
2026,,,DL,FLL,CVG,10.0,9.0,0.0,133.0,932.0,,,,,
2026,,,WN,STL,MCO,30.0,38.0,0.0,127.0,882.0,0.0,0.0,8.0,0.0,30.0
2026,,,F9,DEN,CLT,28.0,10.0,0.0,147.0,1337.0,,,,,
2026,,,OH,MGM,DFW,1934.0,1900.0,0.0,98.0,622.0,11.0,0.0,0.0,0.0,1889.0
2026,,,AA,PHX,KOA,9.0,59.0,0.0,375.0,2860.0,0.0,0.0,50.0,0.0,9.0
2026,,,AA,CLT,ORD,10.0,-3.0,0.0,98.0,599.0,,,,,
2026,,,WN,STL,HOU,10.0,15.0,0.0,126.0,687.0,10.0,0.0,5.0,0.0,0.0
2026,,,AA,SNA,DFW,87.0,123.0,0.0,157.0,1205.0,10.0,0.0,36.0,0.0,77.0
2026,,,WN,PHX,SAN,4.0,-8.0,0.0,48.0,304.0,,,,,
2026,,,WN,LAS,MCO,11.0,-14.0,0.0,214.0,2039.0,,,,,
2026,,,F9,MIA,IAH,63.0,28.0,0.0,142.0,964.0,0.0,0.0,0.0,0.0,28.0
2026,,,AA,CLT,ALB,48.0,32.0,0.0,82.0,646.0,32.0,0.0,0.0,0.0,0.0
2026,,,DL,MCO,AUS,63.0,52.0,0.0,148.0,994.0,52.0,0.0,0.0,0.0,0.0
2026,,,AA,PHX,CLT,1261.0,1236.0,0.0,186.0,1773.0,0.0,1236.0,0.0,0.0,0.0
2026,,,OO,GEG,SEA,88.0,88.0,0.0,46.0,224.0,88.0,0.0,0.0,0.0,0.0
2026,,,WN,MCO,MSY,24.0,21.0,0.0,98.0,551.0,0.0,0.0,0.0,0.0,21.0
2026,,,OH,CLT,CLE,5.0,17.0,0.0,70.0,430.0,5.0,0.0,12.0,0.0,0.0
2026,,,MQ,ICT,ORD,256.0,230.0,0.0,82.0,588.0,230.0,0.0,0.0,0.0,0.0
2026,,,DL,DTW,PHX,16.0,33.0,0.0,244.0,1671.0,6.0,0.0,17.0,0.0,10.0
2026,,,OO,BNA,AUS,14.0,-15.0,0.0,126.0,756.0,,,,,
2026,,,B6,JFK,LAX,2.0,34.0,0.0,353.0,2475.0,2.0,0.0,32.0,0.0,0.0
2026,,,DL,JFK,FLL,3.0,32.0,0.0,144.0,1069.0,0.0,0.0,32.0,0.0,0.0
2026,,,QX,PDX,ANC,21.0,-5.0,0.0,192.0,1542.0,,,,,
2026,,,WN,MEM,HOU,25.0,11.0,0.0,84.0,484.0,,,,,
2026,,,WN,MDW,BWI,4.0,-9.0,0.0,79.0,611.0,,,,,
2026,,,WN,STL,MCO,2.0,14.0,0.0,111.0,882.0,,,,,
2026,,,QX,RDM,SEA,23.0,24.0,0.0,47.0,228.0,1.0,0.0,1.0,0.0,22.0
2026,,,WN,IAD,DEN,30.0,21.0,0.0,218.0,1452.0,14.0,0.0,0.0,0.0,7.0
2026,,,DL,PHX,JFK,47.0,29.0,0.0,247.0,2153.0,0.0,0.0,29.0,0.0,0.0
2026,20500.0,4511.0,C5,IAD,CVG,54.0,45.0,0.0,67.0,388.0,45.0,0.0,0.0,0.0,0.0
2026,,,AA,EGE,MIA,310.0,295.0,0.0,207.0,1810.0,9.0,0.0,0.0,0.0,286.0
2026,,,AA,PHL,LAS,24.0,22.0,0.0,315.0,2177.0,20.0,0.0,0.0,0.0,2.0
2026,,,AA,SAN,DFW,14.0,14.0,0.0,146.0,1171.0,,,,,
2026,,,UA,DEN,ATL,1.0,-14.0,0.0,136.0,1199.0,,,,,
2026,,,DL,SEA,SLC,77.0,65.0,0.0,91.0,689.0,65.0,0.0,0.0,0.0,0.0
2026,,,MQ,OKC,DFW,10.0,8.0,0.0,38.0,175.0,,,,,
2026,,,9E,RDU,AUS,113.0,90.0,0.0,184.0,1162.0,0.0,0.0,0.0,0.0,90.0
2026,,,WN,BWI,CMH,20.0,10.0,0.0,57.0,337.0,,,,,
2026,,,DL,MCO,ATL,68.0,70.0,0.0,67.0,404.0,4.0,0.0,2.0,0.0,64.0
2026,,,AA,PHX,FAT,16.0,13.0,0.0,88.0,493.0,,,,,
2026,,,B6,JFK,ATL,57.0,54.0,0.0,135.0,760.0,54.0,0.0,0.0,0.0,0.0
2026,,,YV,COS,IAH,15.0,-15.0,0.0,103.0,809.0,,,,,
2026,,,9E,XNA,ATL,23.0,12.0,0.0,77.0,589.0,,,,,
2026,,,9E,MSP,DSM,54.0,74.0,0.0,45.0,232.0,54.0,0.0,20.0,0.0,0.0
2026,,,AA,SBP,DFW,5.0,14.0,0.0,182.0,1360.0,,,,,
2026,,,UA,DEN,JAC,1.0,-13.0,0.0,65.0,406.0,,,,,
2026,,,AA,PHX,IND,42.0,13.0,0.0,170.0,1489.0,,,,,
2026,,,DL,DTW,PHL,21.0,75.0,0.0,68.0,453.0,0.0,0.0,54.0,0.0,21.0
2026,,,AA,DFW,ORD,61.0,55.0,0.0,103.0,802.0,19.0,0.0,0.0,0.0,36.0
2026,,,DL,ATL,DAY,21.0,30.0,0.0,82.0,432.0,3.0,0.0,9.0,0.0,18.0
2026,,,AA,CLT,VPS,3.0,2.0,0.0,89.0,460.0,,,,,
2026,,,OO,ORD,SUX,125.0,135.0,0.0,66.0,436.0,0.0,0.0,10.0,0.0,125.0
2026,,,OO,FSD,DEN,1.0,0.0,0.0,87.0,483.0,,,,,
2026,,,OO,ORD,MKE,37.0,53.0,0.0,20.0,67.0,0.0,0.0,53.0,0.0,0.0
2026,,,UA,SAN,EWR,10.0,37.0,0.0,301.0,2425.0,1.0,0.0,27.0,0.0,9.0
2026,,,WN,BUR,LAS,22.0,6.0,0.0,41.0,223.0,,,,,
2026,,,WN,PHX,BUR,4.0,-5.0,0.0,69.0,369.0,,,,,
2026,,,NK,FLL,ATL,6.0,10.0,0.0,82.0,581.0,,,,,
2026,,,AA,DFW,VPS,2.0,-15.0,0.0,83.0,641.0,,,,,
2026,,,AA,DFW,DSM,15.0,43.0,0.0,88.0,624.0,4.0,0.0,28.0,0.0,11.0
2026,,,WN,OKC,AUS,38.0,32.0,0.0,58.0,358.0,0.0,0.0,0.0,0.0,32.0
2026,,,AA,DFW,DEN,4.0,-4.0,0.0,97.0,641.0,,,,,
2026,,,UA,ORD,MSN,8.0,1.0,0.0,26.0,108.0,,,,,
2026,,,OO,MCI,ORD,1.0,2.0,0.0,71.0,403.0,,,,,
2026,,,WN,SAN,SMF,1.0,-5.0,0.0,77.0,480.0,,,,,
2026,,,G7,IAD,PHL,301.0,309.0,0.0,37.0,135.0,0.0,0.0,309.0,0.0,0.0
2026,,,YV,IAH,MKE,223.0,205.0,0.0,128.0,984.0,4.0,0.0,0.0,0.0,201.0
2026,,,AA,LAX,DFW,1.0,20.0,0.0,174.0,1235.0,1.0,0.0,19.0,0.0,0.0
2026,,,YV,SDF,IAH,40.0,22.0,0.0,130.0,788.0,8.0,0.0,0.0,0.0,14.0
2026,,,WN,LAX,DEN,29.0,21.0,0.0,113.0,862.0,2.0,0.0,0.0,0.0,19.0
2026,,,AA,DFW,LEX,100.0,87.0,0.0,99.0,785.0,17.0,0.0,0.0,0.0,70.0
2026,,,WN,CLT,DAL,2.0,-13.0,0.0,138.0,926.0,,,,,
2026,,,AA,CLT,RDU,3.0,-6.0,0.0,30.0,130.0,,,,,
2026,,,UA,EWR,BQN,18.0,93.0,0.0,217.0,1585.0,17.0,0.0,75.0,0.0,1.0
2026,,,WN,MSY,MCI,24.0,18.0,0.0,99.0,690.0,0.0,0.0,0.0,0.0,18.0
2026,,,AA,EWR,CLT,28.0,19.0,0.0,87.0,529.0,0.0,0.0,0.0,0.0,19.0
2026,,,F9,DEN,MCO,49.0,35.0,0.0,164.0,1547.0,35.0,0.0,0.0,0.0,0.0
2026,,,YX,MIA,ILM,22.0,6.0,0.0,90.0,601.0,,,,,
2026,,,OO,ATL,ASE,2.0,6.0,0.0,225.0,1304.0,,,,,
2026,,,DL,MCO,DTW,152.0,146.0,0.0,142.0,957.0,146.0,0.0,0.0,0.0,0.0
2026,,,WN,BWI,SAN,45.0,47.0,0.0,329.0,2295.0,18.0,0.0,2.0,0.0,27.0
2026,,,OO,PHX,SJC,11.0,-6.0,0.0,96.0,621.0,,,,,
2026,,,B6,LAS,JFK,159.0,148.0,0.0,245.0,2248.0,23.0,0.0,0.0,0.0,125.0
2026,,,WN,PHX,MDW,26.0,6.0,0.0,164.0,1444.0,,,,,
2026,,,AA,CLT,TPA,6.0,-4.0,0.0,80.0,507.0,,,,,
2026,,,DL,MSP,SLC,17.0,29.0,0.0,158.0,991.0,0.0,17.0,12.0,0.0,0.0
2026,,,AA,MIA,DEN,28.0,28.0,0.0,256.0,1709.0,28.0,0.0,0.0,0.0,0.0
2026,,,AA,DFW,SRQ,12.0,3.0,0.0,120.0,945.0,,,,,
2026,,,WN,DEN,MIA,13.0,1.0,0.0,191.0,1709.0,,,,,
2026,,,B6,SLC,JFK,50.0,65.0,0.0,209.0,1990.0,0.0,0.0,15.0,0.0,50.0
2026,,,UA,EGE,ORD,56.0,56.0,0.0,122.0,1007.0,30.0,0.0,0.0,0.0,26.0
2026,,,WN,SMF,LAS,16.0,4.0,0.0,59.0,397.0,,,,,
2026,,,DL,BWI,DTW,6.0,-9.0,0.0,65.0,409.0,,,,,
2026,,,OO,SFO,BFL,68.0,50.0,0.0,39.0,238.0,50.0,0.0,0.0,0.0,0.0
2026,,,OO,DTW,MEM,7.0,10.0,0.0,104.0,610.0,,,,,
2026,,,DL,MSP,PHX,9.0,8.0,0.0,186.0,1276.0,,,,,
2026,,,G4,EYW,TYS,56.0,42.0,0.0,105.0,787.0,6.0,0.0,0.0,0.0,36.0
2026,,,WN,TPA,AUS,12.0,2.0,0.0,139.0,928.0,,,,,
2026,,,WN,TPA,MSY,68.0,56.0,0.0,75.0,487.0,0.0,0.0,0.0,0.0,56.0
2026,,,AS,HNL,OGG,41.0,37.0,0.0,22.0,101.0,0.0,0.0,0.0,0.0,37.0
2026,,,DL,ATL,MSY,24.0,30.0,0.0,68.0,425.0,24.0,0.0,6.0,0.0,0.0
2026,,,QX,ANC,PDX,4.0,24.0,0.0,208.0,1542.0,0.0,0.0,24.0,0.0,0.0
2026,,,DL,SLC,CLE,158.0,155.0,0.0,174.0,1565.0,155.0,0.0,0.0,0.0,0.0
2026,,,AS,SEA,HNL,32.0,20.0,0.0,323.0,2677.0,0.0,0.0,0.0,0.0,20.0
2026,,,AA,PHL,MIA,66.0,101.0,0.0,156.0,1013.0,66.0,0.0,35.0,0.0,0.0
2026,,,C5,IAD,ALB,70.0,62.0,0.0,59.0,324.0,59.0,0.0,0.0,0.0,3.0
2026,,,AA,CLT,ILM,84.0,78.0,0.0,32.0,185.0,0.0,0.0,0.0,0.0,78.0
2026,,,AS,PDX,BUR,28.0,29.0,0.0,108.0,817.0,28.0,0.0,1.0,0.0,0.0
2026,,,C5,IAH,LIT,29.0,21.0,0.0,52.0,374.0,21.0,0.0,0.0,0.0,0.0
2026,,,NK,TPA,LAS,59.0,42.0,0.0,274.0,1984.0,12.0,0.0,1.0,0.0,29.0
2026,,,DL,PHL,DTW,21.0,22.0,0.0,81.0,453.0,0.0,21.0,1.0,0.0,0.0
2026,,,DL,ATL,PHX,27.0,29.0,0.0,226.0,1587.0,0.0,0.0,2.0,0.0,27.0
2026,,,OH,DCA,PVD,23.0,21.0,0.0,55.0,356.0,0.0,0.0,0.0,0.0,21.0
2026,,,WN,ATL,MDW,1.0,-3.0,0.0,91.0,591.0,,,,,
2026,,,NK,FLL,CLT,8.0,3.0,0.0,100.0,632.0,,,,,
2026,,,OO,ORD,CAK,133.0,160.0,0.0,60.0,344.0,0.0,0.0,160.0,0.0,0.0
2026,,,WN,BNA,CVG,45.0,46.0,0.0,46.0,230.0,35.0,0.0,1.0,0.0,10.0
2026,,,AA,MEM,CLT,1.0,4.0,0.0,67.0,511.0,,,,,
2026,,,YX,IND,BOS,25.0,21.0,0.0,111.0,818.0,2.0,0.0,0.0,0.0,19.0
2026,,,AA,DFW,ATL,86.0,81.0,0.0,95.0,731.0,35.0,0.0,0.0,0.0,46.0
2026,,,YX,ORD,GRR,28.0,18.0,0.0,33.0,137.0,2.0,0.0,0.0,0.0,16.0
2026,,,C5,SCE,IAD,22.0,25.0,0.0,38.0,132.0,0.0,0.0,3.0,0.0,22.0
2026,,,WN,STL,FLL,21.0,15.0,0.0,133.0,1057.0,0.0,0.0,15.0,0.0,0.0
2026,,,WN,BNA,DTW,3.0,4.0,0.0,78.0,456.0,,,,,
2026,,,B6,SFO,JFK,191.0,163.0,0.0,277.0,2586.0,22.0,0.0,0.0,0.0,141.0
2026,,,WN,MCI,DEN,6.0,28.0,0.0,90.0,533.0,4.0,0.0,22.0,0.0,2.0
2026,,,AA,PHX,SNA,46.0,31.0,0.0,56.0,338.0,31.0,0.0,0.0,0.0,0.0
2026,,,WN,DEN,HOU,1.0,-16.0,0.0,118.0,883.0,,,,,
2026,,,AA,DFW,SLC,9.0,-3.0,0.0,144.0,989.0,,,,,
2026,,,WN,BOS,BNA,16.0,-4.0,0.0,134.0,942.0,,,,,
2026,,,MQ,ORD,DSM,120.0,105.0,0.0,59.0,299.0,0.0,4.0,0.0,0.0,101.0
2026,,,AS,LIH,OGG,12.0,28.0,0.0,34.0,202.0,26.0,0.0,0.0,0.0,2.0
2026,,,MQ,CMI,ORD,75.0,86.0,0.0,38.0,135.0,0.0,0.0,11.0,0.0,75.0
2026,,,F9,DFW,DEN,65.0,55.0,0.0,100.0,641.0,0.0,0.0,0.0,0.0,55.0
2026,,,AA,BDL,DFW,32.0,13.0,0.0,223.0,1471.0,,,,,
2026,,,AA,ORD,CLT,10.0,-15.0,0.0,74.0,599.0,,,,,
2026,,,9E,DTW,IND,38.0,33.0,0.0,44.0,231.0,11.0,22.0,0.0,0.0,0.0
2026,,,UA,SFO,HNL,18.0,7.0,0.0,299.0,2398.0,,,,,
2026,,,OO,SAN,JAC,25.0,8.0,0.0,122.0,828.0,,,,,
2026,,,OO,MAF,DFW,144.0,142.0,0.0,53.0,309.0,0.0,0.0,0.0,0.0,142.0
2026,,,UA,SFO,BOS,199.0,150.0,0.0,277.0,2704.0,2.0,0.0,0.0,0.0,148.0
2026,,,WN,BWI,MCO,32.0,32.0,0.0,127.0,787.0,7.0,0.0,0.0,0.0,25.0
2026,,,WN,RDU,PHX,60.0,31.0,0.0,261.0,1891.0,31.0,0.0,0.0,0.0,0.0
2026,,,AA,MIA,DFW,150.0,138.0,0.0,165.0,1121.0,0.0,0.0,0.0,0.0,138.0
2026,,,AA,PHX,DEN,37.0,28.0,0.0,79.0,602.0,28.0,0.0,0.0,0.0,0.0
2026,,,AA,DFW,BNA,79.0,75.0,0.0,80.0,631.0,9.0,0.0,0.0,0.0,66.0
2026,,,AA,MCO,MIA,44.0,42.0,0.0,38.0,192.0,0.0,4.0,0.0,0.0,38.0
2026,,,9E,CLT,LGA,7.0,-10.0,0.0,78.0,544.0,,,,,
2026,,,DL,SLC,SAN,53.0,44.0,0.0,90.0,626.0,43.0,0.0,0.0,0.0,1.0
2026,,,WN,MCO,MKE,35.0,19.0,0.0,141.0,1066.0,0.0,0.0,0.0,0.0,19.0
2026,,,WN,BWI,BOS,4.0,-14.0,0.0,64.0,369.0,,,,,
2026,,,MQ,GGG,DFW,34.0,23.0,0.0,34.0,140.0,10.0,0.0,0.0,0.0,13.0
2026,,,YX,CMH,BOS,145.0,127.0,0.0,77.0,640.0,0.0,0.0,0.0,0.0,127.0
2026,,,9E,EWR,CVG,6.0,-10.0,0.0,98.0,569.0,,,,,
2026,,,F9,ONT,LAS,46.0,52.0,0.0,38.0,197.0,0.0,0.0,6.0,0.0,46.0
2026,,,PT,ORF,PHL,24.0,65.0,0.0,71.0,212.0,0.0,0.0,41.0,0.0,24.0
2026,,,UA,SLC,DEN,20.0,44.0,0.0,70.0,391.0,0.0,0.0,24.0,0.0,20.0
2026,,,UA,SAN,IAD,19.0,16.0,0.0,265.0,2253.0,16.0,0.0,0.0,0.0,0.0
2026,,,WN,SAT,LAX,3.0,-6.0,0.0,171.0,1211.0,,,,,
2026,,,B6,JFK,CHS,94.0,77.0,0.0,102.0,636.0,77.0,0.0,0.0,0.0,0.0
2026,,,NK,MCO,DTW,54.0,81.0,0.0,135.0,957.0,49.0,0.0,32.0,0.0,0.0
2026,,,AA,DFW,IAH,15.0,9.0,0.0,48.0,224.0,,,,,
2026,,,AS,SEA,FAI,15.0,-18.0,0.0,188.0,1533.0,,,,,
2026,,,AA,MIA,DCA,14.0,10.0,0.0,134.0,919.0,,,,,
2026,,,WN,HNL,KOA,125.0,126.0,0.0,31.0,163.0,11.0,0.0,1.0,0.0,114.0
2026,,,AA,LAX,JFK,4.0,-24.0,0.0,280.0,2475.0,,,,,
2026,,,WN,MIA,HOU,1.0,-16.0,0.0,146.0,955.0,,,,,
2026,,,DL,RDU,ATL,3.0,-10.0,0.0,60.0,356.0,,,,,
2026,,,DL,ATL,MSY,119.0,112.0,0.0,75.0,425.0,0.0,0.0,0.0,0.0,112.0
2026,,,B6,AUS,BOS,414.0,397.0,0.0,187.0,1698.0,397.0,0.0,0.0,0.0,0.0
2026,,,NK,FLL,MSY,4.0,-3.0,0.0,103.0,673.0,,,,,
2026,,,OO,DTW,MKE,3.0,-15.0,0.0,46.0,237.0,,,,,
2026,,,WN,MCI,BNA,5.0,-6.0,0.0,66.0,491.0,,,,,
2026,,,B6,JFK,DAB,1.0,-30.0,0.0,128.0,891.0,,,,,
2026,,,F9,MCO,SJU,20.0,5.0,0.0,141.0,1188.0,,,,,
2026,,,AA,MIA,LAX,43.0,19.0,0.0,315.0,2342.0,19.0,0.0,0.0,0.0,0.0
2026,,,DL,ATL,ORF,1.0,-5.0,0.0,72.0,516.0,,,,,
2026,,,AA,ORD,CLT,7.0,-2.0,0.0,85.0,599.0,,,,,
2026,,,AS,SEA,LAX,5.0,-9.0,0.0,127.0,954.0,,,,,
2026,,,DL,OKC,ATL,134.0,119.0,0.0,94.0,761.0,0.0,0.0,0.0,0.0,119.0
2026,,,OH,ORD,TUL,46.0,23.0,0.0,88.0,585.0,13.0,0.0,0.0,0.0,10.0
2026,,,AS,BOS,SAN,1.0,-26.0,0.0,348.0,2588.0,,,,,
2026,,,WN,FLL,BWI,19.0,1.0,0.0,120.0,925.0,,,,,
2026,,,MQ,PHX,XNA,22.0,10.0,0.0,114.0,1023.0,,,,,
2026,,,WN,MDW,OMA,37.0,29.0,0.0,77.0,423.0,29.0,0.0,0.0,0.0,0.0
2026,,,OO,EUG,SAN,100.0,76.0,0.0,122.0,850.0,76.0,0.0,0.0,0.0,0.0
2026,,,DL,MIA,SEA,30.0,17.0,0.0,377.0,2724.0,2.0,0.0,0.0,0.0,15.0
2026,,,B6,HPN,PBI,75.0,47.0,0.0,130.0,1056.0,0.0,0.0,0.0,0.0,47.0
2026,,,DL,SEA,SAN,60.0,56.0,0.0,135.0,1050.0,56.0,0.0,0.0,0.0,0.0
2026,,,WN,LAS,OAK,9.0,-10.0,0.0,64.0,407.0,,,,,
2026,,,WN,DEN,RNO,4.0,-7.0,0.0,110.0,804.0,,,,,
2026,,,WN,PDX,PHX,1.0,-19.0,0.0,122.0,1010.0,,,,,
2026,,,NK,CLT,FLL,4.0,24.0,0.0,123.0,632.0,4.0,0.0,20.0,0.0,0.0
2026,,,AA,MCI,MIA,29.0,1.0,0.0,143.0,1251.0,,,,,
2026,,,WN,AUS,MSY,25.0,20.0,0.0,56.0,445.0,20.0,0.0,0.0,0.0,0.0
2026,,,WN,DEN,LGA,36.0,40.0,0.0,182.0,1620.0,2.0,0.0,4.0,0.0,34.0
2026,,,AS,SEA,KTN,2.0,-17.0,0.0,99.0,680.0,,,,,
2026,,,UA,MCO,SFO,35.0,27.0,0.0,318.0,2446.0,0.0,27.0,0.0,0.0,0.0
2026,,,OO,BHM,IAH,2.0,8.0,0.0,107.0,562.0,,,,,
2026,,,B6,BOS,SFO,79.0,47.0,0.0,357.0,2704.0,0.0,0.0,18.0,0.0,29.0
2026,,,DL,LAX,TPA,206.0,198.0,0.0,234.0,2158.0,198.0,0.0,0.0,0.0,0.0
2026,,,B6,JFK,MCO,9.0,-17.0,0.0,134.0,944.0,,,,,
2026,,,OH,TVC,ORD,229.0,201.0,0.0,48.0,224.0,0.0,0.0,0.0,0.0,201.0
2026,,,OO,DFW,IDA,16.0,38.0,0.0,168.0,1095.0,0.0,0.0,22.0,0.0,16.0
2026,,,UA,PBI,DEN,45.0,22.0,0.0,233.0,1679.0,22.0,0.0,0.0,0.0,0.0
2026,,,OH,CLT,ECP,43.0,22.0,0.0,75.0,437.0,3.0,0.0,0.0,0.0,19.0
2026,,,OH,ORF,PHL,273.0,272.0,0.0,40.0,212.0,272.0,0.0,0.0,0.0,0.0
2026,,,AS,SEA,ANC,63.0,93.0,0.0,190.0,1448.0,0.0,0.0,42.0,0.0,51.0
2026,,,WN,BDL,BWI,71.0,63.0,0.0,62.0,283.0,28.0,0.0,0.0,0.0,35.0
2026,,,OO,IAH,LFT,21.0,28.0,0.0,39.0,201.0,0.0,0.0,7.0,0.0,21.0
2026,,,AS,PDX,ANC,5.0,-18.0,0.0,191.0,1542.0,,,,,
2026,,,WN,AUS,LAS,69.0,62.0,0.0,153.0,1090.0,0.0,0.0,62.0,0.0,0.0
2026,,,WN,MCO,BWI,35.0,24.0,0.0,103.0,787.0,24.0,0.0,0.0,0.0,0.0
2026,,,WN,BNA,DAL,6.0,2.0,0.0,109.0,623.0,,,,,
2026,,,DL,ATL,BNA,59.0,55.0,0.0,40.0,214.0,55.0,0.0,0.0,0.0,0.0
2026,,,PT,FAY,CLT,29.0,12.0,0.0,30.0,118.0,,,,,
2026,,,C5,IAH,BTR,2.0,-14.0,0.0,40.0,253.0,,,,,
2026,,,DL,DTW,ATL,5.0,-19.0,0.0,88.0,594.0,,,,,
2026,,,UA,LGA,IAH,10.0,-13.0,0.0,216.0,1416.0,,,,,
2026,,,WN,HOU,MCO,9.0,12.0,0.0,106.0,849.0,,,,,
2026,,,AA,STL,MIA,39.0,11.0,0.0,124.0,1068.0,,,,,
2026,,,DL,TUS,SEA,93.0,77.0,0.0,168.0,1215.0,77.0,0.0,0.0,0.0,0.0
2026,,,F9,ISP,MCO,4.0,-5.0,0.0,148.0,971.0,,,,,
2026,,,DL,IAH,DTW,86.0,85.0,0.0,135.0,1075.0,15.0,0.0,0.0,0.0,70.0
2026,,,WN,SFO,LAS,44.0,47.0,0.0,66.0,414.0,24.0,0.0,3.0,0.0,20.0
2026,,,F9,PHL,MCO,192.0,231.0,0.0,153.0,862.0,30.0,0.0,39.0,0.0,162.0
2026,,,F9,MCO,BWI,36.0,15.0,0.0,96.0,787.0,0.0,0.0,0.0,0.0,15.0
2026,,,B6,JFK,RDU,71.0,70.0,0.0,74.0,427.0,70.0,0.0,0.0,0.0,0.0
2026,,,OH,PHL,JAX,4.0,-7.0,0.0,98.0,742.0,,,,,
2026,,,UA,MSP,ORD,2.0,17.0,0.0,55.0,334.0,0.0,0.0,17.0,0.0,0.0
2026,,,AA,BNA,DFW,32.0,5.0,0.0,94.0,631.0,,,,,
2026,,,OO,DEN,LAR,22.0,12.0,0.0,26.0,113.0,,,,,
2026,,,G7,ORD,DTW,245.0,239.0,0.0,44.0,235.0,28.0,0.0,0.0,0.0,211.0
2026,,,B6,LGA,TPA,111.0,113.0,0.0,140.0,1010.0,111.0,0.0,2.0,0.0,0.0
2026,,,F9,PHX,SNA,40.0,24.0,0.0,53.0,338.0,24.0,0.0,0.0,0.0,0.0
2026,,,F9,TPA,PHL,29.0,14.0,0.0,116.0,920.0,,,,,
2026,,,AS,KOA,HNL,47.0,66.0,0.0,30.0,163.0,0.0,0.0,19.0,0.0,47.0
2026,,,OO,SHV,CLT,4.0,-4.0,0.0,95.0,764.0,,,,,
2026,,,NK,FLL,MSY,37.0,32.0,0.0,110.0,673.0,0.0,0.0,32.0,0.0,0.0
2026,,,OO,SEA,LAX,541.0,541.0,0.0,146.0,954.0,0.0,0.0,0.0,0.0,541.0
2026,,,AA,CLT,JAX,56.0,43.0,0.0,50.0,328.0,15.0,0.0,0.0,0.0,28.0
2026,,,OO,LAX,PHX,300.0,297.0,0.0,63.0,370.0,297.0,0.0,0.0,0.0,0.0
2026,,,AA,DFW,ABQ,4.0,-8.0,0.0,88.0,569.0,,,,,
2026,,,AA,ORD,SFO,1.0,-34.0,0.0,241.0,1846.0,,,,,
2026,,,NK,PHL,MCO,3.0,14.0,0.0,142.0,862.0,,,,,
2026,,,UA,DEN,ABQ,33.0,23.0,0.0,53.0,349.0,23.0,0.0,0.0,0.0,0.0
2026,,,DL,MCI,DTW,5.0,1.0,0.0,84.0,629.0,,,,,
2026,,,UA,MDT,ORD,39.0,27.0,0.0,90.0,594.0,0.0,3.0,0.0,0.0,24.0
2026,,,AA,ORD,DCA,56.0,67.0,0.0,83.0,612.0,56.0,0.0,11.0,0.0,0.0
2026,,,AS,HNL,OGG,5.0,1.0,0.0,22.0,101.0,,,,,
2026,,,AA,PHX,MRY,28.0,20.0,0.0,80.0,598.0,20.0,0.0,0.0,0.0,0.0
2026,,,YX,CMH,EWR,12.0,12.0,0.0,75.0,463.0,,,,,
2026,,,UA,CLE,FLL,5.0,-9.0,0.0,145.0,1062.0,,,,,
2026,,,AS,CVG,SEA,7.0,23.0,0.0,296.0,1965.0,7.0,0.0,16.0,0.0,0.0
2026,,,OO,PHX,BFL,107.0,99.0,0.0,70.0,425.0,0.0,99.0,0.0,0.0,0.0
2026,,,UA,DCA,ORD,6.0,22.0,0.0,107.0,612.0,0.0,0.0,16.0,0.0,6.0
2026,,,DL,AUS,SFO,141.0,137.0,0.0,208.0,1504.0,4.0,0.0,0.0,0.0,133.0
2026,,,WN,BWI,FLL,122.0,152.0,0.0,159.0,925.0,118.0,0.0,30.0,0.0,4.0
2026,,,UA,DEN,ABQ,54.0,56.0,0.0,54.0,349.0,54.0,0.0,2.0,0.0,0.0
2026,,,G7,ORD,BUF,13.0,67.0,0.0,73.0,474.0,0.0,13.0,54.0,0.0,0.0
2026,,,YX,SDF,BOS,13.0,-11.0,0.0,98.0,829.0,,,,,
2026,,,DL,GSO,ATL,28.0,24.0,0.0,59.0,306.0,0.0,0.0,0.0,0.0,24.0
2026,,,WN,BWI,JAX,1.0,12.0,0.0,119.0,663.0,,,,,
2026,,,F9,ATL,FLL,44.0,31.0,0.0,85.0,581.0,31.0,0.0,0.0,0.0,0.0
2026,,,WN,DCA,DAL,8.0,3.0,0.0,177.0,1184.0,,,,,
2026,,,WN,CMH,AUS,13.0,0.0,0.0,166.0,1073.0,,,,,
2026,,,AA,MCI,DFW,7.0,-12.0,0.0,79.0,460.0,,,,,
2026,,,9E,DTW,JFK,200.0,285.0,0.0,74.0,509.0,0.0,5.0,85.0,0.0,195.0
2026,,,OO,MSP,MKE,224.0,192.0,0.0,45.0,297.0,192.0,0.0,0.0,0.0,0.0
2026,,,AA,LAS,DFW,6.0,-18.0,0.0,120.0,1055.0,,,,,
2026,,,AS,SFO,HNL,3.0,13.0,0.0,320.0,2398.0,,,,,
2026,,,DL,DTW,JFK,19.0,4.0,0.0,81.0,509.0,,,,,
2026,,,PT,CLT,ILM,37.0,30.0,0.0,34.0,185.0,30.0,0.0,0.0,0.0,0.0
2026,,,OH,CAE,DCA,59.0,51.0,0.0,68.0,408.0,0.0,0.0,0.0,0.0,51.0
2026,,,AA,DFW,LGA,119.0,104.0,0.0,161.0,1389.0,0.0,104.0,0.0,0.0,0.0
2026,,,AS,HNL,KOA,3.0,8.0,0.0,26.0,163.0,,,,,
2026,,,OO,ORD,OKC,19.0,19.0,0.0,104.0,693.0,0.0,0.0,0.0,0.0,19.0
2026,,,WN,DEN,HOU,21.0,1.0,0.0,106.0,883.0,,,,,
2026,,,WN,MSY,MCO,7.0,-9.0,0.0,75.0,551.0,,,,,
2026,,,AA,MIA,STX,39.0,30.0,0.0,131.0,1139.0,30.0,0.0,0.0,0.0,0.0
2026,,,WN,PNS,DAL,18.0,15.0,0.0,98.0,592.0,0.0,0.0,0.0,0.0,15.0
2026,,,MQ,ALO,ORD,220.0,213.0,0.0,49.0,234.0,23.0,0.0,0.0,0.0,190.0
2026,,,WN,LAS,PHX,61.0,68.0,0.0,51.0,255.0,1.0,0.0,7.0,0.0,60.0
2026,,,DL,ATL,MEM,50.0,45.0,0.0,58.0,332.0,45.0,0.0,0.0,0.0,0.0
2026,,,WN,AUS,MCO,5.0,-12.0,0.0,111.0,994.0,,,,,
2026,,,DL,PDX,ATL,86.0,73.0,0.0,241.0,2172.0,73.0,0.0,0.0,0.0,0.0
2026,,,F9,MSP,DEN,10.0,18.0,0.0,103.0,680.0,10.0,0.0,8.0,0.0,0.0
2026,,,YX,IAD,CMH,46.0,40.0,0.0,60.0,299.0,40.0,0.0,0.0,0.0,0.0
2026,,,AS,JNU,SIT,26.0,17.0,0.0,22.0,95.0,17.0,0.0,0.0,0.0,0.0
2026,,,WN,DAL,LAX,44.0,31.0,0.0,180.0,1246.0,13.0,0.0,0.0,0.0,18.0
2026,,,DL,LGA,MCI,54.0,72.0,0.0,180.0,1107.0,54.0,0.0,18.0,0.0,0.0
2026,,,AA,DFW,CLE,232.0,234.0,0.0,138.0,1021.0,232.0,0.0,2.0,0.0,0.0
2026,,,B6,PBI,LGA,4.0,22.0,0.0,132.0,1035.0,4.0,0.0,18.0,0.0,0.0
2026,,,DL,MEM,ATL,20.0,5.0,0.0,51.0,332.0,,,,,
2026,,,AS,DTW,SEA,27.0,42.0,0.0,256.0,1927.0,0.0,5.0,15.0,0.0,22.0
2026,,,G4,PGD,ATW,161.0,165.0,0.0,169.0,1250.0,0.0,0.0,5.0,0.0,160.0
2026,,,WN,SAN,PHX,23.0,8.0,0.0,50.0,304.0,,,,,
2026,,,WN,ISP,PBI,1.0,17.0,0.0,190.0,1052.0,0.0,0.0,17.0,0.0,0.0
2026,,,DL,ICT,ATL,2.0,18.0,0.0,100.0,782.0,0.0,0.0,18.0,0.0,0.0
2026,,,MQ,HSV,DFW,23.0,50.0,0.0,138.0,603.0,0.0,0.0,33.0,0.0,17.0
2026,,,OO,DEN,FAR,3.0,-20.0,0.0,85.0,627.0,,,,,
2026,,,WN,IND,PHX,37.0,37.0,0.0,216.0,1489.0,29.0,0.0,0.0,0.0,8.0
2026,,,DL,BOS,SJU,8.0,5.0,0.0,211.0,1674.0,,,,,
2026,,,WN,DAL,MSY,29.0,22.0,0.0,55.0,437.0,0.0,0.0,0.0,0.0,22.0
2026,,,OO,ORD,DTW,62.0,155.0,0.0,56.0,235.0,0.0,62.0,93.0,0.0,0.0
2026,,,WN,DEN,PHL,147.0,145.0,0.0,182.0,1558.0,0.0,0.0,141.0,0.0,4.0
2026,,,OO,DEN,OKC,3.0,16.0,0.0,65.0,495.0,3.0,0.0,13.0,0.0,0.0
2026,,,AS,SEA,ANC,60.0,52.0,0.0,194.0,1448.0,52.0,0.0,0.0,0.0,0.0
2026,,,WN,FLL,STL,73.0,63.0,0.0,149.0,1057.0,6.0,0.0,0.0,0.0,57.0
2026,,,AA,MKE,CLT,7.0,-12.0,0.0,90.0,651.0,,,,,
2026,,,AS,SEA,HNL,87.0,111.0,0.0,381.0,2677.0,111.0,0.0,0.0,0.0,0.0
2026,,,YV,IAH,MCI,11.0,4.0,0.0,92.0,643.0,,,,,
2026,,,WN,MCO,HOU,12.0,-1.0,0.0,135.0,849.0,,,,,
2026,,,DL,OGG,SLC,3.0,-10.0,0.0,318.0,2935.0,,,,,
2026,,,WN,BWI,CMH,6.0,-2.0,0.0,66.0,337.0,,,,,
2026,,,AA,RSW,DFW,104.0,86.0,0.0,139.0,1017.0,27.0,0.0,0.0,0.0,59.0
2026,,,AA,EYW,DFW,39.0,27.0,0.0,169.0,1089.0,17.0,0.0,0.0,0.0,10.0
2026,,,YX,SRQ,PHL,13.0,-2.0,0.0,120.0,957.0,,,,,
2026,,,WN,MDW,BWI,1.0,6.0,0.0,75.0,611.0,,,,,
2026,,,WN,BOI,LAS,19.0,12.0,0.0,77.0,519.0,,,,,
2026,,,UA,IAH,SAN,14.0,15.0,0.0,179.0,1303.0,14.0,0.0,1.0,0.0,0.0
2026,,,AA,DFW,MSN,157.0,146.0,0.0,105.0,821.0,25.0,0.0,0.0,0.0,121.0
2026,,,AS,ANC,SEA,2.0,7.0,0.0,179.0,1448.0,,,,,
2026,,,YV,ABQ,IAH,20.0,21.0,0.0,94.0,744.0,1.0,0.0,1.0,0.0,19.0
2026,,,OO,ATW,ORD,86.0,106.0,0.0,48.0,160.0,0.0,0.0,20.0,0.0,86.0
2026,,,WN,PHX,AUS,6.0,7.0,0.0,103.0,872.0,,,,,
2026,,,AA,LAX,DFW,4.0,-11.0,0.0,147.0,1235.0,,,,,
2026,,,OO,MSP,GRB,206.0,189.0,0.0,39.0,252.0,189.0,0.0,0.0,0.0,0.0
2026,,,DL,HDN,ATL,95.0,79.0,0.0,154.0,1340.0,79.0,0.0,0.0,0.0,0.0
2026,,,9E,IAD,JFK,2.0,-7.0,0.0,51.0,228.0,,,,,
2026,,,WN,BWI,HOU,3.0,1.0,0.0,184.0,1246.0,,,,,
2026,,,WN,LAX,ELP,11.0,0.0,0.0,87.0,715.0,,,,,
2026,,,AA,DFW,ELP,7.0,1.0,0.0,80.0,551.0,,,,,
2026,,,DL,DCA,ATL,172.0,158.0,0.0,87.0,547.0,158.0,0.0,0.0,0.0,0.0
2026,,,AA,MFE,DFW,155.0,157.0,0.0,73.0,469.0,0.0,0.0,2.0,0.0,155.0
2026,,,B6,PBI,LGA,46.0,81.0,0.0,140.0,1035.0,16.0,0.0,35.0,0.0,30.0
2026,,,WN,ATL,MCO,91.0,83.0,0.0,59.0,404.0,0.0,0.0,0.0,0.0,83.0
2026,,,WN,MKE,MCO,86.0,76.0,0.0,135.0,1066.0,1.0,0.0,0.0,0.0,75.0
2026,,,OO,SBN,ATL,27.0,37.0,0.0,83.0,566.0,27.0,0.0,10.0,0.0,0.0
2026,,,DL,DTW,MSP,14.0,59.0,0.0,121.0,528.0,0.0,0.0,45.0,0.0,14.0
2026,,,NK,ATL,LAX,40.0,15.0,0.0,264.0,1947.0,3.0,0.0,1.0,0.0,11.0
2026,,,YX,MCI,BOS,26.0,30.0,0.0,169.0,1256.0,5.0,0.0,4.0,0.0,21.0
2026,,,OO,IND,ORD,48.0,30.0,0.0,42.0,177.0,0.0,0.0,30.0,0.0,0.0
2026,,,NK,LAS,IAH,117.0,109.0,0.0,145.0,1222.0,109.0,0.0,0.0,0.0,0.0
2026,,,AS,SEA,MCO,16.0,24.0,0.0,302.0,2554.0,16.0,0.0,8.0,0.0,0.0
2026,,,WN,FLL,IND,6.0,-10.0,0.0,133.0,1005.0,,,,,
2026,,,AA,DEN,PHX,18.0,5.0,0.0,88.0,602.0,,,,,
2026,,,UA,CVG,ORD,243.0,221.0,0.0,51.0,264.0,6.0,0.0,0.0,0.0,215.0
2026,,,OO,GTF,DEN,84.0,62.0,0.0,80.0,623.0,62.0,0.0,0.0,0.0,0.0
2026,,,AS,SEA,PDX,74.0,63.0,0.0,27.0,129.0,63.0,0.0,0.0,0.0,0.0
2026,,,AA,IND,MIA,22.0,2.0,0.0,134.0,1020.0,,,,,
2026,,,DL,PHL,SLC,216.0,229.0,0.0,300.0,1927.0,216.0,0.0,13.0,0.0,0.0
2026,,,WN,DTW,DEN,10.0,-8.0,0.0,158.0,1123.0,,,,,
2026,,,OO,DEN,SGF,5.0,-11.0,0.0,81.0,637.0,,,,,
2026,,,YX,SDF,EWR,16.0,-2.0,0.0,94.0,642.0,,,,,
2026,,,WN,PHX,ATL,72.0,81.0,0.0,189.0,1587.0,0.0,0.0,9.0,0.0,72.0
2026,,,9E,DTW,CLE,86.0,82.0,0.0,23.0,95.0,0.0,0.0,0.0,0.0,82.0
2026,,,WN,SAN,SFO,22.0,0.0,0.0,65.0,447.0,,,,,
2026,,,OO,CRW,ATL,20.0,17.0,0.0,56.0,363.0,17.0,0.0,0.0,0.0,0.0
2026,,,AA,BDL,CLT,1.0,8.0,0.0,109.0,644.0,,,,,
2026,,,AS,STL,SEA,28.0,29.0,0.0,254.0,1709.0,8.0,0.0,1.0,0.0,20.0
2026,,,OO,CID,MSP,3.0,-12.0,0.0,47.0,220.0,,,,,
2026,,,9E,GSO,LGA,27.0,14.0,0.0,63.0,461.0,,,,,
2026,,,B6,ISP,FLL,96.0,82.0,0.0,158.0,1092.0,1.0,0.0,0.0,0.0,81.0
2026,,,MQ,DFW,OKC,3.0,0.0,0.0,33.0,175.0,,,,,
2026,,,NK,SJU,DFW,26.0,22.0,0.0,298.0,2165.0,22.0,0.0,0.0,0.0,0.0
2026,,,DL,BDL,MSP,52.0,128.0,0.0,158.0,1050.0,28.0,24.0,76.0,0.0,0.0
2026,,,WN,MCO,RDU,5.0,5.0,0.0,82.0,534.0,,,,,
2026,,,QX,PDX,SEA,1.0,-1.0,0.0,39.0,129.0,,,,,
2026,,,OO,SLC,LAX,3.0,-18.0,0.0,100.0,590.0,,,,,
2026,,,OO,ORD,CLE,10.0,3.0,0.0,47.0,316.0,,,,,
2026,,,G7,FSD,ORD,92.0,88.0,0.0,74.0,462.0,0.0,0.0,0.0,0.0,88.0
2026,,,UA,DEN,SAN,12.0,-13.0,0.0,109.0,853.0,,,,,
2026,,,YX,MCO,SDF,11.0,0.0,0.0,103.0,719.0,,,,,
2026,,,DL,ATL,DCA,7.0,27.0,0.0,93.0,547.0,7.0,0.0,20.0,0.0,0.0
2026,,,F9,LAS,ONT,91.0,119.0,0.0,40.0,197.0,0.0,0.0,28.0,0.0,91.0
2026,,,UA,DEN,ONT,1.0,-4.0,0.0,105.0,819.0,,,,,
2026,,,OO,STS,SNA,9.0,0.0,0.0,72.0,433.0,,,,,
2026,,,OO,IAH,SHV,2.0,-6.0,0.0,40.0,192.0,,,,,
2026,,,UA,ORD,DFW,28.0,58.0,0.0,128.0,802.0,28.0,0.0,30.0,0.0,0.0
2026,,,OO,IAH,LBB,7.0,-15.0,0.0,70.0,457.0,,,,,
2026,,,B6,EWR,FLL,63.0,60.0,0.0,140.0,1065.0,0.0,0.0,26.0,0.0,34.0
2026,,,DL,ATL,LAS,18.0,3.0,0.0,237.0,1747.0,,,,,
2026,,,UA,ORD,MSP,208.0,297.0,0.0,59.0,334.0,0.0,208.0,89.0,0.0,0.0
2026,,,AA,MSP,DFW,5.0,-2.0,0.0,114.0,852.0,,,,,
2026,,,UA,IAH,ORD,208.0,224.0,0.0,134.0,925.0,153.0,0.0,16.0,0.0,55.0
2026,,,DL,BOS,MSP,12.0,41.0,0.0,176.0,1124.0,0.0,12.0,29.0,0.0,0.0
2026,,,DL,ATL,LEX,15.0,19.0,0.0,56.0,304.0,15.0,0.0,4.0,0.0,0.0
2026,,,AA,LAX,DFW,228.0,224.0,0.0,153.0,1235.0,224.0,0.0,0.0,0.0,0.0
2026,,,DL,MIA,MSP,3.0,17.0,0.0,221.0,1501.0,0.0,0.0,17.0,0.0,0.0
2026,,,WN,MCO,MSP,21.0,8.0,0.0,189.0,1310.0,,,,,
2026,,,AA,MIA,MCO,13.0,18.0,0.0,38.0,192.0,13.0,0.0,5.0,0.0,0.0
2026,,,UA,LAS,EWR,3.0,-4.0,0.0,262.0,2227.0,,,,,
2026,,,AA,PHL,BOS,4.0,7.0,0.0,54.0,280.0,,,,,
2026,,,WN,LAS,SBA,32.0,8.0,0.0,47.0,289.0,,,,,
2026,,,UA,ORD,AUS,12.0,117.0,0.0,161.0,977.0,0.0,12.0,105.0,0.0,0.0
2026,,,WN,SMF,LGB,4.0,-5.0,0.0,68.0,387.0,,,,,
2026,,,DL,LGA,ATL,80.0,60.0,0.0,112.0,762.0,0.0,0.0,0.0,0.0,60.0
2026,,,DL,ATL,MIA,4.0,-12.0,0.0,83.0,594.0,,,,,
2026,,,OO,BUR,SFO,36.0,34.0,0.0,66.0,326.0,0.0,0.0,0.0,0.0,34.0
2026,,,AS,ANC,ADQ,55.0,70.0,0.0,45.0,253.0,0.0,3.0,15.0,0.0,52.0
2026,,,YV,XNA,IAH,5.0,-4.0,0.0,86.0,438.0,,,,,
2026,,,AS,LIH,PDX,2.0,-24.0,0.0,296.0,2630.0,,,,,
2026,,,AS,SEA,SFO,52.0,77.0,0.0,125.0,679.0,0.0,0.0,77.0,0.0,0.0
2026,,,DL,SFO,ATL,10.0,4.0,0.0,236.0,2139.0,,,,,
2026,,,DL,SEA,DTW,51.0,41.0,0.0,204.0,1927.0,0.0,0.0,0.0,0.0,41.0
2026,,,AA,CVG,DFW,57.0,43.0,0.0,128.0,812.0,0.0,3.0,0.0,0.0,40.0
2026,,,AA,PIT,CLT,7.0,12.0,0.0,63.0,366.0,,,,,
2026,,,OO,BOI,PHX,4.0,-6.0,0.0,114.0,735.0,,,,,
2026,,,WN,MDW,DAL,2.0,-15.0,0.0,105.0,793.0,,,,,
2026,,,UA,ORD,EGE,4.0,-4.0,0.0,143.0,1007.0,,,,,
2026,,,AA,EYW,CLT,25.0,26.0,0.0,104.0,736.0,25.0,0.0,1.0,0.0,0.0
2026,,,F9,ATL,JFK,50.0,28.0,0.0,96.0,760.0,28.0,0.0,0.0,0.0,0.0
2026,,,OO,GRR,DTW,28.0,23.0,0.0,33.0,120.0,23.0,0.0,0.0,0.0,0.0
2026,,,MQ,YUM,PHX,3.0,-5.0,0.0,33.0,160.0,,,,,
2026,,,AA,ORD,LGA,5.0,1.0,0.0,101.0,733.0,,,,,
2026,,,AS,HNL,OGG,6.0,6.0,0.0,22.0,101.0,,,,,
2026,,,OO,SFO,PSP,5.0,-8.0,0.0,67.0,421.0,,,,,
2026,,,OO,DEN,MSP,1.0,4.0,0.0,93.0,680.0,,,,,
2026,,,DL,LAX,JFK,73.0,66.0,0.0,279.0,2475.0,0.0,0.0,3.0,0.0,63.0
2026,,,DL,JFK,SEA,17.0,67.0,0.0,349.0,2422.0,17.0,0.0,50.0,0.0,0.0
2026,,,UA,DEN,MEM,7.0,-1.0,0.0,102.0,872.0,,,,,
2026,,,9E,ATL,GSO,3.0,-8.0,0.0,46.0,306.0,,,,,
2026,,,WN,BNA,MIA,1.0,0.0,0.0,111.0,806.0,,,,,
2026,,,UA,SFO,EWR,56.0,64.0,0.0,294.0,2565.0,0.0,0.0,64.0,0.0,0.0
2026,,,DL,PHX,MSP,10.0,-1.0,0.0,158.0,1276.0,,,,,
2026,,,UA,LAS,SFO,36.0,17.0,0.0,67.0,414.0,6.0,0.0,0.0,0.0,11.0
2026,,,UA,IAD,LAX,73.0,89.0,0.0,332.0,2288.0,73.0,0.0,16.0,0.0,0.0
2026,,,UA,DEN,ORD,2.0,32.0,0.0,105.0,888.0,0.0,0.0,32.0,0.0,0.0
2026,,,AS,PDX,DCA,1.0,-7.0,0.0,274.0,2350.0,,,,,
2026,,,MQ,ORD,MSY,8.0,49.0,0.0,121.0,837.0,0.0,8.0,41.0,0.0,0.0
2026,,,UA,SBA,SFO,160.0,165.0,0.0,57.0,262.0,0.0,0.0,154.0,0.0,11.0
2026,,,WN,ROC,MCO,107.0,71.0,0.0,129.0,1033.0,0.0,0.0,0.0,0.0,71.0
2026,,,AS,SEA,BUR,30.0,36.0,0.0,135.0,937.0,30.0,0.0,6.0,0.0,0.0
2026,,,AA,DFW,GEG,161.0,147.0,0.0,188.0,1477.0,12.0,0.0,0.0,0.0,135.0
2026,,,DL,FLL,JFK,55.0,43.0,0.0,141.0,1069.0,43.0,0.0,0.0,0.0,0.0
2026,,,OO,SLC,GTF,20.0,7.0,0.0,76.0,463.0,,,,,
2026,,,DL,ATL,DCA,55.0,54.0,0.0,76.0,547.0,54.0,0.0,0.0,0.0,0.0
2026,,,OO,ATW,DTW,3.0,-1.0,0.0,43.0,296.0,,,,,
2026,,,MQ,ORD,ALO,8.0,-4.0,0.0,42.0,234.0,,,,,
2026,,,OO,FAR,MSP,6.0,-21.0,0.0,40.0,223.0,,,,,
2026,,,WN,SJC,BNA,6.0,-1.0,0.0,222.0,1947.0,,,,,
2026,,,YX,IND,ORD,4.0,-9.0,0.0,42.0,177.0,,,,,
2026,,,F9,DEN,FSD,17.0,22.0,0.0,65.0,483.0,0.0,4.0,5.0,0.0,13.0
2026,,,AA,MIA,BOS,4.0,9.0,0.0,172.0,1258.0,,,,,
2026,,,F9,MCO,RDU,53.0,51.0,0.0,74.0,534.0,0.0,0.0,0.0,0.0,51.0
2026,,,NK,TPA,ORD,12.0,42.0,0.0,139.0,1012.0,12.0,0.0,30.0,0.0,0.0
2026,,,OO,SLC,FAT,136.0,121.0,0.0,79.0,501.0,121.0,0.0,0.0,0.0,0.0
2026,,,AS,HNL,ITO,29.0,29.0,0.0,37.0,216.0,0.0,0.0,0.0,0.0,29.0
2026,,,DL,ATL,PIT,53.0,54.0,0.0,80.0,526.0,53.0,0.0,1.0,0.0,0.0
2026,,,YX,BOS,DCA,4.0,3.0,0.0,92.0,399.0,,,,,
2026,,,WN,CLT,BWI,7.0,-3.0,0.0,55.0,361.0,,,,,
2026,,,OO,ORD,ASE,229.0,281.0,0.0,172.0,1013.0,0.0,0.0,281.0,0.0,0.0
2026,,,AA,PVD,DCA,50.0,76.0,0.0,85.0,356.0,0.0,0.0,26.0,0.0,50.0
2026,,,OO,IAD,JST,35.0,29.0,0.0,38.0,119.0,29.0,0.0,0.0,0.0,0.0
2026,,,AS,SEA,JNU,5.0,2.0,0.0,133.0,909.0,,,,,
2026,,,WN,BWI,IND,23.0,7.0,0.0,81.0,516.0,,,,,
2026,,,G7,LEX,ORD,24.0,-8.0,0.0,61.0,323.0,,,,,
2026,,,QX,MFR,SEA,4.0,6.0,0.0,63.0,352.0,,,,,
2026,,,WN,OGG,HNL,1.0,35.0,0.0,24.0,101.0,0.0,0.0,35.0,0.0,0.0
2026,,,DL,ATL,BOS,31.0,19.0,0.0,123.0,946.0,2.0,0.0,0.0,0.0,17.0
2026,,,UA,EWR,RSW,9.0,17.0,0.0,161.0,1068.0,0.0,0.0,8.0,0.0,9.0
2026,,,PT,CLT,CHA,8.0,0.0,0.0,44.0,241.0,,,,,
2026,,,DL,PBI,ATL,1.0,-21.0,0.0,77.0,545.0,,,,,
2026,,,OO,DEN,CYS,2.0,-16.0,0.0,20.0,90.0,,,,,
2026,,,WN,BNA,BHM,13.0,-2.0,0.0,31.0,177.0,,,,,
2026,,,OO,DTW,MDT,104.0,77.0,0.0,48.0,371.0,77.0,0.0,0.0,0.0,0.0
2026,,,9E,RDU,JFK,39.0,15.0,0.0,74.0,427.0,0.0,0.0,0.0,0.0,15.0
2026,,,AA,SJC,DFW,70.0,59.0,0.0,165.0,1438.0,59.0,0.0,0.0,0.0,0.0
2026,,,OO,DTW,ORD,71.0,44.0,0.0,45.0,235.0,44.0,0.0,0.0,0.0,0.0
2026,,,UA,IAD,PHX,337.0,328.0,0.0,269.0,1956.0,0.0,103.0,0.0,0.0,225.0
2026,,,OH,FAY,CLT,94.0,77.0,0.0,33.0,118.0,77.0,0.0,0.0,0.0,0.0
2026,,,DL,ATL,BTV,24.0,26.0,0.0,128.0,961.0,24.0,0.0,2.0,0.0,0.0
2026,,,WN,MSY,MCO,12.0,4.0,0.0,77.0,551.0,,,,,
2026,,,AA,DCA,BOS,68.0,49.0,0.0,59.0,399.0,49.0,0.0,0.0,0.0,0.0
2026,,,OO,BJI,MSP,95.0,104.0,0.0,47.0,199.0,95.0,0.0,9.0,0.0,0.0
2026,,,WN,LAS,DCA,49.0,34.0,0.0,230.0,2089.0,0.0,0.0,34.0,0.0,0.0
2026,,,AA,MCO,LGA,3.0,13.0,0.0,141.0,950.0,,,,,
2026,,,OO,ORD,GRB,14.0,56.0,0.0,39.0,173.0,0.0,0.0,42.0,0.0,14.0
2026,,,OO,ORD,SBN,31.0,54.0,0.0,28.0,84.0,31.0,0.0,23.0,0.0,0.0
2026,,,OO,PHX,ELP,89.0,113.0,0.0,47.0,347.0,0.0,0.0,24.0,0.0,89.0
2026,,,WN,SAN,DEN,15.0,-3.0,0.0,114.0,853.0,,,,,
2026,,,WN,HNL,KOA,81.0,80.0,0.0,31.0,163.0,0.0,0.0,0.0,0.0,80.0
2026,,,WN,BWI,SDF,2.0,-3.0,0.0,88.0,495.0,,,,,
2026,,,WN,PHX,PDX,20.0,-1.0,0.0,135.0,1010.0,,,,,
2026,,,AA,MIA,MSY,56.0,51.0,0.0,110.0,674.0,51.0,0.0,0.0,0.0,0.0
2026,,,OH,DCA,SAV,2.0,-15.0,0.0,85.0,519.0,,,,,
2026,,,AA,MIA,MSY,33.0,12.0,0.0,106.0,674.0,,,,,
2026,,,AA,LAX,KOA,131.0,105.0,0.0,308.0,2504.0,105.0,0.0,0.0,0.0,0.0
2026,,,UA,EWR,PHX,11.0,-4.0,0.0,290.0,2133.0,,,,,
2026,,,MQ,EYW,ORD,149.0,137.0,0.0,174.0,1251.0,0.0,17.0,0.0,0.0,120.0
2026,,,DL,LAX,SEA,9.0,-20.0,0.0,126.0,954.0,,,,,
2026,,,OH,DFW,TLH,111.0,92.0,0.0,87.0,767.0,7.0,0.0,0.0,0.0,85.0
2026,,,AA,DFW,GEG,29.0,27.0,0.0,209.0,1477.0,0.0,0.0,0.0,0.0,27.0
2026,,,OO,LBB,DFW,89.0,64.0,0.0,43.0,282.0,64.0,0.0,0.0,0.0,0.0
2026,,,DL,LAX,HNL,53.0,18.0,0.0,308.0,2556.0,14.0,0.0,0.0,0.0,4.0
2026,,,AA,PHL,CLT,69.0,46.0,0.0,73.0,449.0,46.0,0.0,0.0,0.0,0.0
2026,,,UA,ORD,FLL,14.0,88.0,0.0,152.0,1182.0,14.0,0.0,74.0,0.0,0.0
2026,,,YX,BOS,DCA,40.0,45.0,0.0,81.0,399.0,0.0,0.0,5.0,0.0,40.0
2026,,,WN,IND,MIA,25.0,11.0,0.0,126.0,1020.0,,,,,
2026,,,MQ,ORD,PNS,144.0,125.0,0.0,105.0,794.0,0.0,0.0,0.0,0.0,125.0
2026,,,WN,ELP,AUS,4.0,-2.0,0.0,66.0,528.0,,,,,
2026,,,DL,SLC,SAN,14.0,-13.0,0.0,78.0,626.0,,,,,
2026,,,UA,EWR,ORD,1.0,61.0,0.0,122.0,719.0,0.0,0.0,61.0,0.0,0.0
2026,,,OO,ORD,MKE,1.0,0.0,0.0,23.0,67.0,,,,,
2026,,,DL,ATL,SAN,5.0,-17.0,0.0,250.0,1892.0,,,,,
2026,,,AA,DFW,SMF,86.0,70.0,0.0,193.0,1431.0,70.0,0.0,0.0,0.0,0.0
2026,,,YX,LGA,MSN,122.0,79.0,0.0,116.0,812.0,0.0,0.0,0.0,0.0,79.0
2026,,,DL,ATL,TLH,1.0,9.0,0.0,41.0,223.0,,,,,
2026,,,9E,JFK,BNA,1.0,26.0,0.0,152.0,765.0,0.0,0.0,26.0,0.0,0.0
2026,,,F9,DFW,DTW,136.0,172.0,0.0,101.0,986.0,0.0,0.0,105.0,0.0,67.0
2026,,,YX,ORD,IND,8.0,-7.0,0.0,34.0,177.0,,,,,
2026,,,QX,RDM,PDX,1.0,-5.0,0.0,36.0,116.0,,,,,
2026,,,OO,STL,MSP,1.0,3.0,0.0,77.0,448.0,,,,,
2026,,,B6,FLL,BUF,163.0,164.0,0.0,161.0,1166.0,15.0,0.0,1.0,0.0,148.0
2026,,,DL,PIT,ATL,3.0,-18.0,0.0,71.0,526.0,,,,,
2026,,,WN,SJU,MCO,12.0,7.0,0.0,164.0,1188.0,,,,,
2026,,,UA,EWR,EYW,15.0,3.0,0.0,166.0,1196.0,,,,,
2026,,,AA,PIT,MIA,28.0,81.0,0.0,148.0,1013.0,0.0,12.0,53.0,0.0,16.0
2026,,,C5,HSV,IAH,75.0,70.0,0.0,103.0,595.0,0.0,0.0,0.0,0.0,70.0
2026,,,WN,MCO,PIT,132.0,116.0,0.0,110.0,834.0,17.0,0.0,0.0,0.0,99.0
2026,,,AA,DFW,SAN,52.0,55.0,0.0,162.0,1171.0,52.0,0.0,3.0,0.0,0.0
2026,,,AS,PDX,SMF,29.0,18.0,0.0,65.0,479.0,0.0,0.0,0.0,0.0,18.0
2026,,,WN,ATL,MDW,90.0,81.0,0.0,89.0,591.0,66.0,0.0,0.0,0.0,15.0
2026,,,AA,DFW,CLT,33.0,19.0,0.0,110.0,935.0,7.0,0.0,0.0,0.0,12.0
2026,,,PT,CLT,TLH,8.0,1.0,0.0,62.0,386.0,,,,,
2026,,,AS,OGG,HNL,44.0,45.0,0.0,24.0,101.0,1.0,0.0,0.0,0.0,44.0
2026,,,C5,DAY,IAD,130.0,114.0,0.0,50.0,367.0,114.0,0.0,0.0,0.0,0.0
2026,,,AA,GSP,CLT,5.0,-4.0,0.0,22.0,75.0,,,,,
2026,,,WN,STL,LAX,5.0,-41.0,0.0,190.0,1592.0,,,,,
2026,,,QX,MFR,SAN,29.0,25.0,0.0,105.0,734.0,0.0,0.0,0.0,0.0,25.0
2026,,,WN,CLE,STL,24.0,30.0,0.0,79.0,487.0,6.0,0.0,6.0,0.0,18.0
2026,,,OO,PHX,SAN,11.0,3.0,0.0,49.0,304.0,,,,,
2026,,,AA,SFO,JFK,89.0,79.0,0.0,296.0,2586.0,79.0,0.0,0.0,0.0,0.0
2026,,,AA,LAS,PHX,9.0,20.0,0.0,51.0,255.0,2.0,0.0,11.0,0.0,7.0
2026,,,DL,DTW,CLT,92.0,85.0,0.0,75.0,500.0,85.0,0.0,0.0,0.0,0.0
2026,,,UA,SBA,DEN,4.0,-11.0,0.0,118.0,916.0,,,,,
2026,,,OH,PHL,CLE,102.0,125.0,0.0,71.0,363.0,14.0,0.0,23.0,0.0,88.0
2026,,,B6,RSW,BOS,11.0,9.0,0.0,152.0,1249.0,,,,,
2026,,,AA,LGA,DFW,8.0,36.0,0.0,207.0,1389.0,0.0,2.0,28.0,0.0,6.0
2026,,,AS,OGG,SAN,3.0,4.0,0.0,309.0,2540.0,,,,,
2026,,,OO,SFO,GEG,62.0,52.0,0.0,112.0,733.0,0.0,0.0,52.0,0.0,0.0
2026,,,9E,CID,MSP,6.0,-14.0,0.0,40.0,220.0,,,,,
2026,,,UA,SEA,IAD,5.0,-12.0,0.0,250.0,2305.0,,,,,
2026,,,WN,BWI,MDW,9.0,2.0,0.0,99.0,611.0,,,,,
2026,,,UA,GRR,ORD,264.0,243.0,0.0,29.0,137.0,0.0,243.0,0.0,0.0,0.0
2026,,,WN,LAS,MKE,49.0,18.0,0.0,158.0,1524.0,3.0,0.0,0.0,0.0,15.0
2026,,,AS,FAI,SEA,6.0,-12.0,0.0,181.0,1533.0,,,,,
2026,,,AA,PHL,SEA,7.0,14.0,0.0,352.0,2379.0,,,,,
2026,,,DL,RDU,MCO,79.0,71.0,0.0,84.0,534.0,0.0,0.0,0.0,0.0,71.0
2026,,,DL,ATL,SFO,7.0,-31.0,0.0,267.0,2139.0,,,,,
2026,,,AA,DFW,PDX,23.0,21.0,0.0,227.0,1616.0,17.0,0.0,0.0,0.0,4.0
2026,,,UA,MCI,IAH,1.0,25.0,0.0,105.0,643.0,0.0,0.0,25.0,0.0,0.0
2026,,,WN,PHX,OKC,9.0,-4.0,0.0,103.0,833.0,,,,,
2026,,,OO,ORD,ABE,225.0,231.0,0.0,93.0,654.0,0.0,225.0,6.0,0.0,0.0
2026,,,DL,ATL,CMH,2.0,31.0,0.0,68.0,447.0,0.0,0.0,31.0,0.0,0.0
2026,,,UA,MSP,DEN,21.0,16.0,0.0,107.0,680.0,13.0,0.0,0.0,0.0,3.0
2026,,,YV,XNA,IAH,137.0,117.0,0.0,74.0,438.0,117.0,0.0,0.0,0.0,0.0
2026,,,AA,CLT,GRR,113.0,108.0,0.0,96.0,583.0,0.0,0.0,0.0,0.0,108.0
2026,,,DL,TPA,ATL,109.0,103.0,0.0,62.0,406.0,21.0,0.0,0.0,0.0,82.0
2026,,,WN,PHX,PDX,4.0,4.0,0.0,153.0,1010.0,,,,,
2026,,,WN,PHX,LGB,15.0,32.0,0.0,62.0,355.0,0.0,7.0,17.0,0.0,8.0
2026,,,AS,SEA,IAH,4.0,-15.0,0.0,219.0,1874.0,,,,,
2026,,,WN,MDW,SJU,6.0,61.0,0.0,252.0,2057.0,6.0,0.0,55.0,0.0,0.0
2026,,,UA,SNA,DEN,1.0,-8.0,0.0,113.0,846.0,,,,,
2026,,,F9,RDU,PHL,102.0,96.0,0.0,56.0,337.0,56.0,0.0,0.0,0.0,40.0
2026,,,B6,JFK,SJU,33.0,21.0,0.0,195.0,1598.0,9.0,0.0,0.0,0.0,12.0
2026,,,UA,IAH,BWI,32.0,1.0,0.0,133.0,1235.0,,,,,
2026,,,DL,DTW,CLE,70.0,59.0,0.0,23.0,95.0,0.0,0.0,59.0,0.0,0.0
2026,,,OO,LBB,DEN,520.0,516.0,0.0,69.0,456.0,516.0,0.0,0.0,0.0,0.0
2026,,,DL,MSP,BNA,37.0,29.0,0.0,92.0,695.0,5.0,24.0,0.0,0.0,0.0
2026,,,WN,BNA,AUS,39.0,17.0,0.0,114.0,756.0,17.0,0.0,0.0,0.0,0.0
2026,,,UA,ORD,IAD,34.0,28.0,0.0,79.0,588.0,28.0,0.0,0.0,0.0,0.0
2026,,,WN,BWI,ABQ,3.0,-4.0,0.0,255.0,1670.0,,,,,
2026,,,YX,BOS,PHL,14.0,5.0,0.0,65.0,280.0,,,,,
2026,,,DL,ATL,SDF,9.0,-3.0,0.0,54.0,321.0,,,,,
2026,,,UA,DEN,RNO,4.0,0.0,0.0,125.0,804.0,,,,,
2026,,,UA,TPA,ORD,11.0,27.0,0.0,144.0,1012.0,11.0,0.0,16.0,0.0,0.0
2026,,,WN,LAS,CMH,26.0,22.0,0.0,198.0,1771.0,22.0,0.0,0.0,0.0,0.0
2026,,,AA,TPA,MIA,513.0,511.0,0.0,40.0,204.0,0.0,511.0,0.0,0.0,0.0
2026,,,AA,MIA,CLE,10.0,-13.0,0.0,140.0,1080.0,,,,,
2026,,,AS,SEA,JNU,165.0,148.0,0.0,117.0,909.0,148.0,0.0,0.0,0.0,0.0
2026,,,AA,LAS,ORD,22.0,22.0,0.0,197.0,1514.0,22.0,0.0,0.0,0.0,0.0
2026,,,PT,CHO,CLT,24.0,-5.0,0.0,51.0,245.0,,,,,
2026,,,NK,MYR,FLL,91.0,74.0,0.0,78.0,529.0,0.0,0.0,0.0,0.0,74.0
2026,,,OO,DTW,IMT,179.0,167.0,0.0,59.0,344.0,0.0,167.0,0.0,0.0,0.0
2026,,,AS,LAS,HNL,34.0,7.0,0.0,324.0,2762.0,,,,,
2026,,,AA,DCA,VPS,88.0,51.0,0.0,104.0,789.0,0.0,0.0,0.0,0.0,51.0
2026,,,B6,BUF,FLL,39.0,46.0,0.0,159.0,1166.0,24.0,0.0,7.0,0.0,15.0
2026,,,WN,ABQ,DEN,4.0,-6.0,0.0,61.0,349.0,,,,,
2026,,,F9,PHX,SEA,83.0,57.0,0.0,148.0,1107.0,0.0,0.0,0.0,0.0,57.0
2026,,,WN,STL,FLL,29.0,28.0,0.0,136.0,1057.0,0.0,0.0,0.0,0.0,28.0
2026,,,WN,MCI,DEN,1.0,-8.0,0.0,84.0,533.0,,,,,
2026,,,AS,LAS,SEA,2.0,-4.0,0.0,136.0,867.0,,,,,
2026,,,9E,CMH,DTW,32.0,41.0,0.0,36.0,155.0,0.0,9.0,9.0,0.0,23.0
2026,,,MQ,DFW,FAR,55.0,42.0,0.0,132.0,967.0,0.0,42.0,0.0,0.0,0.0
2026,,,MQ,ORD,OMA,15.0,1.0,0.0,67.0,416.0,,,,,
2026,,,WN,OMA,STL,5.0,-13.0,0.0,46.0,342.0,,,,,
2026,,,9E,JFK,ORF,256.0,238.0,0.0,54.0,290.0,34.0,0.0,0.0,0.0,204.0
2026,,,DL,PHL,ATL,3.0,2.0,0.0,114.0,666.0,,,,,
2026,,,UA,BWI,SFO,2.0,4.0,0.0,331.0,2457.0,,,,,
2026,,,DL,AUS,ATL,1.0,3.0,0.0,91.0,813.0,,,,,
2026,,,OO,DEN,RAP,33.0,20.0,0.0,51.0,301.0,20.0,0.0,0.0,0.0,0.0
2026,,,DL,BOS,ATL,4.0,-7.0,0.0,143.0,946.0,,,,,
2026,,,WN,HOU,MCO,10.0,17.0,0.0,119.0,849.0,10.0,0.0,7.0,0.0,0.0
2026,,,OO,ABR,MSP,144.0,137.0,0.0,50.0,257.0,137.0,0.0,0.0,0.0,0.0
2026,,,WN,SJC,LAS,7.0,8.0,0.0,66.0,386.0,,,,,
2026,,,G4,FNT,PIE,20.0,-6.0,0.0,136.0,1040.0,,,,,
2026,,,WN,MCO,DEN,71.0,69.0,0.0,223.0,1547.0,31.0,0.0,0.0,0.0,38.0
2026,,,AA,MIA,LAS,9.0,8.0,0.0,313.0,2174.0,,,,,
2026,,,NK,LGA,DFW,61.0,58.0,0.0,220.0,1389.0,58.0,0.0,0.0,0.0,0.0
2026,,,YX,MSP,ORD,17.0,102.0,0.0,62.0,334.0,10.0,0.0,85.0,0.0,7.0
2026,,,DL,ORD,ATL,5.0,-19.0,0.0,83.0,606.0,,,,,
2026,,,AA,CLT,MKE,18.0,45.0,0.0,137.0,651.0,18.0,0.0,27.0,0.0,0.0
2026,,,OO,DTW,PIT,6.0,16.0,0.0,42.0,201.0,6.0,0.0,10.0,0.0,0.0
2026,,,WN,DEN,PHX,8.0,-8.0,0.0,87.0,602.0,,,,,
2026,,,DL,BOI,SLC,13.0,-3.0,0.0,42.0,290.0,,,,,
2026,,,WN,TPA,DCA,24.0,21.0,0.0,115.0,814.0,12.0,0.0,0.0,0.0,9.0
2026,,,WN,ISP,MCO,4.0,-1.0,0.0,163.0,971.0,,,,,
2026,,,WN,BNA,LAS,36.0,25.0,0.0,226.0,1587.0,24.0,0.0,0.0,0.0,1.0
2026,,,B6,FLL,ALB,36.0,24.0,0.0,155.0,1204.0,0.0,0.0,0.0,0.0,24.0
2026,,,AS,BNA,SEA,10.0,22.0,0.0,282.0,1978.0,0.0,0.0,22.0,0.0,0.0
2026,,,DL,ORF,DTW,19.0,16.0,0.0,96.0,529.0,0.0,0.0,0.0,0.0,16.0
2026,,,UA,SNA,IAH,1.0,-7.0,0.0,159.0,1346.0,,,,,
2026,,,UA,ATL,IAH,9.0,8.0,0.0,114.0,689.0,,,,,
2026,,,WN,MDW,ATL,34.0,13.0,0.0,81.0,591.0,,,,,
2026,,,WN,MCO,MIA,11.0,5.0,0.0,39.0,192.0,,,,,
2026,,,DL,PHX,SLC,97.0,89.0,0.0,70.0,507.0,89.0,0.0,0.0,0.0,0.0
2026,,,DL,LEX,ATL,1.0,-8.0,0.0,56.0,304.0,,,,,
2026,,,OO,MSP,XWA,187.0,168.0,0.0,85.0,553.0,168.0,0.0,0.0,0.0,0.0
2026,,,WN,MCO,ELP,2.0,-13.0,0.0,218.0,1516.0,,,,,
2026,,,YX,RDU,LGA,9.0,-11.0,0.0,65.0,431.0,,,,,
2026,,,MQ,DSM,ORD,1.0,-5.0,0.0,50.0,299.0,,,,,
2026,,,DL,LAS,ATL,10.0,-16.0,0.0,184.0,1747.0,,,,,
2026,,,OO,APN,DTW,1.0,11.0,0.0,46.0,198.0,,,,,
2026,,,NK,MCO,MEM,7.0,7.0,0.0,105.0,684.0,,,,,
2026,,,DL,SEA,ANC,60.0,71.0,0.0,206.0,1448.0,13.0,0.0,24.0,0.0,34.0
2026,,,UA,FCA,DEN,12.0,-12.0,0.0,94.0,752.0,,,,,
2026,,,AS,HNL,ANC,9.0,-17.0,0.0,317.0,2777.0,,,,,
2026,,,DL,ATL,EWR,103.0,98.0,0.0,85.0,746.0,62.0,0.0,0.0,0.0,36.0
2026,,,UA,IAD,PHX,13.0,-12.0,0.0,264.0,1956.0,,,,,
2026,,,WN,MCO,DEN,9.0,-8.0,0.0,221.0,1547.0,,,,,
2026,,,AS,SEA,LAX,28.0,14.0,0.0,126.0,954.0,,,,,
2026,,,AA,DFW,PBI,131.0,138.0,0.0,129.0,1102.0,49.0,0.0,7.0,0.0,82.0
2026,,,DL,IND,ATL,16.0,-5.0,0.0,67.0,432.0,,,,,
2026,,,OO,CPR,DEN,124.0,104.0,0.0,42.0,230.0,104.0,0.0,0.0,0.0,0.0
2026,,,DL,BWI,ATL,1.0,-18.0,0.0,90.0,577.0,,,,,
2026,,,AA,LAS,PHX,10.0,1.0,0.0,45.0,255.0,,,,,
2026,,,UA,EWR,SRQ,12.0,0.0,0.0,165.0,1034.0,,,,,
2026,,,UA,DFW,DEN,32.0,26.0,0.0,100.0,641.0,7.0,0.0,0.0,0.0,19.0
2026,,,AA,TPA,DCA,9.0,2.0,0.0,102.0,814.0,,,,,
2026,,,WN,BNA,PHL,8.0,6.0,0.0,91.0,675.0,,,,,
2026,,,UA,ORD,SAT,19.0,-4.0,0.0,139.0,1041.0,,,,,
2026,,,AA,MIA,RDU,55.0,63.0,0.0,106.0,700.0,3.0,0.0,8.0,0.0,52.0
2026,,,WN,LAS,LAX,1.0,21.0,0.0,44.0,236.0,0.0,0.0,21.0,0.0,0.0
2026,,,MQ,XNA,DFW,14.0,50.0,0.0,82.0,280.0,0.0,14.0,36.0,0.0,0.0
2026,,,DL,BWI,ATL,8.0,-18.0,0.0,95.0,577.0,,,,,
2026,,,WN,BWI,MSY,11.0,3.0,0.0,143.0,998.0,,,,,
2026,,,YX,ORD,RIC,2.0,-6.0,0.0,96.0,642.0,,,,,
2026,,,DL,RDU,MIA,9.0,4.0,0.0,97.0,700.0,,,,,
2026,,,WN,AUS,DEN,190.0,225.0,0.0,141.0,775.0,8.0,0.0,35.0,0.0,182.0
2026,,,AS,GEG,SEA,6.0,7.0,0.0,44.0,224.0,,,,,
2026,,,OO,RDM,BUR,92.0,81.0,0.0,96.0,709.0,0.0,0.0,81.0,0.0,0.0
2026,,,OO,DEN,BHM,4.0,-21.0,0.0,123.0,1083.0,,,,,
2026,,,AA,RDU,MIA,4.0,-14.0,0.0,106.0,700.0,,,,,
2026,,,AA,ATL,DFW,112.0,260.0,0.0,145.0,731.0,0.0,0.0,148.0,0.0,112.0
2026,,,MQ,EYW,MIA,19.0,19.0,0.0,31.0,126.0,5.0,0.0,0.0,0.0,14.0
2026,,,OO,ABQ,SLC,2.0,-10.0,0.0,79.0,493.0,,,,,
2026,,,DL,JFK,SFO,186.0,204.0,0.0,377.0,2586.0,0.0,0.0,204.0,0.0,0.0
2026,,,OO,SGU,DEN,40.0,29.0,0.0,77.0,517.0,0.0,0.0,0.0,0.0,29.0
2026,,,AA,PHX,PHL,14.0,8.0,0.0,231.0,2076.0,,,,,
2026,,,AS,ITO,HNL,2.0,-4.0,0.0,35.0,216.0,,,,,
2026,,,UA,MIA,EWR,43.0,7.0,0.0,137.0,1085.0,,,,,
2026,,,WN,SAN,DEN,8.0,-1.0,0.0,110.0,853.0,,,,,
2026,,,NK,LGA,MCO,84.0,58.0,0.0,137.0,950.0,0.0,0.0,0.0,0.0,58.0
2026,,,WN,STL,PHX,48.0,71.0,0.0,188.0,1262.0,0.0,48.0,23.0,0.0,0.0
2026,,,AA,MIA,LAX,200.0,158.0,0.0,306.0,2342.0,18.0,0.0,0.0,0.0,140.0
2026,,,UA,ORD,BTV,72.0,66.0,0.0,98.0,763.0,10.0,0.0,0.0,0.0,56.0
2026,,,AS,HNL,LIH,15.0,22.0,0.0,25.0,102.0,12.0,0.0,0.0,0.0,10.0
2026,,,DL,BOS,DFW,36.0,16.0,0.0,243.0,1562.0,0.0,0.0,0.0,0.0,16.0
2026,,,UA,ORD,PHL,53.0,41.0,0.0,92.0,678.0,41.0,0.0,0.0,0.0,0.0
2026,,,WN,BUR,HOU,9.0,-15.0,0.0,159.0,1389.0,,,,,
2026,,,DL,DTW,MCO,15.0,32.0,0.0,137.0,957.0,15.0,0.0,17.0,0.0,0.0
2026,,,DL,LAX,TPA,41.0,29.0,0.0,244.0,2158.0,8.0,0.0,0.0,0.0,21.0
2026,,,DL,CHS,BOS,54.0,42.0,0.0,107.0,818.0,2.0,0.0,0.0,0.0,40.0
2026,,,AA,CLT,PHL,40.0,28.0,0.0,69.0,449.0,0.0,28.0,0.0,0.0,0.0
2026,,,OH,DCA,ORF,54.0,39.0,0.0,31.0,142.0,30.0,0.0,0.0,0.0,9.0
2026,,,WN,PHX,SAN,10.0,-4.0,0.0,50.0,304.0,,,,,
2026,,,WN,DAL,BWI,12.0,-4.0,0.0,132.0,1209.0,,,,,
2026,,,OO,LAX,PSP,35.0,19.0,0.0,30.0,110.0,0.0,0.0,0.0,0.0,19.0
2026,,,AA,MCO,DFW,32.0,29.0,0.0,147.0,985.0,29.0,0.0,0.0,0.0,0.0
2026,,,MQ,ORD,CMI,3.0,4.0,0.0,27.0,135.0,,,,,
2026,,,OO,GSP,ORD,12.0,-4.0,0.0,94.0,577.0,,,,,
2026,,,AS,SEA,JNU,13.0,21.0,0.0,136.0,909.0,2.0,0.0,8.0,0.0,11.0
2026,,,AA,ORF,CLT,65.0,56.0,0.0,55.0,290.0,0.0,0.0,0.0,0.0,56.0
2026,,,WN,DCA,TPA,8.0,0.0,0.0,132.0,814.0,,,,,
2026,,,F9,RNO,LAS,71.0,78.0,0.0,63.0,345.0,0.0,0.0,78.0,0.0,0.0
2026,,,YV,IAH,LFT,4.0,-20.0,0.0,32.0,201.0,,,,,
2026,,,AS,MCI,SEA,37.0,39.0,0.0,220.0,1490.0,0.0,0.0,12.0,0.0,27.0
2026,,,WN,ABQ,DAL,9.0,0.0,0.0,77.0,580.0,,,,,
2026,,,AA,PHL,CHS,23.0,11.0,0.0,87.0,550.0,,,,,
2026,,,UA,STT,EWR,5.0,-13.0,0.0,232.0,1634.0,,,,,
2026,,,WN,SJC,PHX,9.0,16.0,0.0,94.0,621.0,7.0,0.0,7.0,0.0,2.0
2026,,,AS,KTN,SIT,46.0,39.0,0.0,37.0,183.0,0.0,0.0,0.0,0.0,39.0
2026,,,QX,SAN,SFO,4.0,-6.0,0.0,70.0,447.0,,,,,
2026,,,B6,JFK,BOS,41.0,21.0,0.0,40.0,187.0,21.0,0.0,0.0,0.0,0.0
2026,,,DL,SAN,MSP,7.0,-3.0,0.0,191.0,1532.0,,,,,
2026,,,YX,PIT,JFK,33.0,104.0,0.0,69.0,340.0,0.0,0.0,71.0,0.0,33.0
2026,,,DL,SLC,PDX,112.0,107.0,0.0,101.0,630.0,13.0,0.0,0.0,0.0,94.0
2026,,,UA,ORD,BNA,16.0,0.0,0.0,60.0,409.0,,,,,
2026,,,AS,SEA,MSP,4.0,9.0,0.0,174.0,1399.0,,,,,
2026,,,B6,FLL,BOS,15.0,6.0,0.0,151.0,1237.0,,,,,
2026,,,UA,IAD,MCO,6.0,18.0,0.0,122.0,758.0,6.0,0.0,12.0,0.0,0.0
2026,,,AS,ONT,SEA,5.0,-5.0,0.0,135.0,956.0,,,,,
2026,,,AA,DFW,MIA,20.0,20.0,0.0,133.0,1121.0,20.0,0.0,0.0,0.0,0.0
2026,,,AA,STT,JFK,15.0,10.0,0.0,224.0,1623.0,,,,,
2026,,,AS,SEA,GEG,11.0,-5.0,0.0,35.0,224.0,,,,,
2026,,,WN,SMF,LAS,96.0,94.0,0.0,62.0,397.0,34.0,0.0,0.0,0.0,60.0
2026,,,WN,BOI,OAK,2.0,-10.0,0.0,77.0,512.0,,,,,
2026,,,WN,DEN,LAS,4.0,-11.0,0.0,91.0,628.0,,,,,
2026,,,UA,LGA,ORD,46.0,60.0,0.0,112.0,733.0,0.0,0.0,26.0,0.0,34.0
2026,,,AA,TPA,PHX,25.0,16.0,0.0,241.0,1788.0,16.0,0.0,0.0,0.0,0.0
2026,,,YX,CLE,BOS,68.0,51.0,0.0,79.0,563.0,51.0,0.0,0.0,0.0,0.0
2026,,,OH,ORF,PHL,192.0,196.0,0.0,42.0,212.0,192.0,0.0,4.0,0.0,0.0
2026,,,AS,SEA,STS,44.0,19.0,0.0,85.0,618.0,19.0,0.0,0.0,0.0,0.0
2026,,,WN,HNL,OGG,11.0,-1.0,0.0,22.0,101.0,,,,,
2026,,,UA,MSN,ORD,31.0,23.0,0.0,30.0,108.0,23.0,0.0,0.0,0.0,0.0
2026,,,UA,OGG,SFO,2.0,3.0,0.0,288.0,2338.0,,,,,
2026,,,NK,FLL,MSY,27.0,20.0,0.0,107.0,673.0,0.0,20.0,0.0,0.0,0.0
2026,,,UA,SFO,ATL,29.0,19.0,0.0,252.0,2139.0,19.0,0.0,0.0,0.0,0.0
2026,,,YX,ORD,JFK,33.0,25.0,0.0,100.0,740.0,0.0,0.0,10.0,0.0,15.0
2026,,,OO,LAX,JAC,17.0,-4.0,0.0,125.0,784.0,,,,,
2026,,,F9,PHL,TPA,67.0,59.0,0.0,140.0,920.0,0.0,0.0,0.0,0.0,59.0
2026,,,OO,GRB,DTW,49.0,32.0,0.0,41.0,287.0,32.0,0.0,0.0,0.0,0.0
2026,,,DL,MCI,SLC,61.0,92.0,0.0,154.0,920.0,61.0,0.0,31.0,0.0,0.0
2026,,,OH,DCA,GSP,102.0,95.0,0.0,70.0,396.0,0.0,0.0,0.0,0.0,95.0
2026,,,DL,IAH,MSP,16.0,1.0,0.0,137.0,1034.0,,,,,
2026,,,NK,FLL,IAH,11.0,-4.0,0.0,141.0,966.0,,,,,
2026,,,AA,MIA,BOS,6.0,-6.0,0.0,157.0,1258.0,,,,,
2026,,,OO,MBS,DTW,266.0,261.0,0.0,24.0,98.0,261.0,0.0,0.0,0.0,0.0
2026,,,DL,DTW,LAX,66.0,70.0,0.0,294.0,1979.0,8.0,0.0,4.0,0.0,58.0
2026,,,DL,MSY,DTW,7.0,3.0,0.0,111.0,926.0,,,,,
2026,,,WN,DEN,SFO,16.0,-1.0,0.0,141.0,967.0,,,,,
2026,,,DL,SEA,JFK,4.0,-12.0,0.0,270.0,2422.0,,,,,
2026,,,DL,MCO,ATL,80.0,83.0,0.0,67.0,404.0,15.0,0.0,3.0,0.0,65.0
2026,,,AA,PHX,RNO,94.0,91.0,0.0,92.0,601.0,19.0,0.0,0.0,0.0,72.0
2026,,,PT,CLT,TLH,5.0,2.0,0.0,69.0,386.0,,,,,
2026,,,YV,IAH,DTW,143.0,175.0,0.0,140.0,1075.0,143.0,0.0,32.0,0.0,0.0
2026,,,YX,CLT,BOS,48.0,102.0,0.0,97.0,728.0,48.0,0.0,54.0,0.0,0.0
2026,,,OH,CVG,DCA,100.0,96.0,0.0,61.0,411.0,96.0,0.0,0.0,0.0,0.0
2026,,,AA,DFW,DCA,13.0,-5.0,0.0,130.0,1192.0,,,,,
2026,,,AA,DTW,PHX,7.0,62.0,0.0,217.0,1671.0,7.0,0.0,55.0,0.0,0.0
2026,,,DL,BHM,ATL,4.0,-9.0,0.0,33.0,134.0,,,,,
2026,,,F9,DEN,ONT,51.0,49.0,0.0,114.0,819.0,49.0,0.0,0.0,0.0,0.0
2026,,,YX,ORD,CHA,6.0,-5.0,0.0,66.0,501.0,,,,,
2026,,,OO,ATW,ORD,14.0,24.0,0.0,42.0,160.0,0.0,14.0,10.0,0.0,0.0
2026,,,WN,STL,LAS,6.0,0.0,0.0,193.0,1371.0,,,,,
2026,,,UA,DEN,RDM,2.0,-11.0,0.0,123.0,898.0,,,,,
2026,,,AA,MIA,LGA,1.0,-19.0,0.0,135.0,1096.0,,,,,
2026,,,DL,PBI,ATL,15.0,7.0,0.0,81.0,545.0,,,,,
2026,,,DL,SDF,ATL,1.0,-12.0,0.0,58.0,321.0,,,,,
2026,,,MQ,ORD,STL,5.0,-5.0,0.0,43.0,258.0,,,,,
2026,,,WN,MDW,LGA,1.0,5.0,0.0,100.0,725.0,,,,,
2026,,,AA,STL,PHX,14.0,7.0,0.0,184.0,1262.0,,,,,
2026,,,AS,LAX,SEA,20.0,-5.0,0.0,129.0,954.0,,,,,
2026,,,OO,SEA,PDX,13.0,-5.0,0.0,29.0,129.0,,,,,
2026,,,UA,ORD,LGA,1.0,-1.0,0.0,108.0,733.0,,,,,
2026,,,WN,TPA,LAS,26.0,20.0,0.0,277.0,1984.0,20.0,0.0,0.0,0.0,0.0
2026,,,OO,PHX,OKC,14.0,24.0,0.0,120.0,833.0,14.0,0.0,10.0,0.0,0.0
2026,,,B6,MCO,PWM,31.0,9.0,0.0,142.0,1214.0,,,,,
2026,,,OH,MYR,CLT,49.0,29.0,0.0,35.0,157.0,0.0,0.0,0.0,0.0,29.0
2026,,,WN,MSP,DEN,8.0,-3.0,0.0,100.0,680.0,,,,,
2026,,,WN,DEN,AUS,3.0,-17.0,0.0,95.0,775.0,,,,,
2026,,,G4,SCK,LAS,107.0,103.0,0.0,56.0,359.0,103.0,0.0,0.0,0.0,0.0
2026,,,AA,PHX,LAX,60.0,39.0,0.0,55.0,370.0,2.0,0.0,0.0,0.0,37.0
2026,,,F9,IAH,LAX,49.0,18.0,0.0,175.0,1379.0,0.0,0.0,0.0,0.0,18.0
2026,,,OO,ORD,SBN,11.0,22.0,0.0,27.0,84.0,0.0,11.0,11.0,0.0,0.0
2026,,,DL,LAX,DTW,51.0,21.0,0.0,214.0,1979.0,21.0,0.0,0.0,0.0,0.0
2026,,,9E,ATL,AEX,13.0,17.0,0.0,93.0,500.0,0.0,4.0,4.0,0.0,9.0
2026,,,OH,LFT,DFW,15.0,9.0,0.0,66.0,351.0,,,,,
2026,,,AA,CLT,PBI,6.0,-6.0,0.0,89.0,590.0,,,,,
2026,,,AS,LAS,PAE,9.0,3.0,0.0,140.0,894.0,,,,,
2026,,,NK,MIA,BOS,5.0,-16.0,0.0,155.0,1258.0,,,,,
2026,,,OH,DCA,CHS,22.0,14.0,0.0,74.0,444.0,,,,,
2026,,,UA,DEN,PHX,2.0,13.0,0.0,94.0,602.0,,,,,
2026,,,WN,HOU,ONT,23.0,24.0,0.0,190.0,1345.0,13.0,0.0,1.0,0.0,10.0
2026,,,QX,PDX,OAK,162.0,154.0,0.0,83.0,543.0,154.0,0.0,0.0,0.0,0.0
2026,,,MQ,LAN,ORD,3.0,25.0,0.0,37.0,179.0,3.0,0.0,22.0,0.0,0.0
2026,,,UA,DEN,MSY,52.0,44.0,0.0,128.0,1062.0,44.0,0.0,0.0,0.0,0.0
2026,,,DL,SLC,SAT,31.0,29.0,0.0,135.0,1087.0,29.0,0.0,0.0,0.0,0.0
2026,,,G4,PIE,IND,239.0,239.0,0.0,118.0,840.0,0.0,3.0,0.0,0.0,236.0
2026,,,G4,XNA,FLL,60.0,46.0,0.0,124.0,1092.0,0.0,0.0,0.0,0.0,46.0
2026,,,AS,LAX,DCA,28.0,-4.0,0.0,250.0,2311.0,,,,,
2026,,,DL,ROC,ATL,5.0,-6.0,0.0,113.0,749.0,,,,,
2026,,,NK,BOS,MIA,42.0,26.0,0.0,186.0,1258.0,0.0,0.0,26.0,0.0,0.0
2026,,,OH,LBB,DFW,63.0,49.0,0.0,45.0,282.0,0.0,0.0,0.0,0.0,49.0
2026,,,AS,LAX,HNL,4.0,-15.0,0.0,325.0,2556.0,,,,,
2026,,,UA,SAT,DEN,290.0,286.0,0.0,121.0,794.0,286.0,0.0,0.0,0.0,0.0
2026,,,WN,OAK,LGB,37.0,33.0,0.0,64.0,353.0,3.0,0.0,0.0,0.0,30.0
2026,,,NK,FLL,ATL,16.0,12.0,0.0,78.0,581.0,,,,,
2026,,,OO,FSD,ORD,51.0,30.0,0.0,66.0,462.0,30.0,0.0,0.0,0.0,0.0
2026,,,NK,ATL,DTW,20.0,11.0,0.0,87.0,594.0,,,,,
2026,,,OH,CHA,DFW,4.0,-11.0,0.0,123.0,695.0,,,,,
2026,,,DL,BUF,DTW,32.0,23.0,0.0,47.0,241.0,23.0,0.0,0.0,0.0,0.0
2026,,,UA,PHX,SFO,99.0,81.0,0.0,96.0,651.0,3.0,0.0,0.0,0.0,78.0
2026,,,WN,SAN,SLC,34.0,10.0,0.0,85.0,626.0,,,,,
2026,,,WN,RSW,BNA,4.0,1.0,0.0,112.0,722.0,,,,,
2026,,,DL,SLC,DTW,2.0,21.0,0.0,178.0,1481.0,0.0,0.0,21.0,0.0,0.0
2026,,,AS,SAN,MCO,11.0,-6.0,0.0,240.0,2149.0,,,,,
2026,,,OO,GRR,ORD,2.0,-11.0,0.0,37.0,137.0,,,,,
2026,,,9E,ATL,CHA,50.0,46.0,0.0,27.0,106.0,0.0,0.0,0.0,0.0,46.0
2026,,,WN,BWI,BOS,10.0,-1.0,0.0,56.0,369.0,,,,,
2026,,,DL,ONT,ATL,9.0,-15.0,0.0,205.0,1900.0,,,,,
2026,,,F9,ATL,MCO,10.0,-15.0,0.0,58.0,404.0,,,,,
2026,,,QX,SMF,BOI,2.0,6.0,0.0,70.0,437.0,,,,,
2026,,,WN,LAS,PSP,45.0,37.0,0.0,35.0,173.0,0.0,0.0,0.0,0.0,37.0
2026,,,G4,SFB,FNT,2.0,-18.0,0.0,128.0,988.0,,,,,
2026,,,QX,SNA,PAE,15.0,4.0,0.0,153.0,1008.0,,,,,
2026,,,WN,DAL,MCI,58.0,53.0,0.0,69.0,461.0,0.0,12.0,0.0,0.0,41.0
2026,,,PT,CLT,TRI,29.0,15.0,0.0,33.0,119.0,0.0,0.0,0.0,0.0,15.0
2026,,,AA,DFW,OMA,11.0,15.0,0.0,92.0,583.0,0.0,0.0,4.0,0.0,11.0
2026,,,OO,DEN,GCC,84.0,76.0,0.0,59.0,313.0,0.0,0.0,0.0,0.0,76.0
2026,,,MQ,ORD,ICT,99.0,169.0,0.0,81.0,588.0,0.0,71.0,70.0,0.0,28.0
2026,,,AA,LGA,MIA,5.0,-9.0,0.0,167.0,1096.0,,,,,
2026,,,B6,FLL,ALB,48.0,39.0,0.0,141.0,1204.0,17.0,0.0,0.0,0.0,22.0
2026,,,OO,TUS,LAX,33.0,24.0,0.0,69.0,451.0,24.0,0.0,0.0,0.0,0.0
2026,,,AS,HNL,PPG,80.0,72.0,0.0,311.0,2599.0,0.0,0.0,0.0,0.0,72.0
2026,,,DL,PIT,ATL,71.0,80.0,0.0,74.0,526.0,71.0,0.0,9.0,0.0,0.0
2026,,,WN,BNA,SJU,17.0,22.0,0.0,220.0,1753.0,15.0,0.0,5.0,0.0,2.0
2026,,,WN,SAN,BWI,2.0,15.0,0.0,281.0,2295.0,0.0,0.0,15.0,0.0,0.0
2026,,,WN,BNA,FLL,19.0,4.0,0.0,111.0,793.0,,,,,
2026,,,WN,DEN,SJC,36.0,9.0,0.0,129.0,948.0,,,,,
2026,,,WN,MCO,LAS,3.0,-38.0,0.0,272.0,2039.0,,,,,
2026,,,AA,JAX,MIA,86.0,71.0,0.0,56.0,335.0,4.0,0.0,0.0,0.0,67.0
2026,,,AS,JFK,HNL,4.0,-3.0,0.0,631.0,4983.0,,,,,
2026,,,DL,LAX,HNL,28.0,-3.0,0.0,317.0,2556.0,,,,,
2026,,,UA,ORD,MSP,8.0,4.0,0.0,58.0,334.0,,,,,
2026,,,WN,PHX,AUS,22.0,11.0,0.0,102.0,872.0,,,,,
2026,,,B6,HPN,FLL,44.0,34.0,0.0,148.0,1097.0,24.0,0.0,0.0,0.0,10.0
2026,,,AA,ORD,MIA,61.0,38.0,0.0,154.0,1197.0,6.0,0.0,0.0,0.0,32.0
2026,,,WN,SEA,DEN,20.0,10.0,0.0,129.0,1024.0,,,,,
2026,,,UA,IAH,EWR,46.0,47.0,0.0,179.0,1400.0,0.0,0.0,47.0,0.0,0.0
2026,,,WN,LAS,ELP,44.0,31.0,0.0,73.0,584.0,0.0,0.0,0.0,0.0,31.0
2026,,,MQ,ORD,IAH,169.0,148.0,0.0,135.0,925.0,32.0,0.0,0.0,0.0,116.0
2026,,,9E,JFK,ROC,6.0,4.0,0.0,55.0,264.0,,,,,
2026,,,QX,SJC,SAN,15.0,4.0,0.0,64.0,417.0,,,,,
2026,,,AA,CLT,MEM,17.0,3.0,0.0,91.0,511.0,,,,,
2026,,,OO,SHV,ATL,5.0,4.0,0.0,71.0,552.0,,,,,
2026,,,WN,MDW,DCA,32.0,45.0,0.0,79.0,601.0,5.0,0.0,13.0,0.0,27.0
2026,,,WN,HOU,DAL,8.0,2.0,0.0,45.0,239.0,,,,,
2026,,,QX,LAS,SAN,13.0,31.0,0.0,56.0,258.0,0.0,0.0,31.0,0.0,0.0
2026,,,G4,LAS,SMX,175.0,166.0,0.0,55.0,310.0,0.0,0.0,0.0,0.0,166.0
2026,,,DL,PHX,ATL,11.0,-4.0,0.0,174.0,1587.0,,,,,
2026,,,UA,PSP,EWR,48.0,12.0,0.0,239.0,2358.0,,,,,
2026,,,AS,PHX,SEA,43.0,23.0,0.0,150.0,1107.0,0.0,0.0,0.0,0.0,23.0
2026,,,DL,SLC,SMF,44.0,39.0,0.0,84.0,532.0,0.0,0.0,0.0,0.0,39.0
2026,,,OO,DEN,LBF,711.0,705.0,0.0,39.0,227.0,705.0,0.0,0.0,0.0,0.0
2026,,,WN,ONT,SJC,13.0,1.0,0.0,53.0,333.0,,,,,
2026,,,UA,FSD,ORD,48.0,29.0,0.0,81.0,462.0,0.0,29.0,0.0,0.0,0.0
2026,,,F9,MCO,IAD,185.0,169.0,0.0,98.0,758.0,0.0,0.0,0.0,0.0,169.0
2026,,,WN,AUS,RDU,113.0,108.0,0.0,133.0,1162.0,108.0,0.0,0.0,0.0,0.0
2026,,,AA,FLL,PHL,65.0,78.0,0.0,141.0,993.0,5.0,0.0,13.0,0.0,60.0
2026,,,UA,RNO,LAX,8.0,4.0,0.0,59.0,390.0,,,,,
2026,,,G4,SBN,FLL,1.0,48.0,0.0,165.0,1134.0,0.0,1.0,47.0,0.0,0.0
2026,,,NK,PHL,SJU,23.0,27.0,0.0,214.0,1576.0,0.0,0.0,27.0,0.0,0.0
2026,,,YX,PHL,ORD,7.0,1.0,0.0,134.0,678.0,,,,,
2026,,,DL,ATL,MEM,68.0,65.0,0.0,60.0,332.0,13.0,0.0,0.0,0.0,52.0
2026,,,9E,DSM,MSP,33.0,32.0,0.0,48.0,232.0,32.0,0.0,0.0,0.0,0.0
2026,,,C5,IAH,PNS,61.0,43.0,0.0,66.0,489.0,43.0,0.0,0.0,0.0,0.0
2026,,,B6,STX,SJU,13.0,8.0,0.0,30.0,94.0,,,,,
2026,,,OO,ORD,FNT,199.0,206.0,0.0,32.0,223.0,0.0,199.0,7.0,0.0,0.0
2026,,,AS,LAX,SEA,8.0,-16.0,0.0,132.0,954.0,,,,,
2026,,,WN,ATL,DAL,18.0,5.0,0.0,108.0,721.0,,,,,
2026,,,DL,CLE,ATL,5.0,-14.0,0.0,80.0,554.0,,,,,
2026,,,AA,MIA,CLE,63.0,44.0,0.0,147.0,1080.0,44.0,0.0,0.0,0.0,0.0
2026,,,AS,LAX,SEA,84.0,93.0,0.0,156.0,954.0,84.0,0.0,9.0,0.0,0.0
2026,,,AS,DTW,SEA,156.0,139.0,0.0,277.0,1927.0,0.0,0.0,0.0,0.0,139.0
2026,,,YX,CMH,LGA,83.0,67.0,0.0,72.0,479.0,10.0,0.0,0.0,0.0,57.0
2026,,,DL,ATL,ROC,70.0,71.0,0.0,99.0,749.0,0.0,0.0,1.0,0.0,70.0
2026,,,WN,DCA,STL,25.0,7.0,0.0,113.0,719.0,,,,,
2026,,,UA,IAH,FLL,20.0,10.0,0.0,114.0,966.0,,,,,
2026,,,MQ,ORD,OMA,5.0,-12.0,0.0,65.0,416.0,,,,,
2026,,,AS,SEA,MSY,32.0,25.0,0.0,245.0,2086.0,25.0,0.0,0.0,0.0,0.0
2026,,,WN,HOU,AUS,14.0,0.0,0.0,29.0,148.0,,,,,
2026,,,UA,DEN,FAT,1.0,-15.0,0.0,114.0,844.0,,,,,
2026,,,OH,SRQ,PHL,136.0,138.0,0.0,127.0,957.0,2.0,0.0,2.0,0.0,134.0
2026,,,WN,LAX,BNA,18.0,-13.0,0.0,188.0,1798.0,,,,,
2026,,,UA,EWR,CLE,68.0,60.0,0.0,68.0,404.0,2.0,0.0,0.0,0.0,58.0
2026,,,WN,MCO,MDW,3.0,14.0,0.0,152.0,990.0,,,,,
2026,,,WN,SJU,MCO,6.0,1.0,0.0,164.0,1188.0,,,,,
2026,,,UA,ORD,MEM,2.0,-6.0,0.0,74.0,491.0,,,,,
2026,,,WN,LAS,RDU,64.0,42.0,0.0,223.0,2026.0,6.0,0.0,0.0,0.0,36.0
2026,,,UA,EWR,MCO,105.0,171.0,0.0,155.0,937.0,0.0,0.0,66.0,0.0,105.0
2026,,,F9,ATL,CVG,102.0,94.0,0.0,60.0,373.0,49.0,0.0,0.0,0.0,45.0
2026,,,F9,ATL,PHL,24.0,12.0,0.0,86.0,666.0,,,,,
2026,,,AA,DFW,TPA,5.0,5.0,0.0,114.0,929.0,,,,,
2026,,,F9,PHL,ATL,24.0,4.0,0.0,99.0,666.0,,,,,
2026,,,WN,FLL,MDW,30.0,27.0,0.0,169.0,1167.0,13.0,0.0,0.0,0.0,14.0
2026,,,WN,DAL,MSY,36.0,50.0,0.0,63.0,437.0,0.0,36.0,14.0,0.0,0.0
2026,,,MQ,MIA,PNS,10.0,7.0,0.0,84.0,530.0,,,,,
2026,,,AA,DFW,DCA,109.0,102.0,0.0,142.0,1192.0,0.0,0.0,3.0,0.0,99.0
2026,,,WN,MCI,FLL,43.0,30.0,0.0,147.0,1242.0,4.0,0.0,0.0,0.0,26.0
2026,,,MQ,ORD,MDT,27.0,16.0,0.0,76.0,594.0,16.0,0.0,0.0,0.0,0.0
2026,,,OH,CRP,DFW,19.0,9.0,0.0,62.0,355.0,,,,,
2026,,,DL,LAX,JFK,270.0,305.0,0.0,296.0,2475.0,7.0,0.0,35.0,0.0,263.0
2026,,,MQ,ORD,CWA,10.0,12.0,0.0,44.0,213.0,,,,,
2026,,,OO,COS,DEN,52.0,19.0,0.0,19.0,73.0,19.0,0.0,0.0,0.0,0.0
2026,,,UA,LAS,IAD,2.0,-18.0,0.0,229.0,2065.0,,,,,
2026,,,OO,DEN,AMA,4.0,-9.0,0.0,52.0,359.0,,,,,
2026,,,WN,DEN,DTW,62.0,76.0,0.0,124.0,1123.0,0.0,0.0,14.0,0.0,62.0
2026,,,DL,CAE,ATL,234.0,219.0,0.0,43.0,192.0,0.0,0.0,0.0,0.0,219.0
2026,,,9E,ATL,MLU,108.0,107.0,0.0,82.0,448.0,107.0,0.0,0.0,0.0,0.0
2026,,,WN,LAS,MSY,13.0,-1.0,0.0,165.0,1500.0,,,,,
2026,,,AA,DFW,DTW,15.0,19.0,0.0,124.0,986.0,15.0,0.0,4.0,0.0,0.0
2026,,,WN,PHX,SJC,43.0,45.0,0.0,99.0,621.0,27.0,0.0,2.0,0.0,16.0
2026,,,UA,LAX,IAH,16.0,-9.0,0.0,157.0,1379.0,,,,,
2026,,,UA,DEN,BOS,1.0,3.0,0.0,180.0,1754.0,,,,,
2026,,,WN,CHS,BWI,155.0,144.0,0.0,68.0,472.0,0.0,0.0,0.0,0.0,144.0
2026,,,AA,CLT,DFW,38.0,37.0,0.0,152.0,935.0,31.0,0.0,0.0,0.0,6.0
2026,,,WN,DEN,SAT,16.0,6.0,0.0,105.0,794.0,,,,,
2026,,,PT,CLT,EWN,38.0,25.0,0.0,38.0,222.0,0.0,0.0,0.0,0.0,25.0
2026,,,WN,BNA,DTW,96.0,90.0,0.0,72.0,456.0,0.0,0.0,0.0,0.0,90.0
2026,,,UA,LAX,EWR,3.0,-11.0,0.0,263.0,2454.0,,,,,
2026,,,UA,ORD,LGA,37.0,16.0,0.0,91.0,733.0,16.0,0.0,0.0,0.0,0.0
2026,,,AS,HNL,KOA,1.0,-7.0,0.0,28.0,163.0,,,,,
2026,,,OO,MSP,ABR,5.0,-10.0,0.0,53.0,257.0,,,,,
2026,,,YX,DCA,JFK,3.0,-12.0,0.0,45.0,213.0,,,,,
2026,,,9E,DTW,CVG,597.0,609.0,0.0,45.0,229.0,597.0,0.0,12.0,0.0,0.0
2026,,,DL,ATL,CMH,29.0,25.0,0.0,64.0,447.0,25.0,0.0,0.0,0.0,0.0
2026,,,AA,SFO,PHX,59.0,73.0,0.0,90.0,651.0,0.0,0.0,73.0,0.0,0.0
2026,,,B6,TPA,LGA,4.0,-3.0,0.0,128.0,1010.0,,,,,
2026,,,AA,DFW,IAH,147.0,147.0,0.0,42.0,224.0,0.0,0.0,0.0,0.0,147.0
2026,,,OO,BUR,SFO,47.0,16.0,0.0,51.0,326.0,16.0,0.0,0.0,0.0,0.0
2026,,,WN,PDX,OAK,3.0,-2.0,0.0,82.0,543.0,,,,,
2026,,,OO,AUS,MFE,75.0,50.0,0.0,45.0,279.0,50.0,0.0,0.0,0.0,0.0
2026,,,9E,ILM,LGA,23.0,4.0,0.0,68.0,500.0,,,,,
2026,,,OH,DCA,BGR,76.0,113.0,0.0,83.0,590.0,51.0,0.0,37.0,0.0,25.0
2026,,,B6,SRQ,BOS,153.0,129.0,0.0,138.0,1220.0,68.0,0.0,0.0,0.0,61.0
2026,,,PT,JAN,CLT,204.0,176.0,0.0,73.0,562.0,0.0,5.0,0.0,0.0,171.0
2026,,,AA,STL,DFW,203.0,175.0,0.0,85.0,550.0,0.0,0.0,0.0,0.0,175.0
2026,,,AS,KOA,HNL,6.0,6.0,0.0,34.0,163.0,,,,,
2026,,,C5,PNS,IAH,28.0,9.0,0.0,85.0,489.0,,,,,
2026,,,MQ,PHX,SBP,21.0,7.0,0.0,75.0,509.0,,,,,
2026,,,DL,LAS,MSP,5.0,-5.0,0.0,158.0,1299.0,,,,,
2026,,,B6,FLL,HPN,67.0,53.0,0.0,146.0,1097.0,13.0,0.0,0.0,0.0,40.0
2026,,,OO,LAX,SFO,2.0,-3.0,0.0,52.0,337.0,,,,,
2026,,,WN,MSY,FLL,2.0,10.0,0.0,84.0,673.0,,,,,
2026,,,DL,DTW,MCI,20.0,10.0,0.0,97.0,629.0,,,,,
2026,,,WN,PVD,BWI,32.0,26.0,0.0,69.0,327.0,11.0,0.0,0.0,0.0,15.0
2026,,,NK,IAH,FLL,33.0,19.0,0.0,117.0,966.0,15.0,0.0,1.0,0.0,3.0
2026,,,WN,SAN,LAS,34.0,26.0,0.0,52.0,258.0,0.0,0.0,0.0,0.0,26.0
2026,,,UA,RSW,ORD,42.0,21.0,0.0,151.0,1120.0,21.0,0.0,0.0,0.0,0.0
2026,,,WN,MDW,DCA,5.0,1.0,0.0,85.0,601.0,,,,,
2026,,,WN,MDW,BDL,60.0,45.0,0.0,89.0,776.0,0.0,0.0,0.0,0.0,45.0
2026,,,B6,FLL,SFO,17.0,133.0,0.0,357.0,2584.0,0.0,0.0,116.0,0.0,17.0
2026,,,QX,SEA,IDA,63.0,50.0,0.0,74.0,566.0,0.0,0.0,0.0,0.0,50.0
2026,,,UA,RSW,ORD,262.0,232.0,0.0,152.0,1120.0,0.0,0.0,0.0,0.0,232.0
2026,,,OO,ORD,SBN,12.0,14.0,0.0,25.0,84.0,,,,,
2026,,,OO,DFW,GRK,94.0,86.0,0.0,32.0,134.0,0.0,86.0,0.0,0.0,0.0
2026,,,G7,ORD,SDF,31.0,7.0,0.0,43.0,286.0,,,,,
2026,,,UA,SEA,SFO,10.0,-11.0,0.0,96.0,679.0,,,,,
2026,,,B6,LAS,MCO,66.0,58.0,0.0,243.0,2039.0,58.0,0.0,0.0,0.0,0.0
2026,,,WN,MCO,PHL,3.0,-14.0,0.0,112.0,862.0,,,,,
2026,,,B6,DAB,JFK,3.0,15.0,0.0,139.0,891.0,3.0,0.0,12.0,0.0,0.0
2026,,,DL,JFK,ATL,10.0,-7.0,0.0,108.0,760.0,,,,,
2026,,,WN,MCO,HOU,3.0,-11.0,0.0,136.0,849.0,,,,,
2026,,,UA,PBI,EWR,1.0,-9.0,0.0,140.0,1024.0,,,,,
2026,,,NK,FLL,CLE,67.0,47.0,0.0,136.0,1062.0,47.0,0.0,0.0,0.0,0.0
2026,,,WN,MCO,HOU,20.0,-4.0,0.0,123.0,849.0,,,,,
2026,,,WN,OAK,DAL,6.0,2.0,0.0,182.0,1468.0,,,,,
2026,,,AA,DFW,STL,88.0,96.0,0.0,80.0,550.0,5.0,0.0,8.0,0.0,83.0
2026,,,UA,MCO,ORD,1.0,9.0,0.0,155.0,1005.0,,,,,
2026,,,YX,BNA,RDU,45.0,40.0,0.0,69.0,442.0,32.0,0.0,0.0,0.0,8.0
2026,,,DL,ATL,MSY,1.0,-1.0,0.0,75.0,425.0,,,,,
2026,,,AA,DFW,MSN,99.0,102.0,0.0,104.0,821.0,41.0,0.0,3.0,0.0,58.0
2026,,,AA,EYW,CLT,9.0,4.0,0.0,104.0,736.0,,,,,
2026,,,AS,HNL,OGG,78.0,99.0,0.0,23.0,101.0,99.0,0.0,0.0,0.0,0.0
2026,,,UA,ATL,EWR,7.0,7.0,0.0,95.0,746.0,,,,,
2026,,,AS,SAN,SEA,15.0,-5.0,0.0,142.0,1050.0,,,,,
2026,,,DL,ATL,BZN,16.0,7.0,0.0,221.0,1640.0,,,,,
2026,,,AS,SEA,TPA,5.0,-13.0,0.0,290.0,2520.0,,,,,
2026,,,MQ,BOS,ORD,23.0,-22.0,0.0,124.0,867.0,,,,,
2026,,,C5,IAD,PVD,52.0,46.0,0.0,60.0,371.0,46.0,0.0,0.0,0.0,0.0
2026,,,AA,DFW,MEM,69.0,55.0,0.0,55.0,431.0,55.0,0.0,0.0,0.0,0.0
2026,,,NK,AUS,FLL,10.0,7.0,0.0,130.0,1105.0,,,,,
2026,,,DL,ATL,MLB,10.0,14.0,0.0,69.0,443.0,,,,,
2026,,,DL,MCO,JFK,20.0,39.0,0.0,129.0,944.0,5.0,0.0,19.0,0.0,15.0
2026,,,OO,PHX,YUM,10.0,4.0,0.0,34.0,160.0,,,,,
2026,,,UA,ORD,IAH,49.0,2.0,0.0,115.0,925.0,,,,,
2026,,,AA,EWR,DFW,1.0,-23.0,0.0,200.0,1372.0,,,,,
2026,,,WN,DEN,LAS,8.0,-13.0,0.0,88.0,628.0,,,,,
2026,,,WN,PHX,SAN,4.0,-3.0,0.0,48.0,304.0,,,,,
2026,,,DL,MSP,MSN,28.0,33.0,0.0,40.0,228.0,0.0,0.0,5.0,0.0,28.0
2026,,,DL,ATL,ELP,29.0,13.0,0.0,177.0,1282.0,,,,,
2026,,,AA,LAS,DFW,20.0,45.0,0.0,126.0,1055.0,20.0,0.0,25.0,0.0,0.0
2026,,,UA,BNA,DEN,11.0,-6.0,0.0,150.0,1013.0,,,,,
2026,,,UA,MCO,LAX,1.0,-6.0,0.0,308.0,2218.0,,,,,
2026,,,WN,DEN,IAD,10.0,-11.0,0.0,155.0,1452.0,,,,,
2026,,,AA,HNL,ORD,850.0,858.0,0.0,453.0,4243.0,537.0,0.0,8.0,0.0,313.0
2026,,,DL,JFK,MIA,14.0,-3.0,0.0,147.0,1089.0,,,,,
2026,,,UA,SLC,EWR,112.0,81.0,0.0,211.0,1969.0,0.0,0.0,0.0,0.0,81.0
2026,,,DL,BNA,SLC,4.0,2.0,0.0,211.0,1404.0,,,,,
2026,,,WN,CMH,ATL,16.0,5.0,0.0,69.0,447.0,,,,,
2026,,,B6,PSE,JFK,90.0,89.0,0.0,223.0,1617.0,0.0,0.0,0.0,0.0,89.0
2026,,,NK,TPA,MSY,38.0,33.0,0.0,82.0,487.0,33.0,0.0,0.0,0.0,0.0
2026,,,NK,CMH,FLL,8.0,8.0,0.0,145.0,973.0,,,,,
2026,,,UA,MCI,DEN,2.0,25.0,0.0,91.0,533.0,0.0,0.0,25.0,0.0,0.0
2026,,,AS,IND,SEA,26.0,36.0,0.0,265.0,1866.0,0.0,26.0,10.0,0.0,0.0
2026,,,DL,MIA,LAS,45.0,44.0,0.0,297.0,2174.0,44.0,0.0,0.0,0.0,0.0
2026,,,AA,CLT,TPA,4.0,11.0,0.0,81.0,507.0,,,,,
2026,,,DL,IAH,ATL,17.0,9.0,0.0,91.0,689.0,,,,,
2026,,,WN,TPA,BWI,3.0,33.0,0.0,117.0,842.0,0.0,0.0,33.0,0.0,0.0
2026,,,OO,DTW,IMT,1.0,4.0,0.0,60.0,344.0,,,,,
2026,,,AA,SFO,PHL,16.0,6.0,0.0,280.0,2522.0,,,,,
2026,,,UA,SNA,EWR,1.0,-6.0,0.0,271.0,2433.0,,,,,
2026,,,OO,DEN,BIS,69.0,62.0,0.0,84.0,516.0,62.0,0.0,0.0,0.0,0.0
2026,,,OO,AZO,DTW,290.0,320.0,0.0,23.0,113.0,290.0,0.0,30.0,0.0,0.0
2026,,,B6,DCA,FLL,11.0,7.0,0.0,132.0,899.0,,,,,
2026,,,G7,GRB,ORD,373.0,365.0,0.0,46.0,173.0,235.0,0.0,0.0,0.0,130.0
2026,,,AA,CLT,SJU,3.0,-8.0,0.0,187.0,1475.0,,,,,
2026,,,UA,ORD,LAX,7.0,8.0,0.0,229.0,1744.0,,,,,
2026,,,F9,ORD,LAS,53.0,73.0,0.0,224.0,1514.0,0.0,0.0,52.0,0.0,21.0
2026,,,DL,BOS,MCO,32.0,48.0,0.0,153.0,1121.0,4.0,0.0,16.0,0.0,28.0
2026,,,WN,AUS,MIA,19.0,2.0,0.0,119.0,1103.0,,,,,
2026,,,WN,LGA,BNA,6.0,-19.0,0.0,115.0,764.0,,,,,
2026,,,AA,DFW,LAS,218.0,215.0,0.0,146.0,1055.0,0.0,215.0,0.0,0.0,0.0
2026,,,WN,OAK,LAS,34.0,30.0,0.0,69.0,407.0,0.0,0.0,0.0,0.0,30.0
2026,,,F9,STL,LAS,57.0,22.0,0.0,173.0,1371.0,22.0,0.0,0.0,0.0,0.0
2026,,,UA,DEN,SBA,17.0,3.0,0.0,131.0,916.0,,,,,
2026,,,9E,BTV,JFK,216.0,190.0,0.0,57.0,266.0,0.0,0.0,0.0,0.0,190.0
2026,,,UA,LAX,IAH,1.0,-9.0,0.0,166.0,1379.0,,,,,
2026,,,PT,PHL,GSO,117.0,136.0,0.0,70.0,365.0,0.0,106.0,19.0,0.0,11.0
2026,,,C5,BHM,IAH,41.0,20.0,0.0,88.0,562.0,5.0,0.0,0.0,0.0,15.0
2026,,,UA,ORD,MSY,37.0,45.0,0.0,138.0,837.0,37.0,0.0,8.0,0.0,0.0
2026,,,OO,SJC,SAN,215.0,214.0,0.0,63.0,417.0,0.0,0.0,214.0,0.0,0.0
2026,,,DL,LAX,LAS,11.0,17.0,0.0,45.0,236.0,0.0,0.0,6.0,0.0,11.0
2026,,,UA,LAX,ORD,20.0,24.0,0.0,227.0,1744.0,11.0,0.0,4.0,0.0,9.0
2026,,,AS,SEA,MKE,5.0,11.0,0.0,206.0,1694.0,,,,,
2026,,,MQ,FWA,DFW,91.0,87.0,0.0,140.0,859.0,15.0,0.0,0.0,0.0,72.0
2026,,,WN,BWI,SJU,19.0,3.0,0.0,199.0,1565.0,,,,,
2026,,,G4,SRQ,DSM,20.0,9.0,0.0,164.0,1160.0,,,,,
2026,,,DL,SAT,SLC,40.0,36.0,0.0,166.0,1087.0,0.0,0.0,0.0,0.0,36.0
2026,,,AA,ELP,DFW,8.0,36.0,0.0,71.0,551.0,8.0,0.0,28.0,0.0,0.0
2026,,,F9,RDU,LGA,27.0,34.0,0.0,72.0,431.0,2.0,0.0,7.0,0.0,25.0
2026,,,9E,LIT,LGA,16.0,52.0,0.0,153.0,1085.0,16.0,0.0,36.0,0.0,0.0
2026,,,AS,SEA,PSP,7.0,4.0,0.0,128.0,987.0,,,,,
2026,,,B6,SJU,MCO,1.0,-6.0,0.0,165.0,1188.0,,,,,
2026,,,OO,IAD,DTW,73.0,51.0,0.0,59.0,383.0,51.0,0.0,0.0,0.0,0.0
2026,,,OO,LAX,ELP,24.0,43.0,0.0,102.0,715.0,24.0,0.0,19.0,0.0,0.0
2026,,,G4,PGD,DSM,18.0,-6.0,0.0,161.0,1206.0,,,,,
2026,,,AS,HNL,KOA,2.0,10.0,0.0,31.0,163.0,,,,,
2026,,,OO,ORD,SBN,42.0,48.0,0.0,28.0,84.0,0.0,0.0,6.0,0.0,42.0
2026,,,WN,BUR,PHX,2.0,-18.0,0.0,66.0,369.0,,,,,
2026,,,WN,BWI,AUS,1.0,-9.0,0.0,208.0,1342.0,,,,,
2026,,,YX,CMH,LGA,23.0,15.0,0.0,83.0,479.0,15.0,0.0,0.0,0.0,0.0
2026,,,AA,DSM,DFW,149.0,135.0,0.0,98.0,624.0,3.0,0.0,0.0,0.0,132.0
2026,,,WN,DEN,OAK,1.0,-6.0,0.0,139.0,957.0,,,,,
2026,,,WN,DAL,ELP,27.0,25.0,0.0,91.0,562.0,25.0,0.0,0.0,0.0,0.0
2026,,,DL,LAX,JFK,35.0,42.0,0.0,308.0,2475.0,35.0,0.0,7.0,0.0,0.0
2026,,,AA,AUS,LAX,71.0,45.0,0.0,160.0,1242.0,0.0,0.0,0.0,0.0,45.0
2026,,,AA,DFW,ATL,3.0,-4.0,0.0,92.0,731.0,,,,,
2026,,,AA,PHL,PHX,7.0,21.0,0.0,312.0,2076.0,7.0,0.0,14.0,0.0,0.0
2026,,,MQ,ORD,SGF,3.0,9.0,0.0,70.0,438.0,,,,,
2026,,,DL,CHS,ATL,54.0,41.0,0.0,49.0,259.0,0.0,0.0,0.0,0.0,41.0
2026,,,WN,LAS,MCI,42.0,36.0,0.0,135.0,1139.0,36.0,0.0,0.0,0.0,0.0
2026,,,9E,FAY,ATL,1.0,0.0,0.0,66.0,330.0,,,,,
2026,,,B6,PHL,BOS,75.0,105.0,0.0,47.0,280.0,0.0,0.0,105.0,0.0,0.0
2026,,,WN,DEN,LGA,30.0,19.0,0.0,187.0,1620.0,19.0,0.0,0.0,0.0,0.0
2026,,,AS,HNL,KOA,4.0,-4.0,0.0,26.0,163.0,,,,,
2026,,,AA,PHX,PHL,1.0,-24.0,0.0,216.0,2076.0,,,,,
2026,,,DL,ROC,ATL,16.0,-15.0,0.0,106.0,749.0,,,,,
2026,,,DL,GEG,SLC,33.0,38.0,0.0,80.0,546.0,33.0,0.0,5.0,0.0,0.0
2026,,,AA,DFW,TUS,44.0,40.0,0.0,125.0,813.0,3.0,0.0,0.0,0.0,37.0
2026,,,AA,EWR,DFW,8.0,3.0,0.0,210.0,1372.0,,,,,
2026,,,F9,FLL,PHL,98.0,70.0,0.0,127.0,993.0,0.0,0.0,0.0,0.0,70.0
2026,,,AA,PHX,DCA,26.0,19.0,0.0,205.0,1979.0,0.0,0.0,0.0,0.0,19.0
2026,,,YX,ORD,MSN,41.0,59.0,0.0,30.0,108.0,0.0,41.0,18.0,0.0,0.0
2026,,,UA,PBI,EWR,54.0,70.0,0.0,163.0,1024.0,20.0,0.0,16.0,0.0,34.0
2026,,,WN,FLL,TPA,5.0,-2.0,0.0,44.0,197.0,,,,,
2026,,,B6,BOS,PBI,5.0,9.0,0.0,188.0,1197.0,,,,,
2026,,,DL,DTW,MCO,5.0,25.0,0.0,128.0,957.0,0.0,0.0,25.0,0.0,0.0
2026,,,DL,ATL,MDT,55.0,48.0,0.0,83.0,620.0,48.0,0.0,0.0,0.0,0.0
2026,,,DL,BOS,MCO,8.0,-7.0,0.0,172.0,1121.0,,,,,
2026,,,AS,OGG,HNL,7.0,6.0,0.0,28.0,101.0,,,,,
2026,,,AA,PHX,MKE,23.0,29.0,0.0,175.0,1460.0,23.0,0.0,6.0,0.0,0.0
2026,,,OO,GEG,SEA,7.0,-11.0,0.0,46.0,224.0,,,,,
2026,,,AA,ORD,BZN,38.0,40.0,0.0,186.0,1185.0,38.0,0.0,2.0,0.0,0.0
2026,,,AS,SEA,PHX,9.0,-2.0,0.0,139.0,1107.0,,,,,
2026,,,9E,JFK,BGR,77.0,85.0,0.0,58.0,382.0,0.0,0.0,8.0,0.0,77.0
2026,,,AS,OGG,SEA,16.0,29.0,0.0,317.0,2639.0,28.0,0.0,0.0,0.0,1.0
2026,,,OO,PHX,MRY,46.0,32.0,0.0,92.0,598.0,32.0,0.0,0.0,0.0,0.0
2026,,,OO,DEN,SLC,12.0,-1.0,0.0,66.0,391.0,,,,,
2026,,,AA,JFK,LAX,96.0,90.0,0.0,356.0,2475.0,9.0,0.0,0.0,0.0,81.0
2026,,,UA,ELP,DEN,2.0,-17.0,0.0,79.0,563.0,,,,,
2026,,,DL,SLC,ORD,7.0,-14.0,0.0,139.0,1250.0,,,,,
2026,,,AS,OGG,LIH,27.0,28.0,0.0,36.0,202.0,14.0,0.0,0.0,0.0,14.0
2026,,,WN,MDW,LGA,29.0,26.0,0.0,96.0,725.0,22.0,0.0,0.0,0.0,4.0
2026,,,UA,DFW,IAH,3.0,-8.0,0.0,41.0,224.0,,,,,
2026,,,UA,IAH,LAX,21.0,-4.0,0.0,183.0,1379.0,,,,,
2026,,,G7,STL,ORD,25.0,8.0,0.0,50.0,258.0,,,,,
2026,,,OO,DEN,SBP,94.0,100.0,0.0,156.0,931.0,94.0,0.0,6.0,0.0,0.0
2026,,,AA,CLT,DEN,1.0,44.0,0.0,199.0,1337.0,0.0,1.0,43.0,0.0,0.0
2026,,,MQ,TUS,PHX,24.0,30.0,0.0,30.0,109.0,5.0,0.0,6.0,0.0,19.0
2026,,,G4,PGD,LEX,10.0,17.0,0.0,109.0,781.0,0.0,0.0,15.0,0.0,2.0
2026,,,OH,DFW,SGF,12.0,0.0,0.0,53.0,364.0,,,,,
2026,,,AA,PHX,PHL,75.0,79.0,0.0,249.0,2076.0,75.0,0.0,4.0,0.0,0.0
2026,,,WN,PHX,AUS,21.0,10.0,0.0,103.0,872.0,,,,,
2026,,,YX,IND,LGA,53.0,36.0,0.0,89.0,660.0,5.0,0.0,0.0,0.0,31.0
2026,,,UA,DEN,SJU,3.0,6.0,0.0,290.0,2733.0,,,,,
2026,,,OH,CHA,DFW,207.0,325.0,0.0,126.0,695.0,0.0,0.0,118.0,0.0,207.0
2026,,,UA,ORD,IAH,3.0,-4.0,0.0,132.0,925.0,,,,,
2026,,,DL,BOS,LAS,9.0,6.0,0.0,342.0,2381.0,,,,,
2026,,,G7,EWR,IAD,21.0,-4.0,0.0,46.0,212.0,,,,,
2026,,,WN,BNA,PHX,48.0,22.0,0.0,194.0,1449.0,3.0,0.0,0.0,0.0,19.0
2026,,,WN,BNA,ALB,4.0,-6.0,0.0,107.0,825.0,,,,,
2026,,,WN,BWI,DAL,3.0,-23.0,0.0,161.0,1209.0,,,,,
2026,,,AA,CLT,CLE,519.0,510.0,0.0,64.0,430.0,121.0,0.0,0.0,0.0,389.0
2026,,,AA,TPA,MIA,17.0,-7.0,0.0,38.0,204.0,,,,,
2026,,,DL,PBI,LGA,1.0,3.0,0.0,144.0,1035.0,,,,,
2026,,,WN,DEN,DAL,2.0,15.0,0.0,91.0,651.0,0.0,0.0,15.0,0.0,0.0
2026,,,UA,SDF,DEN,9.0,-1.0,0.0,152.0,1024.0,,,,,
2026,,,MQ,STS,PHX,7.0,6.0,0.0,101.0,699.0,,,,,
2026,,,C5,ALB,IAD,67.0,66.0,0.0,86.0,324.0,4.0,0.0,0.0,0.0,62.0
2026,,,OO,MQT,DTW,309.0,288.0,0.0,50.0,349.0,0.0,288.0,0.0,0.0,0.0
2026,,,G7,ORD,CID,4.0,-3.0,0.0,39.0,196.0,,,,,
2026,,,C5,IAH,SHV,21.0,11.0,0.0,33.0,192.0,,,,,
2026,,,DL,PIT,ATL,17.0,-9.0,0.0,79.0,526.0,,,,,
2026,,,OH,MSP,DCA,11.0,9.0,0.0,130.0,931.0,,,,,
2026,,,DL,HPN,ATL,3.0,-3.0,0.0,123.0,781.0,,,,,
2026,,,WN,BUR,DEN,1.0,-19.0,0.0,98.0,850.0,,,,,
2026,,,DL,ATL,BWI,1.0,-6.0,0.0,73.0,577.0,,,,,
2026,,,9E,ATL,MLU,1.0,-19.0,0.0,66.0,448.0,,,,,
2026,,,WN,PHX,HOU,7.0,-7.0,0.0,115.0,1020.0,,,,,
2026,,,AA,DFW,TPA,60.0,66.0,0.0,111.0,929.0,0.0,60.0,6.0,0.0,0.0
2026,,,NK,FLL,PIT,30.0,20.0,0.0,132.0,994.0,16.0,0.0,1.0,0.0,3.0
2026,,,QX,PDX,RNO,1.0,9.0,0.0,73.0,444.0,,,,,
2026,,,DL,DTW,BOS,11.0,-8.0,0.0,80.0,632.0,,,,,
2026,,,G4,PIE,GSP,20.0,17.0,0.0,68.0,482.0,1.0,0.0,0.0,0.0,16.0
2026,,,OO,CHS,DTW,8.0,-7.0,0.0,100.0,667.0,,,,,
2026,,,PT,EWN,CLT,176.0,170.0,0.0,48.0,222.0,0.0,0.0,0.0,0.0,170.0
2026,,,OO,FWA,ORD,111.0,88.0,0.0,35.0,157.0,0.0,0.0,0.0,0.0,88.0
2026,,,WN,HRL,HOU,24.0,18.0,0.0,42.0,277.0,1.0,0.0,0.0,0.0,17.0
2026,,,9E,DTW,CVG,4.0,-17.0,0.0,39.0,229.0,,,,,
2026,,,9E,JFK,ORD,14.0,21.0,0.0,128.0,740.0,0.0,0.0,21.0,0.0,0.0
2026,,,C5,IAD,ALB,15.0,1.0,0.0,62.0,324.0,,,,,
2026,,,UA,DFW,EWR,28.0,11.0,0.0,162.0,1372.0,,,,,
2026,,,UA,ORD,SLC,12.0,-1.0,0.0,182.0,1250.0,,,,,
2026,,,DL,SEA,FLL,2.0,-21.0,0.0,298.0,2717.0,,,,,
2026,,,OO,FWA,DTW,300.0,316.0,0.0,25.0,128.0,0.0,300.0,16.0,0.0,0.0
2026,,,YX,ORD,CMH,20.0,12.0,0.0,50.0,296.0,,,,,
2026,,,9E,MDW,DTW,155.0,158.0,0.0,43.0,228.0,0.0,0.0,3.0,0.0,155.0
2026,,,WN,LGB,SMF,1.0,-4.0,0.0,71.0,387.0,,,,,
2026,,,UA,TPA,ORD,89.0,79.0,0.0,147.0,1012.0,0.0,0.0,0.0,0.0,79.0
2026,,,PT,CLT,PHF,141.0,124.0,0.0,48.0,282.0,0.0,107.0,0.0,0.0,17.0
2026,,,UA,BDL,ORD,7.0,8.0,0.0,128.0,783.0,,,,,
2026,,,YX,ILM,LGA,1.0,3.0,0.0,83.0,500.0,,,,,
2026,,,OO,OMA,MSP,28.0,15.0,0.0,53.0,282.0,15.0,0.0,0.0,0.0,0.0
2026,,,WN,MDW,LAS,6.0,-4.0,0.0,204.0,1521.0,,,,,
2026,,,UA,DEN,MSO,9.0,29.0,0.0,115.0,679.0,9.0,0.0,20.0,0.0,0.0
2026,,,OO,ORD,MLI,164.0,201.0,0.0,31.0,139.0,0.0,0.0,37.0,0.0,164.0
2026,,,WN,MEM,HOU,6.0,-6.0,0.0,83.0,484.0,,,,,
2026,,,WN,LAS,MKE,97.0,85.0,0.0,175.0,1524.0,0.0,0.0,0.0,0.0,85.0
2026,,,DL,ATL,ROA,7.0,-2.0,0.0,55.0,357.0,,,,,
2026,,,AS,SEA,GEG,6.0,-1.0,0.0,38.0,224.0,,,,,
2026,,,PT,BOS,MDT,4.0,-4.0,0.0,64.0,335.0,,,,,
2026,,,YX,DCA,LGA,16.0,3.0,0.0,42.0,214.0,,,,,
2026,,,WN,DEN,MDW,15.0,2.0,0.0,114.0,895.0,,,,,
2026,,,NK,FLL,STX,1.0,0.0,0.0,133.0,1140.0,,,,,
2026,,,AA,PWM,DCA,31.0,18.0,0.0,88.0,482.0,0.0,0.0,0.0,0.0,18.0
2026,,,AS,OGG,HNL,9.0,8.0,0.0,25.0,101.0,,,,,
2026,,,B6,JFK,SJU,3.0,4.0,0.0,202.0,1598.0,,,,,
2026,,,AA,DFW,BNA,2.0,2.0,0.0,76.0,631.0,,,,,
2026,,,UA,DEN,TUS,42.0,26.0,0.0,92.0,639.0,26.0,0.0,0.0,0.0,0.0
2026,,,AS,SFO,SEA,15.0,16.0,0.0,109.0,679.0,0.0,0.0,16.0,0.0,0.0
2026,,,AA,DFW,MCO,107.0,81.0,0.0,120.0,985.0,20.0,0.0,0.0,0.0,61.0
2026,,,F9,LAX,SEA,15.0,0.0,0.0,121.0,954.0,,,,,
2026,,,WN,BWI,DTW,33.0,38.0,0.0,69.0,409.0,15.0,0.0,5.0,0.0,18.0
2026,,,MQ,SJC,PHX,45.0,44.0,0.0,88.0,621.0,0.0,0.0,0.0,0.0,44.0
2026,,,AA,MIA,CLT,70.0,46.0,0.0,91.0,650.0,46.0,0.0,0.0,0.0,0.0
2026,,,DL,SEA,ANC,64.0,68.0,0.0,203.0,1448.0,0.0,0.0,4.0,0.0,64.0
2026,,,AS,SMF,HNL,7.0,-18.0,0.0,308.0,2462.0,,,,,
2026,,,YX,EWR,PIT,7.0,-13.0,0.0,58.0,319.0,,,,,
2026,,,YV,IAH,MAF,39.0,36.0,0.0,69.0,429.0,36.0,0.0,0.0,0.0,0.0
2026,,,UA,MSO,DEN,2.0,-15.0,0.0,88.0,679.0,,,,,
2026,,,WN,PHX,LGB,46.0,49.0,0.0,54.0,355.0,12.0,0.0,3.0,0.0,34.0
2026,,,DL,MSP,DTW,21.0,3.0,0.0,71.0,528.0,,,,,
2026,,,OH,CLT,CRW,4.0,-7.0,0.0,41.0,221.0,,,,,
2026,,,UA,FLL,ORD,36.0,30.0,0.0,169.0,1182.0,0.0,0.0,0.0,0.0,30.0
2026,,,AA,LGA,MIA,70.0,73.0,0.0,160.0,1096.0,0.0,0.0,73.0,0.0,0.0
2026,,,DL,ATL,RDU,16.0,12.0,0.0,55.0,356.0,,,,,
2026,,,DL,SLC,ORD,6.0,-6.0,0.0,146.0,1250.0,,,,,
2026,,,AA,BNA,DFW,71.0,45.0,0.0,94.0,631.0,0.0,0.0,0.0,0.0,45.0
2026,,,OO,DEN,LBB,40.0,23.0,0.0,60.0,456.0,0.0,0.0,0.0,0.0,23.0
2026,,,B6,SLC,JFK,18.0,-10.0,0.0,217.0,1990.0,,,,,
2026,,,UA,EWR,MSY,10.0,-15.0,0.0,166.0,1167.0,,,,,
2026,,,MQ,EWR,ORD,131.0,110.0,0.0,118.0,719.0,3.0,0.0,0.0,0.0,107.0
2026,,,F9,MCO,MSY,140.0,152.0,0.0,114.0,551.0,37.0,0.0,12.0,0.0,103.0
2026,,,UA,IAH,ONT,15.0,13.0,0.0,194.0,1334.0,,,,,
2026,,,OO,COU,ORD,153.0,126.0,0.0,56.0,315.0,126.0,0.0,0.0,0.0,0.0
2026,,,OO,DFW,GUC,13.0,1.0,0.0,111.0,678.0,,,,,
2026,,,UA,DEN,HDN,14.0,13.0,0.0,33.0,141.0,,,,,
2026,,,WN,BWI,BOS,164.0,142.0,0.0,52.0,369.0,0.0,0.0,40.0,0.0,102.0
2026,,,OO,RIW,DEN,12.0,7.0,0.0,47.0,296.0,,,,,
2026,,,UA,EWR,MCO,3.0,-10.0,0.0,141.0,937.0,,,,,
2026,,,WN,SAT,DEN,9.0,9.0,0.0,121.0,794.0,,,,,
2026,,,DL,SLC,MSP,9.0,-3.0,0.0,112.0,991.0,,,,,
2026,,,DL,ATL,SYR,11.0,0.0,0.0,108.0,794.0,,,,,
2026,,,9E,CLE,LGA,23.0,12.0,0.0,68.0,419.0,,,,,
2026,,,WN,DEN,GRR,3.0,12.0,0.0,123.0,1015.0,,,,,
2026,,,WN,SAN,SMF,1.0,-15.0,0.0,76.0,480.0,,,,,
2026,,,WN,DCA,MDW,5.0,-10.0,0.0,100.0,601.0,,,,,
2026,,,9E,HPN,DTW,60.0,81.0,0.0,93.0,505.0,60.0,0.0,21.0,0.0,0.0
2026,,,WN,DAL,LAX,14.0,-28.0,0.0,148.0,1246.0,,,,,
2026,,,WN,BNA,PHX,3.0,-16.0,0.0,214.0,1449.0,,,,,
2026,,,AS,OGG,HNL,9.0,10.0,0.0,25.0,101.0,,,,,
2026,,,OH,DCA,CAE,35.0,23.0,0.0,63.0,408.0,0.0,0.0,0.0,0.0,23.0
2026,,,YX,ORD,MSN,49.0,40.0,0.0,34.0,108.0,40.0,0.0,0.0,0.0,0.0
2026,,,AA,DCA,JAX,21.0,58.0,0.0,117.0,634.0,0.0,0.0,39.0,0.0,19.0
2026,,,OO,DTW,CMH,40.0,69.0,0.0,37.0,155.0,0.0,40.0,29.0,0.0,0.0
2026,,,PT,CLT,CHO,34.0,34.0,0.0,40.0,245.0,34.0,0.0,0.0,0.0,0.0
2026,,,DL,MSP,STL,47.0,34.0,0.0,60.0,448.0,34.0,0.0,0.0,0.0,0.0
2026,,,F9,ATL,LGA,127.0,106.0,0.0,87.0,762.0,0.0,0.0,0.0,0.0,106.0
2026,,,OO,ORD,JST,39.0,69.0,0.0,73.0,487.0,0.0,0.0,30.0,0.0,39.0
2026,,,B6,FLL,ORH,265.0,249.0,0.0,142.0,1211.0,169.0,0.0,0.0,0.0,80.0
2026,,,AA,MIA,AUS,66.0,50.0,0.0,160.0,1103.0,50.0,0.0,0.0,0.0,0.0
2026,,,WN,MDW,PHX,27.0,21.0,0.0,212.0,1444.0,0.0,0.0,0.0,0.0,21.0
2026,,,UA,DEN,MTJ,18.0,15.0,0.0,34.0,197.0,15.0,0.0,0.0,0.0,0.0
2026,,,AA,PHX,SMF,8.0,-7.0,0.0,93.0,647.0,,,,,
2026,,,OO,SBN,ORD,113.0,132.0,0.0,23.0,84.0,0.0,0.0,19.0,0.0,113.0
2026,,,OO,BTV,DTW,52.0,15.0,0.0,83.0,537.0,0.0,15.0,0.0,0.0,0.0
2026,,,WN,SMF,PHX,77.0,73.0,0.0,90.0,647.0,73.0,0.0,0.0,0.0,0.0
2026,,,YX,PHL,CVG,14.0,19.0,0.0,98.0,507.0,14.0,0.0,5.0,0.0,0.0
2026,,,OH,DAY,ORD,71.0,74.0,0.0,46.0,240.0,0.0,0.0,3.0,0.0,71.0
2026,,,AA,BFL,DFW,5.0,-2.0,0.0,156.0,1271.0,,,,,
2026,,,F9,DFW,TPA,27.0,22.0,0.0,106.0,929.0,22.0,0.0,0.0,0.0,0.0
2026,,,OO,SLC,PSC,68.0,66.0,0.0,91.0,521.0,66.0,0.0,0.0,0.0,0.0
2026,,,WN,LAS,OAK,12.0,-5.0,0.0,65.0,407.0,,,,,
2026,,,UA,IAH,MSY,4.0,-6.0,0.0,49.0,305.0,,,,,
2026,,,AS,SEA,PDX,14.0,6.0,0.0,29.0,129.0,,,,,
2026,,,WN,SLC,SAN,46.0,53.0,0.0,108.0,626.0,8.0,0.0,7.0,0.0,38.0
2026,,,G7,EWR,BUF,1.0,-16.0,0.0,50.0,282.0,,,,,
2026,,,UA,DEN,BNA,1.0,-22.0,0.0,113.0,1013.0,,,,,
2026,,,F9,ORD,LAS,102.0,90.0,0.0,215.0,1514.0,90.0,0.0,0.0,0.0,0.0
2026,,,9E,LGA,TYS,6.0,-12.0,0.0,102.0,647.0,,,,,
2026,,,DL,LAX,ATL,55.0,69.0,0.0,234.0,1947.0,55.0,0.0,14.0,0.0,0.0
2026,,,OO,FWA,ORD,228.0,221.0,0.0,37.0,157.0,221.0,0.0,0.0,0.0,0.0
2026,,,AA,ORD,IAH,41.0,22.0,0.0,124.0,925.0,22.0,0.0,0.0,0.0,0.0
2026,,,UA,SFO,IAD,68.0,83.0,0.0,265.0,2418.0,17.0,0.0,15.0,0.0,51.0
2026,,,UA,SFO,IAH,3.0,-14.0,0.0,195.0,1635.0,,,,,
2026,,,WN,LAX,DAL,3.0,-3.0,0.0,155.0,1246.0,,,,,
2026,,,DL,SEA,SNA,6.0,-11.0,0.0,128.0,978.0,,,,,
2026,,,UA,ORD,SMF,3.0,0.0,0.0,255.0,1781.0,,,,,
2026,,,9E,LGA,BNA,33.0,28.0,0.0,129.0,764.0,0.0,0.0,0.0,0.0,28.0
2026,,,OO,ORD,MBS,26.0,18.0,0.0,42.0,222.0,18.0,0.0,0.0,0.0,0.0
2026,,,G7,IAD,CVG,8.0,16.0,0.0,74.0,388.0,3.0,0.0,8.0,0.0,5.0
2026,,,WN,HOU,ONT,11.0,-2.0,0.0,186.0,1345.0,,,,,
2026,,,F9,FLL,PHL,44.0,99.0,0.0,129.0,993.0,9.0,0.0,55.0,0.0,35.0
2026,,,QX,PDX,GEG,12.0,11.0,0.0,47.0,279.0,,,,,
2026,,,UA,SFO,EWR,7.0,13.0,0.0,293.0,2565.0,,,,,
2026,,,UA,PHL,SFO,215.0,239.0,0.0,382.0,2522.0,0.0,0.0,239.0,0.0,0.0
2026,,,NK,PHL,MIA,7.0,71.0,0.0,181.0,1013.0,0.0,0.0,71.0,0.0,0.0
2026,,,DL,ECP,ATL,11.0,2.0,0.0,43.0,240.0,,,,,
2026,,,OH,ILM,DCA,2.0,-1.0,0.0,49.0,320.0,,,,,
2026,,,OO,COS,ORD,25.0,18.0,0.0,126.0,911.0,18.0,0.0,0.0,0.0,0.0
2026,,,UA,EWR,SFO,154.0,182.0,0.0,379.0,2565.0,38.0,0.0,28.0,0.0,116.0
2026,,,OH,DCA,DAY,55.0,42.0,0.0,72.0,391.0,21.0,0.0,0.0,0.0,21.0
2026,,,WN,SMF,DEN,28.0,38.0,0.0,122.0,909.0,0.0,0.0,10.0,0.0,28.0
2026,,,UA,BOS,SFO,6.0,-34.0,0.0,346.0,2704.0,,,,,
2026,,,WN,MDW,IND,41.0,28.0,0.0,30.0,162.0,28.0,0.0,0.0,0.0,0.0
2026,,,DL,DTW,ROC,4.0,-4.0,0.0,45.0,296.0,,,,,
2026,,,AA,PHX,CMH,13.0,16.0,0.0,202.0,1670.0,6.0,0.0,3.0,0.0,7.0
2026,,,QX,RNO,SAN,45.0,80.0,0.0,74.0,488.0,1.0,0.0,35.0,0.0,44.0
2026,,,G7,IAD,DAY,247.0,247.0,0.0,66.0,367.0,5.0,0.0,0.0,0.0,242.0
2026,,,UA,IAH,LAS,136.0,127.0,0.0,166.0,1222.0,0.0,0.0,127.0,0.0,0.0
2026,,,UA,EWR,SAT,19.0,8.0,0.0,241.0,1569.0,,,,,
2026,,,DL,ATL,JAX,2.0,-2.0,0.0,45.0,269.0,,,,,
2026,,,DL,ATL,SRQ,59.0,57.0,0.0,69.0,444.0,28.0,0.0,0.0,0.0,29.0
2026,,,9E,JFK,ORF,3.0,-1.0,0.0,57.0,290.0,,,,,
2026,,,MQ,DFW,CAE,21.0,11.0,0.0,110.0,922.0,,,,,
2026,,,B6,JFK,MCO,74.0,66.0,0.0,148.0,944.0,0.0,0.0,27.0,0.0,39.0
2026,,,AA,LGA,DFW,47.0,61.0,0.0,221.0,1389.0,15.0,0.0,14.0,0.0,32.0
2026,,,AS,HNL,OGG,15.0,12.0,0.0,21.0,101.0,,,,,
2026,,,NK,ATL,DFW,31.0,35.0,0.0,133.0,731.0,31.0,0.0,4.0,0.0,0.0
2026,,,B6,SJU,JFK,11.0,9.0,0.0,214.0,1598.0,,,,,
2026,,,UA,LAX,IAD,2.0,-10.0,0.0,261.0,2288.0,,,,,
2026,,,G4,LAX,CVG,41.0,27.0,0.0,216.0,1900.0,12.0,0.0,0.0,0.0,15.0
2026,,,OO,DTW,GSP,212.0,188.0,0.0,68.0,508.0,0.0,188.0,0.0,0.0,0.0
2026,,,UA,ORD,BWI,57.0,45.0,0.0,87.0,622.0,1.0,0.0,0.0,0.0,44.0
2026,,,UA,FCA,DEN,120.0,111.0,0.0,102.0,752.0,0.0,0.0,0.0,0.0,111.0
2026,,,DL,MCO,JFK,78.0,79.0,0.0,120.0,944.0,78.0,0.0,1.0,0.0,0.0
2026,,,9E,DTW,ORF,7.0,-1.0,0.0,79.0,529.0,,,,,
2026,,,WN,LAS,PHX,12.0,39.0,0.0,51.0,255.0,7.0,0.0,27.0,0.0,5.0
2026,,,WN,MCO,BNA,4.0,-4.0,0.0,95.0,616.0,,,,,
2026,,,UA,SNA,ORD,9.0,0.0,0.0,207.0,1726.0,,,,,
2026,,,9E,BQK,ATL,37.0,20.0,0.0,43.0,238.0,20.0,0.0,0.0,0.0,0.0
2026,,,WN,MDW,LAS,10.0,-16.0,0.0,199.0,1521.0,,,,,
2026,,,OH,CLT,GPT,57.0,40.0,0.0,92.0,577.0,40.0,0.0,0.0,0.0,0.0
2026,,,OH,ORD,DAY,31.0,15.0,0.0,40.0,240.0,0.0,0.0,0.0,0.0,15.0
2026,,,NK,EWR,MCO,1.0,-29.0,0.0,123.0,937.0,,,,,
2026,,,AA,SBA,PHX,16.0,12.0,0.0,71.0,455.0,,,,,
2026,,,DL,ATL,LIT,42.0,39.0,0.0,72.0,453.0,39.0,0.0,0.0,0.0,0.0
2026,,,OO,PSP,PDX,53.0,33.0,0.0,117.0,873.0,0.0,0.0,0.0,0.0,33.0
2026,,,F9,FLL,CLT,303.0,284.0,0.0,91.0,632.0,6.0,0.0,0.0,0.0,278.0
2026,,,DL,MSP,SJC,13.0,34.0,0.0,253.0,1575.0,13.0,0.0,21.0,0.0,0.0
2026,,,WN,ORF,BWI,5.0,-5.0,0.0,38.0,159.0,,,,,
2026,,,AS,SEA,SFO,30.0,24.0,0.0,105.0,679.0,24.0,0.0,0.0,0.0,0.0
2026,,,OO,ORD,MKE,36.0,50.0,0.0,20.0,67.0,0.0,0.0,14.0,0.0,36.0
2026,,,OO,BOI,BUR,10.0,0.0,0.0,112.0,656.0,,,,,
2026,,,OO,ECP,IAH,138.0,119.0,0.0,99.0,572.0,0.0,0.0,0.0,0.0,119.0
2026,,,F9,MCI,PHX,111.0,90.0,0.0,150.0,1044.0,0.0,0.0,0.0,0.0,90.0
2026,,,DL,SLC,LGB,10.0,12.0,0.0,85.0,588.0,,,,,
2026,,,UA,AUS,EWR,18.0,-10.0,0.0,167.0,1504.0,,,,,
2026,,,UA,MCO,DEN,2.0,-22.0,0.0,212.0,1547.0,,,,,
2026,,,UA,ORD,EWR,80.0,75.0,0.0,95.0,719.0,75.0,0.0,0.0,0.0,0.0
2026,,,AA,MCO,DFW,11.0,-3.0,0.0,151.0,985.0,,,,,
2026,,,DL,MCO,MSP,100.0,115.0,0.0,189.0,1310.0,100.0,0.0,15.0,0.0,0.0
2026,,,MQ,CMH,ORD,65.0,66.0,0.0,54.0,296.0,1.0,0.0,1.0,0.0,64.0
2026,,,UA,EWR,RSW,11.0,2.0,0.0,164.0,1068.0,,,,,
2026,,,WN,IND,ATL,12.0,18.0,0.0,83.0,432.0,0.0,0.0,6.0,0.0,12.0
2026,,,AA,DFW,XNA,15.0,2.0,0.0,40.0,280.0,,,,,
2026,,,DL,JAX,ATL,7.0,-6.0,0.0,45.0,269.0,,,,,
2026,,,AS,ORD,SEA,26.0,24.0,0.0,252.0,1721.0,24.0,0.0,0.0,0.0,0.0
2026,,,WN,SLC,OAK,20.0,9.0,0.0,83.0,588.0,,,,,
2026,,,UA,ORD,SFO,7.0,-23.0,0.0,241.0,1846.0,,,,,
2026,,,G7,IAD,CVG,7.0,8.0,0.0,72.0,388.0,,,,,
2026,,,QX,PHX,BOI,16.0,-4.0,0.0,99.0,735.0,,,,,
2026,,,DL,MCO,ATL,13.0,-4.0,0.0,61.0,404.0,,,,,
2026,,,AA,CLT,SDF,123.0,123.0,0.0,54.0,335.0,69.0,0.0,0.0,0.0,54.0
2026,,,YX,DCA,LGA,11.0,-1.0,0.0,49.0,214.0,,,,,
2026,,,OO,SBN,ORD,37.0,91.0,0.0,24.0,84.0,0.0,37.0,54.0,0.0,0.0
2026,,,DL,ATL,MSY,26.0,18.0,0.0,64.0,425.0,18.0,0.0,0.0,0.0,0.0
2026,,,AA,ORD,CLT,124.0,117.0,0.0,84.0,599.0,117.0,0.0,0.0,0.0,0.0
2026,,,AS,KOA,ANC,71.0,64.0,0.0,345.0,2875.0,0.0,0.0,64.0,0.0,0.0
2026,,,AA,DFW,LAX,175.0,171.0,0.0,183.0,1235.0,24.0,0.0,0.0,0.0,147.0
2026,,,WN,SFO,LAS,66.0,59.0,0.0,64.0,414.0,0.0,0.0,52.0,0.0,7.0
2026,,,WN,LAX,PHX,29.0,27.0,0.0,57.0,370.0,14.0,0.0,0.0,0.0,13.0
2026,,,F9,JFK,DEN,12.0,2.0,0.0,232.0,1626.0,,,,,
2026,,,OO,MBS,DTW,192.0,182.0,0.0,23.0,98.0,182.0,0.0,0.0,0.0,0.0
2026,,,AS,ITO,HNL,7.0,1.0,0.0,35.0,216.0,,,,,
2026,,,WN,RSW,STL,2.0,-29.0,0.0,135.0,979.0,,,,,
2026,,,OO,MSP,MKE,82.0,61.0,0.0,49.0,297.0,61.0,0.0,0.0,0.0,0.0
2026,,,DL,SEA,LIH,7.0,-9.0,0.0,333.0,2700.0,,,,,
2026,,,9E,LGA,SAV,9.0,14.0,0.0,122.0,722.0,,,,,
2026,,,AA,RSW,ORD,189.0,209.0,0.0,159.0,1120.0,0.0,0.0,46.0,0.0,163.0
2026,,,WN,DAL,MEM,38.0,28.0,0.0,58.0,423.0,10.0,0.0,0.0,0.0,18.0
2026,,,AA,BUF,CLT,11.0,19.0,0.0,85.0,546.0,4.0,0.0,8.0,0.0,7.0
2026,,,NK,FLL,PNS,7.0,-2.0,0.0,85.0,525.0,,,,,
2026,,,UA,IAH,EWR,4.0,-13.0,0.0,164.0,1400.0,,,,,
2026,,,OO,RDM,BUR,42.0,56.0,0.0,95.0,709.0,42.0,0.0,14.0,0.0,0.0
2026,,,F9,PHX,DEN,3.0,-5.0,0.0,79.0,602.0,,,,,
2026,,,OO,CVG,ORD,11.0,-11.0,0.0,58.0,264.0,,,,,
2026,,,UA,DEN,ICT,4.0,-17.0,0.0,54.0,420.0,,,,,
2026,,,9E,RIC,JFK,7.0,-1.0,0.0,49.0,288.0,,,,,
2026,,,DL,MCO,DTW,49.0,30.0,0.0,115.0,957.0,0.0,0.0,0.0,0.0,30.0
2026,,,AA,TYS,DFW,11.0,8.0,0.0,132.0,772.0,,,,,
2026,,,WN,BNA,MDW,4.0,-10.0,0.0,69.0,395.0,,,,,
2026,,,AA,GEG,PHX,218.0,203.0,0.0,128.0,1020.0,203.0,0.0,0.0,0.0,0.0
2026,,,OO,TUS,LAX,265.0,236.0,0.0,64.0,451.0,0.0,236.0,0.0,0.0,0.0
2026,,,WN,MCO,OMA,5.0,3.0,0.0,176.0,1211.0,,,,,
2026,,,YX,EWR,MSP,18.0,-5.0,0.0,146.0,1008.0,,,,,
2026,,,AS,SEA,GEG,28.0,13.0,0.0,36.0,224.0,,,,,
2026,,,UA,ATL,IAD,37.0,39.0,0.0,68.0,534.0,37.0,0.0,2.0,0.0,0.0
2026,,,AS,SEA,PHX,24.0,4.0,0.0,136.0,1107.0,,,,,
2026,,,OO,ORD,BNA,3.0,-14.0,0.0,63.0,409.0,,,,,
2026,,,OO,DRO,DEN,35.0,27.0,0.0,44.0,251.0,27.0,0.0,0.0,0.0,0.0
2026,,,WN,BNA,STL,8.0,3.0,0.0,54.0,272.0,,,,,
2026,,,WN,SJU,BWI,4.0,8.0,0.0,243.0,1565.0,,,,,
2026,,,WN,MSY,TPA,12.0,3.0,0.0,70.0,487.0,,,,,
2026,,,AA,DSM,PHX,13.0,-10.0,0.0,135.0,1149.0,,,,,
2026,,,OO,ORD,FWA,10.0,-9.0,0.0,32.0,157.0,,,,,
2026,,,MQ,IAH,ORD,14.0,58.0,0.0,109.0,925.0,0.0,14.0,44.0,0.0,0.0
2026,,,AA,DFW,OGG,2.0,-27.0,0.0,442.0,3710.0,,,,,
2026,,,DL,SLC,HNL,4.0,-7.0,0.0,368.0,2994.0,,,,,
2026,,,DL,SLC,EWR,14.0,-17.0,0.0,209.0,1969.0,,,,,
2026,,,AA,DFW,ONT,313.0,355.0,0.0,179.0,1188.0,0.0,309.0,42.0,0.0,4.0
2026,,,NK,BWI,FLL,17.0,-10.0,0.0,121.0,925.0,,,,,
2026,,,UA,IAD,HDN,4.0,-2.0,0.0,247.0,1581.0,,,,,
2026,,,WN,MCO,AUS,270.0,254.0,0.0,152.0,994.0,0.0,0.0,254.0,0.0,0.0
2026,,,G7,ORD,SGF,4.0,8.0,0.0,84.0,438.0,,,,,
2026,,,AS,SEA,ORD,102.0,91.0,0.0,198.0,1721.0,0.0,0.0,91.0,0.0,0.0
2026,,,UA,EWR,ATL,90.0,63.0,0.0,105.0,746.0,43.0,0.0,0.0,0.0,20.0
2026,,,DL,DTW,IND,14.0,20.0,0.0,43.0,231.0,14.0,0.0,6.0,0.0,0.0
2026,,,UA,EWR,PDX,19.0,11.0,0.0,335.0,2434.0,,,,,
2026,,,DL,SLC,ATL,9.0,-17.0,0.0,185.0,1590.0,,,,,
2026,,,DL,ATL,MOB,32.0,31.0,0.0,53.0,302.0,16.0,0.0,0.0,0.0,15.0
2026,,,UA,SFO,JAC,3.0,-6.0,0.0,107.0,737.0,,,,,
2026,,,WN,LAX,DEN,8.0,6.0,0.0,105.0,862.0,,,,,
2026,,,DL,ATL,LAX,52.0,36.0,0.0,257.0,1947.0,36.0,0.0,0.0,0.0,0.0
2026,,,B6,PBI,ISP,98.0,95.0,0.0,143.0,1052.0,16.0,0.0,0.0,0.0,79.0
2026,,,UA,LAX,IAD,48.0,10.0,0.0,222.0,2288.0,,,,,
2026,,,B6,SJU,FLL,1.0,2.0,0.0,151.0,1046.0,,,,,
2026,,,WN,TPA,MDW,10.0,-6.0,0.0,133.0,997.0,,,,,
2026,,,WN,SLC,LAX,25.0,5.0,0.0,83.0,590.0,,,,,
2026,,,B6,PHX,JFK,2.0,-24.0,0.0,232.0,2153.0,,,,,
2026,,,AS,SEA,LIH,31.0,13.0,0.0,347.0,2700.0,,,,,
2026,,,WN,AUS,LAS,92.0,84.0,0.0,165.0,1090.0,8.0,0.0,0.0,0.0,76.0
2026,,,AS,SEA,ANC,30.0,20.0,0.0,206.0,1448.0,0.0,0.0,0.0,0.0,20.0
2026,,,DL,SLC,JFK,6.0,-30.0,0.0,219.0,1990.0,,,,,
2026,,,NK,MCO,ORF,129.0,111.0,0.0,86.0,655.0,0.0,0.0,3.0,0.0,108.0
2026,,,DL,ATL,JFK,32.0,23.0,0.0,102.0,760.0,23.0,0.0,0.0,0.0,0.0
2026,,,9E,CSG,ATL,64.0,62.0,0.0,21.0,83.0,0.0,0.0,0.0,0.0,62.0
2026,,,OH,DCA,CAK,64.0,55.0,0.0,56.0,274.0,0.0,0.0,0.0,0.0,55.0
2026,,,AA,ORD,MIA,13.0,-7.0,0.0,151.0,1197.0,,,,,
2026,,,OO,DEN,HOB,142.0,135.0,0.0,64.0,501.0,135.0,0.0,0.0,0.0,0.0
2026,,,AA,STT,CLT,20.0,2.0,0.0,207.0,1520.0,,,,,
2026,,,WN,IND,BNA,6.0,-20.0,0.0,45.0,249.0,,,,,
2026,,,DL,DEN,MSP,300.0,291.0,0.0,97.0,680.0,291.0,0.0,0.0,0.0,0.0
2026,,,AA,ONT,PHX,36.0,27.0,0.0,53.0,325.0,0.0,5.0,0.0,0.0,22.0
2026,,,AS,SFO,LAX,55.0,70.0,0.0,53.0,337.0,55.0,0.0,15.0,0.0,0.0
2026,,,DL,BOS,RSW,13.0,-24.0,0.0,173.0,1249.0,,,,,
2026,,,DL,BOS,TPA,11.0,19.0,0.0,177.0,1185.0,11.0,0.0,8.0,0.0,0.0
2026,,,WN,DAL,ORD,45.0,29.0,0.0,106.0,798.0,29.0,0.0,0.0,0.0,0.0
2026,,,AA,CLT,MDT,20.0,26.0,0.0,69.0,413.0,18.0,0.0,6.0,0.0,2.0
2026,,,DL,MSP,DCA,72.0,54.0,0.0,126.0,931.0,54.0,0.0,0.0,0.0,0.0
2026,,,OH,DCA,HSV,33.0,23.0,0.0,100.0,613.0,0.0,0.0,0.0,0.0,23.0
2026,,,NK,ORD,MCO,10.0,43.0,0.0,128.0,1005.0,0.0,0.0,43.0,0.0,0.0
2026,,,UA,EWR,ORD,1.0,-12.0,0.0,115.0,719.0,,,,,
2026,,,F9,SJU,DFW,90.0,54.0,0.0,277.0,2165.0,0.0,0.0,0.0,0.0,54.0
2026,,,DL,CVG,FLL,2.0,9.0,0.0,122.0,932.0,,,,,
2026,,,OO,SLC,EUG,2.0,12.0,0.0,105.0,618.0,,,,,
2026,,,DL,DTW,SNA,72.0,87.0,0.0,271.0,1960.0,72.0,0.0,15.0,0.0,0.0
2026,,,WN,LAS,RNO,24.0,16.0,0.0,60.0,345.0,15.0,0.0,0.0,0.0,1.0
2026,,,YX,PHL,SDF,31.0,17.0,0.0,100.0,577.0,17.0,0.0,0.0,0.0,0.0
2026,,,AA,LAS,LAX,134.0,123.0,0.0,41.0,236.0,47.0,0.0,0.0,0.0,76.0
2026,,,F9,CLE,MCO,32.0,22.0,0.0,129.0,895.0,0.0,0.0,0.0,0.0,22.0
2026,,,PT,OAJ,CLT,7.0,-6.0,0.0,44.0,191.0,,,,,
2026,,,G4,AZA,PVU,8.0,3.0,0.0,69.0,477.0,,,,,
2026,,,AA,DCA,MIA,63.0,45.0,0.0,133.0,919.0,8.0,0.0,0.0,0.0,37.0
2026,,,DL,SEA,LAX,5.0,-5.0,0.0,122.0,954.0,,,,,
2026,,,AA,DFW,LGA,6.0,11.0,0.0,165.0,1389.0,,,,,
2026,,,OH,RDU,PHL,24.0,11.0,0.0,54.0,337.0,,,,,
2026,,,B6,SJU,BOS,6.0,-2.0,0.0,215.0,1674.0,,,,,
2026,,,AS,SEA,FLL,1.0,-27.0,0.0,298.0,2717.0,,,,,
2026,,,C5,LFT,IAH,145.0,137.0,0.0,43.0,201.0,17.0,0.0,0.0,0.0,120.0
2026,,,OO,ABR,MSP,45.0,16.0,0.0,44.0,257.0,16.0,0.0,0.0,0.0,0.0
2026,,,OO,SFO,SMF,10.0,6.0,0.0,24.0,86.0,,,,,
2026,,,DL,TPA,JFK,4.0,6.0,0.0,131.0,1005.0,,,,,
2026,,,OO,ATL,CRW,21.0,20.0,0.0,58.0,363.0,20.0,0.0,0.0,0.0,0.0
2026,,,B6,FLL,BUF,5.0,0.0,0.0,159.0,1166.0,,,,,
2026,,,DL,ATL,CAE,21.0,23.0,0.0,37.0,192.0,21.0,0.0,2.0,0.0,0.0
2026,,,OO,COS,ORD,337.0,348.0,0.0,135.0,911.0,0.0,0.0,11.0,0.0,337.0
2026,,,OO,SEA,GEG,73.0,93.0,0.0,43.0,224.0,73.0,0.0,20.0,0.0,0.0
2026,,,AS,PHX,SEA,17.0,13.0,0.0,170.0,1107.0,,,,,
2026,,,UA,IAH,PIT,1.0,-5.0,0.0,131.0,1117.0,,,,,
2026,,,UA,IAH,ORD,6.0,-6.0,0.0,122.0,925.0,,,,,
2026,,,DL,SEA,SLC,40.0,25.0,0.0,86.0,689.0,25.0,0.0,0.0,0.0,0.0
2026,,,DL,BWI,DTW,19.0,1.0,0.0,72.0,409.0,,,,,
2026,,,AS,DCA,LAX,45.0,10.0,0.0,293.0,2311.0,,,,,
2026,,,WN,SJC,SAN,82.0,118.0,0.0,68.0,417.0,0.0,0.0,118.0,0.0,0.0
2026,,,OO,SAF,ORD,230.0,198.0,0.0,117.0,1072.0,0.0,198.0,0.0,0.0,0.0
2026,,,YV,IAH,MKE,20.0,20.0,0.0,138.0,984.0,20.0,0.0,0.0,0.0,0.0
2026,,,UA,EWR,MIA,15.0,9.0,0.0,158.0,1085.0,,,,,
2026,,,YX,ORD,SDF,18.0,21.0,0.0,45.0,286.0,0.0,0.0,3.0,0.0,18.0
2026,,,AA,DFW,BOS,59.0,54.0,0.0,185.0,1562.0,19.0,0.0,0.0,0.0,35.0
2026,,,DL,SEA,DFW,51.0,37.0,0.0,191.0,1660.0,0.0,0.0,0.0,0.0,37.0
2026,,,OO,XNA,ATL,13.0,8.0,0.0,80.0,589.0,,,,,
2026,,,UA,IAD,BNA,12.0,3.0,0.0,90.0,542.0,,,,,
2026,,,WN,STL,DAL,10.0,-7.0,0.0,85.0,546.0,,,,,
2026,,,AA,EYW,CLT,32.0,24.0,0.0,109.0,736.0,5.0,0.0,0.0,0.0,19.0
2026,,,AA,DFW,LAS,4.0,10.0,0.0,167.0,1055.0,,,,,
2026,,,AS,PDX,JFK,4.0,8.0,0.0,291.0,2454.0,,,,,
2026,,,B6,TPA,BOS,28.0,11.0,0.0,147.0,1185.0,,,,,
2026,,,UA,CID,DEN,47.0,38.0,0.0,98.0,692.0,38.0,0.0,0.0,0.0,0.0
2026,,,9E,CHA,DTW,13.0,-4.0,0.0,76.0,505.0,,,,,
2026,,,WN,AUS,PHX,4.0,4.0,0.0,134.0,872.0,,,,,
2026,,,B6,JFK,BUF,492.0,488.0,0.0,66.0,301.0,285.0,0.0,0.0,0.0,203.0
2026,,,YX,DCA,ORD,112.0,109.0,0.0,114.0,612.0,49.0,0.0,0.0,0.0,60.0
2026,,,UA,SAT,IAH,20.0,6.0,0.0,37.0,191.0,,,,,
2026,,,UA,LAX,TPA,28.0,14.0,0.0,243.0,2158.0,,,,,
2026,,,OO,PHX,PSP,4.0,13.0,0.0,43.0,261.0,,,,,
2026,,,OO,DFW,MAF,84.0,71.0,0.0,50.0,309.0,71.0,0.0,0.0,0.0,0.0
2026,,,OO,DEN,LIT,8.0,-15.0,0.0,89.0,771.0,,,,,
2026,,,AA,CLT,DFW,5.0,-10.0,0.0,140.0,935.0,,,,,
2026,,,UA,LGA,ORD,75.0,63.0,0.0,123.0,733.0,0.0,0.0,63.0,0.0,0.0
2026,,,WN,AUS,DAL,21.0,4.0,0.0,34.0,189.0,,,,,
2026,,,OO,SHV,ATL,44.0,16.0,0.0,70.0,552.0,16.0,0.0,0.0,0.0,0.0
2026,,,OO,CHO,ORD,6.0,5.0,0.0,108.0,566.0,,,,,
2026,,,WN,BWI,MCO,2.0,-11.0,0.0,120.0,787.0,,,,,
2026,,,DL,ATL,SLC,12.0,3.0,0.0,223.0,1590.0,,,,,
2026,,,MQ,DFW,BPT,1.0,4.0,0.0,52.0,270.0,,,,,
2026,,,AA,DFW,SAT,25.0,6.0,0.0,42.0,247.0,,,,,
2026,,,DL,MCO,DTW,10.0,8.0,0.0,138.0,957.0,,,,,
2026,,,YV,DTW,IAH,3.0,-13.0,0.0,183.0,1075.0,,,,,
2026,,,NK,LAX,DFW,100.0,85.0,0.0,146.0,1235.0,85.0,0.0,0.0,0.0,0.0
2026,,,UA,IAH,DCA,101.0,76.0,0.0,137.0,1208.0,16.0,0.0,0.0,0.0,60.0
2026,,,WN,DEN,STL,5.0,-1.0,0.0,96.0,770.0,,,,,
2026,,,OO,SLC,RDM,26.0,11.0,0.0,84.0,525.0,,,,,
2026,,,UA,IAD,SFO,4.0,-14.0,0.0,315.0,2418.0,,,,,
2026,,,MQ,GGG,DFW,45.0,33.0,0.0,35.0,140.0,4.0,0.0,0.0,0.0,29.0
2026,,,NK,TPA,FLL,19.0,51.0,0.0,39.0,197.0,0.0,0.0,32.0,0.0,19.0
2026,,,OH,DAY,CLT,362.0,337.0,0.0,62.0,370.0,0.0,0.0,0.0,0.0,337.0
2026,,,WN,AUS,SNA,2.0,-8.0,0.0,177.0,1209.0,,,,,
2026,,,OO,SFO,SAN,10.0,8.0,0.0,70.0,447.0,,,,,
2026,,,OO,ORD,MKE,905.0,899.0,0.0,26.0,67.0,0.0,899.0,0.0,0.0,0.0
2026,,,9E,LGA,ALB,72.0,89.0,0.0,32.0,136.0,0.0,0.0,17.0,0.0,72.0
2026,,,WN,DAL,DEN,55.0,56.0,0.0,93.0,651.0,0.0,0.0,1.0,0.0,55.0
2026,,,AS,SMF,OGG,24.0,1.0,0.0,297.0,2403.0,,,,,
2026,,,UA,EWR,TPA,26.0,20.0,0.0,144.0,997.0,0.0,0.0,20.0,0.0,0.0
2026,,,WN,DAL,ATL,13.0,9.0,0.0,93.0,721.0,,,,,
2026,,,DL,SLC,LAS,66.0,82.0,0.0,68.0,368.0,0.0,0.0,81.0,0.0,1.0
2026,,,MQ,ECP,DFW,138.0,135.0,0.0,120.0,685.0,63.0,0.0,0.0,0.0,72.0
2026,,,WN,SEA,LAS,6.0,-11.0,0.0,113.0,867.0,,,,,
2026,,,MQ,ATL,ORD,2.0,14.0,0.0,114.0,606.0,,,,,
2026,,,AA,DFW,SMF,60.0,42.0,0.0,191.0,1431.0,23.0,0.0,0.0,0.0,19.0
2026,,,AA,CLT,DCA,4.0,-8.0,0.0,53.0,331.0,,,,,
2026,,,MQ,BMI,ORD,4.0,-22.0,0.0,30.0,116.0,,,,,
2026,,,UA,FLL,IAD,7.0,18.0,0.0,125.0,901.0,7.0,0.0,11.0,0.0,0.0
2026,,,AA,LAX,HNL,5.0,-10.0,0.0,326.0,2556.0,,,,,
2026,,,UA,DEN,IAH,4.0,-13.0,0.0,111.0,861.0,,,,,
2026,,,PT,AVL,CLT,15.0,3.0,0.0,36.0,91.0,,,,,
2026,,,OO,ORD,AVL,32.0,35.0,0.0,78.0,536.0,0.0,32.0,3.0,0.0,0.0
2026,,,B6,MCO,JFK,159.0,157.0,0.0,128.0,944.0,29.0,0.0,0.0,0.0,128.0
2026,,,DL,ATL,PVD,3.0,-2.0,0.0,108.0,903.0,,,,,
2026,,,AA,PHL,LAX,67.0,43.0,0.0,317.0,2402.0,7.0,0.0,0.0,0.0,36.0
2026,,,UA,DEN,IAH,3.0,-4.0,0.0,122.0,861.0,,,,,
2026,,,UA,DEN,IAD,369.0,345.0,0.0,158.0,1452.0,8.0,0.0,0.0,0.0,337.0
2026,,,B6,JFK,LAX,6.0,-5.0,0.0,338.0,2475.0,,,,,
2026,,,DL,LAX,JFK,31.0,61.0,0.0,300.0,2475.0,31.0,0.0,30.0,0.0,0.0
2026,,,WN,KOA,HNL,16.0,13.0,0.0,33.0,163.0,,,,,
2026,,,YX,ORD,DTW,19.0,7.0,0.0,42.0,235.0,,,,,
2026,,,UA,IAH,CVG,8.0,6.0,0.0,107.0,871.0,,,,,
2026,,,DL,DTW,MKE,58.0,43.0,0.0,43.0,237.0,30.0,0.0,0.0,0.0,13.0
2026,,,B6,JFK,PBI,63.0,74.0,0.0,174.0,1028.0,25.0,0.0,11.0,0.0,38.0
2026,,,9E,DTW,DSM,61.0,66.0,0.0,90.0,534.0,0.0,0.0,5.0,0.0,61.0
2026,,,AA,DFW,DSM,43.0,45.0,0.0,75.0,624.0,0.0,43.0,2.0,0.0,0.0
2026,,,WN,DEN,AUS,16.0,-1.0,0.0,96.0,775.0,,,,,
2026,,,DL,DTW,BNA,14.0,6.0,0.0,66.0,456.0,,,,,
2026,,,WN,BWI,RSW,11.0,9.0,0.0,145.0,919.0,,,,,
2026,,,AA,CLT,TUL,183.0,155.0,0.0,116.0,842.0,9.0,0.0,0.0,0.0,146.0
2026,,,WN,AUS,LAX,7.0,-8.0,0.0,174.0,1242.0,,,,,
2026,,,AS,ANC,SEA,6.0,-24.0,0.0,151.0,1448.0,,,,,
2026,,,UA,EWR,BOS,169.0,201.0,0.0,34.0,200.0,76.0,0.0,32.0,0.0,93.0
2026,,,9E,JFK,CVG,11.0,41.0,0.0,102.0,589.0,11.0,0.0,30.0,0.0,0.0
2026,,,AA,PHL,SJU,46.0,26.0,0.0,202.0,1576.0,26.0,0.0,0.0,0.0,0.0
2026,,,OO,DTW,MSN,10.0,24.0,0.0,60.0,311.0,10.0,0.0,14.0,0.0,0.0
2026,,,WN,ATL,AUS,148.0,124.0,0.0,120.0,813.0,124.0,0.0,0.0,0.0,0.0
2026,,,WN,SLC,PHX,1.0,18.0,0.0,76.0,507.0,0.0,0.0,18.0,0.0,0.0
2026,,,F9,LAX,DFW,14.0,2.0,0.0,139.0,1235.0,,,,,
2026,,,WN,DCA,MCI,17.0,7.0,0.0,159.0,949.0,,,,,
2026,,,AA,FLL,ORD,155.0,128.0,0.0,154.0,1182.0,2.0,0.0,0.0,0.0,126.0
2026,,,DL,MSP,SLC,68.0,44.0,0.0,139.0,991.0,44.0,0.0,0.0,0.0,0.0
2026,,,WN,LAS,ICT,1.0,9.0,0.0,132.0,986.0,,,,,
2026,,,WN,ATL,MDW,11.0,-5.0,0.0,84.0,591.0,,,,,
2026,,,MQ,OMA,ORD,1.0,7.0,0.0,67.0,416.0,,,,,
2026,,,YX,DCA,JFK,10.0,5.0,0.0,40.0,213.0,,,,,
2026,,,AA,SFO,DFW,81.0,55.0,0.0,165.0,1464.0,46.0,0.0,0.0,0.0,9.0
2026,,,WN,SAT,MDW,13.0,40.0,0.0,158.0,1036.0,13.0,0.0,27.0,0.0,0.0
2026,,,DL,GRR,ATL,1.0,0.0,0.0,90.0,640.0,,,,,
2026,,,AA,DFW,BUR,6.0,12.0,0.0,190.0,1231.0,,,,,
2026,,,9E,LGA,PWM,109.0,100.0,0.0,51.0,269.0,22.0,0.0,0.0,0.0,78.0
2026,,,DL,MCO,DTW,37.0,54.0,0.0,133.0,957.0,0.0,0.0,17.0,0.0,37.0
2026,,,UA,SFO,IAD,13.0,-13.0,0.0,269.0,2418.0,,,,,
2026,,,WN,PVD,FLL,8.0,8.0,0.0,180.0,1188.0,,,,,
2026,,,AA,ORD,DEN,46.0,55.0,0.0,150.0,888.0,25.0,0.0,9.0,0.0,21.0
2026,,,WN,ATL,HOU,26.0,13.0,0.0,113.0,696.0,,,,,
2026,,,DL,JFK,SFO,7.0,-10.0,0.0,361.0,2586.0,,,,,
2026,,,F9,ATL,BUF,16.0,12.0,0.0,98.0,712.0,,,,,
2026,,,WN,AUS,MDW,3.0,-5.0,0.0,129.0,972.0,,,,,
2026,,,AS,SEA,SAT,175.0,155.0,0.0,198.0,1774.0,155.0,0.0,0.0,0.0,0.0
2026,,,B6,VRB,BOS,113.0,136.0,0.0,168.0,1144.0,54.0,0.0,23.0,0.0,59.0
2026,,,DL,ATL,SAV,7.0,-2.0,0.0,36.0,215.0,,,,,
2026,,,WN,HOU,OKC,2.0,-3.0,0.0,62.0,419.0,,,,,
2026,,,DL,LAX,SLC,55.0,37.0,0.0,76.0,590.0,6.0,0.0,0.0,0.0,31.0
2026,,,DL,MCO,LAX,1.0,-2.0,0.0,307.0,2218.0,,,,,
2026,,,WN,DAL,LIT,11.0,2.0,0.0,46.0,296.0,,,,,
2026,,,WN,PHX,STL,62.0,52.0,0.0,144.0,1262.0,22.0,0.0,0.0,0.0,30.0
2026,,,DL,LAX,SLC,160.0,159.0,0.0,93.0,590.0,159.0,0.0,0.0,0.0,0.0
2026,,,DL,SLC,LAX,159.0,150.0,0.0,89.0,590.0,0.0,0.0,0.0,0.0,150.0
2026,,,WN,MCO,DEN,7.0,3.0,0.0,233.0,1547.0,,,,,
2026,,,OO,TUL,IAH,9.0,-6.0,0.0,76.0,429.0,,,,,
2026,,,UA,PIT,IAD,3.0,-10.0,0.0,38.0,182.0,,,,,
2026,,,WN,BUR,DEN,1.0,-6.0,0.0,119.0,850.0,,,,,
2026,,,DL,ATL,COS,4.0,5.0,0.0,177.0,1184.0,,,,,
2026,,,DL,SEA,LAS,16.0,16.0,0.0,119.0,867.0,16.0,0.0,0.0,0.0,0.0
2026,,,AA,CLT,ROC,19.0,25.0,0.0,85.0,573.0,0.0,0.0,6.0,0.0,19.0
2026,,,MQ,GRR,ORD,14.0,49.0,0.0,33.0,137.0,0.0,14.0,35.0,0.0,0.0
2026,,,B6,BDL,MCO,33.0,33.0,0.0,163.0,1050.0,6.0,0.0,0.0,0.0,27.0
2026,,,OO,AMA,IAH,5.0,13.0,0.0,91.0,518.0,,,,,
2026,,,UA,DEN,GRR,6.0,-4.0,0.0,117.0,1015.0,,,,,
2026,,,DL,BUF,ATL,6.0,19.0,0.0,120.0,712.0,6.0,0.0,13.0,0.0,0.0
2026,,,WN,SJC,SAN,12.0,-3.0,0.0,60.0,417.0,,,,,
2026,,,OO,SFO,MRY,166.0,157.0,0.0,21.0,77.0,157.0,0.0,0.0,0.0,0.0
2026,,,WN,ALB,MDW,19.0,22.0,0.0,116.0,717.0,19.0,0.0,3.0,0.0,0.0
2026,,,AA,COS,DFW,88.0,76.0,0.0,82.0,592.0,76.0,0.0,0.0,0.0,0.0
2026,,,F9,MDW,MCO,55.0,53.0,0.0,126.0,990.0,0.0,0.0,53.0,0.0,0.0
2026,,,DL,SAT,ATL,156.0,199.0,0.0,103.0,874.0,156.0,0.0,43.0,0.0,0.0
2026,,,DL,PHL,ATL,6.0,55.0,0.0,118.0,666.0,0.0,6.0,49.0,0.0,0.0
2026,,,WN,SJU,BWI,23.0,2.0,0.0,229.0,1565.0,,,,,
2026,,,AA,DEN,CLT,13.0,-7.0,0.0,148.0,1337.0,,,,,
2026,,,OO,MSP,IND,5.0,3.0,0.0,71.0,503.0,,,,,
2026,,,NK,AUS,MCO,23.0,7.0,0.0,117.0,994.0,,,,,
2026,,,WN,PIT,FLL,8.0,-13.0,0.0,137.0,994.0,,,,,
2026,,,WN,MSY,BNA,56.0,40.0,0.0,65.0,471.0,0.0,0.0,0.0,0.0,40.0
2026,,,WN,DEN,PDX,15.0,8.0,0.0,143.0,991.0,,,,,
2026,,,AS,SEA,TUS,20.0,13.0,0.0,147.0,1215.0,,,,,
2026,,,DL,MSP,BNA,32.0,71.0,0.0,93.0,695.0,32.0,0.0,39.0,0.0,0.0
2026,,,WN,STL,SRQ,2.0,-11.0,0.0,110.0,903.0,,,,,
2026,,,WN,RSW,MCI,8.0,-8.0,0.0,170.0,1155.0,,,,,
2026,,,WN,BNA,LAS,2.0,-2.0,0.0,237.0,1587.0,,,,,
2026,,,UA,LAS,ORD,16.0,-12.0,0.0,163.0,1514.0,,,,,
2026,,,AA,DFW,PHL,63.0,66.0,0.0,165.0,1303.0,63.0,0.0,3.0,0.0,0.0
2026,,,AA,MSY,PHL,2.0,-16.0,0.0,134.0,1089.0,,,,,
2026,,,AS,ITO,HNL,12.0,9.0,0.0,36.0,216.0,,,,,
2026,,,AS,SEA,SJC,53.0,33.0,0.0,99.0,696.0,33.0,0.0,0.0,0.0,0.0
2026,,,WN,FLL,MDW,15.0,24.0,0.0,187.0,1167.0,12.0,0.0,9.0,0.0,3.0
2026,,,OO,SBN,ORD,5.0,-19.0,0.0,23.0,84.0,,,,,
2026,,,WN,SJC,PHX,4.0,2.0,0.0,94.0,621.0,,,,,
2026,,,WN,DEN,CVG,1.0,-8.0,0.0,127.0,1069.0,,,,,
2026,,,DL,MSP,FAR,14.0,6.0,0.0,45.0,223.0,,,,,
2026,,,UA,SAN,SFO,183.0,185.0,0.0,75.0,447.0,0.0,0.0,185.0,0.0,0.0
2026,,,DL,ATL,DTW,33.0,14.0,0.0,81.0,594.0,,,,,
2026,,,9E,DTW,OMA,10.0,10.0,0.0,114.0,650.0,,,,,
2026,,,WN,DEN,MSY,15.0,10.0,0.0,117.0,1062.0,,,,,
2026,,,AA,LAX,ORD,63.0,42.0,0.0,202.0,1744.0,3.0,0.0,0.0,0.0,39.0
2026,,,WN,SLC,DEN,2.0,13.0,0.0,62.0,391.0,,,,,
2026,,,AA,BOS,DCA,39.0,52.0,0.0,78.0,399.0,0.0,39.0,13.0,0.0,0.0
2026,,,9E,IND,LGA,2.0,-10.0,0.0,87.0,660.0,,,,,
2026,,,AS,LAX,EWR,9.0,-23.0,0.0,278.0,2454.0,,,,,
2026,,,WN,BWI,LAX,14.0,3.0,0.0,322.0,2329.0,,,,,
2026,,,NK,MCO,ACY,67.0,59.0,0.0,99.0,852.0,0.0,0.0,59.0,0.0,0.0
2026,,,AA,DFW,EWR,19.0,11.0,0.0,161.0,1372.0,,,,,
2026,,,DL,BOS,MCO,9.0,30.0,0.0,196.0,1121.0,9.0,0.0,21.0,0.0,0.0
2026,,,AA,TYS,DFW,121.0,96.0,0.0,118.0,772.0,3.0,0.0,0.0,0.0,93.0
2026,,,G7,TVC,ORD,2.0,-3.0,0.0,41.0,224.0,,,,,
2026,,,AA,PHL,SAN,2.0,-7.0,0.0,336.0,2370.0,,,,,
2026,,,AA,MIA,JFK,25.0,-1.0,0.0,128.0,1089.0,,,,,
2026,,,AA,SJU,MIA,118.0,108.0,0.0,141.0,1045.0,7.0,0.0,0.0,0.0,101.0
2026,,,G4,SNA,DSM,4.0,-13.0,0.0,165.0,1428.0,,,,,
2026,,,B6,BOS,RSW,2.0,-20.0,0.0,179.0,1249.0,,,,,
2026,,,DL,BOS,DTW,6.0,-1.0,0.0,102.0,632.0,,,,,
2026,,,AS,SEA,JFK,2.0,7.0,0.0,282.0,2422.0,,,,,
2026,,,AS,DFW,SEA,8.0,-7.0,0.0,226.0,1660.0,,,,,
2026,,,OO,ICT,IAH,129.0,186.0,0.0,89.0,542.0,129.0,0.0,57.0,0.0,0.0
2026,,,NK,FLL,ACY,84.0,58.0,0.0,109.0,977.0,58.0,0.0,0.0,0.0,0.0
2026,,,AA,MIA,SJU,1580.0,1590.0,0.0,128.0,1045.0,1580.0,0.0,10.0,0.0,0.0
2026,,,WN,MCI,MDW,5.0,-4.0,0.0,61.0,404.0,,,,,
2026,,,WN,STL,ICT,25.0,21.0,0.0,67.0,392.0,21.0,0.0,0.0,0.0,0.0
2026,,,F9,ATL,LAS,3.0,-47.0,0.0,220.0,1747.0,,,,,
2026,,,QX,LAS,SAN,31.0,32.0,0.0,44.0,258.0,31.0,0.0,1.0,0.0,0.0
2026,,,UA,ORD,SLC,8.0,9.0,0.0,196.0,1250.0,,,,,
2026,,,F9,DEN,SEA,24.0,15.0,0.0,143.0,1024.0,0.0,2.0,0.0,0.0,13.0
2026,,,9E,MSP,DSM,33.0,18.0,0.0,47.0,232.0,18.0,0.0,0.0,0.0,0.0
2026,,,OO,ORD,ASE,87.0,138.0,0.0,237.0,1013.0,0.0,0.0,138.0,0.0,0.0
2026,,,B6,LGA,FLL,19.0,9.0,0.0,144.0,1076.0,,,,,
2026,,,G7,HSV,ORD,102.0,133.0,0.0,108.0,510.0,0.0,0.0,133.0,0.0,0.0
2026,,,WN,BWI,ROC,21.0,14.0,0.0,53.0,277.0,,,,,
2026,,,B6,TPA,BOS,71.0,48.0,0.0,139.0,1185.0,1.0,0.0,0.0,0.0,47.0
2026,,,DL,ECP,ATL,101.0,83.0,0.0,45.0,240.0,0.0,0.0,0.0,0.0,83.0
2026,,,WN,DEN,PDX,17.0,12.0,0.0,144.0,991.0,,,,,
2026,,,OO,XWA,DEN,53.0,45.0,0.0,80.0,582.0,0.0,0.0,0.0,0.0,45.0
2026,,,AS,SEA,OAK,5.0,-3.0,0.0,103.0,672.0,,,,,
2026,,,DL,LAS,ATL,119.0,135.0,0.0,183.0,1747.0,0.0,0.0,16.0,0.0,119.0
2026,,,UA,ORD,CLE,88.0,77.0,0.0,44.0,316.0,77.0,0.0,0.0,0.0,0.0
2026,,,UA,ONT,SFO,124.0,142.0,0.0,71.0,363.0,0.0,0.0,38.0,0.0,104.0
2026,,,AA,DFW,RNO,18.0,5.0,0.0,186.0,1345.0,,,,,
2026,,,B6,SJU,DCA,38.0,6.0,0.0,196.0,1554.0,,,,,
2026,,,UA,HNL,IAD,28.0,-16.0,0.0,489.0,4816.0,,,,,
2026,,,DL,IAH,SLC,1.0,3.0,0.0,181.0,1195.0,,,,,
2026,,,WN,AUS,DAL,93.0,130.0,0.0,35.0,189.0,0.0,0.0,54.0,0.0,76.0
2026,,,OO,ATL,ASE,4.0,-15.0,0.0,199.0,1304.0,,,,,
2026,,,G7,CVG,EWR,25.0,0.0,0.0,77.0,569.0,,,,,
2026,,,UA,EWR,DEN,55.0,19.0,0.0,211.0,1605.0,4.0,0.0,0.0,0.0,15.0
2026,,,OO,PIA,ORD,56.0,38.0,0.0,33.0,130.0,0.0,0.0,0.0,0.0,38.0
2026,,,WN,SRQ,MCO,1.0,-10.0,0.0,23.0,104.0,,,,,
2026,,,YX,DTW,CMH,360.0,378.0,0.0,36.0,155.0,0.0,0.0,18.0,0.0,360.0
2026,,,WN,RDU,BNA,8.0,0.0,0.0,75.0,442.0,,,,,
2026,,,OO,ATW,ORD,38.0,88.0,0.0,46.0,160.0,0.0,0.0,50.0,0.0,38.0
2026,,,AA,STT,PHL,30.0,27.0,0.0,225.0,1605.0,17.0,0.0,0.0,0.0,10.0
2026,,,AA,DFW,AUS,186.0,187.0,0.0,39.0,190.0,113.0,0.0,1.0,0.0,73.0
2026,,,UA,ORD,PHX,4.0,-18.0,0.0,191.0,1440.0,,,,,
2026,,,UA,SAT,IAH,1.0,25.0,0.0,38.0,191.0,0.0,0.0,25.0,0.0,0.0
2026,,,WN,LAS,SAT,2.0,1.0,0.0,126.0,1069.0,,,,,
2026,,,YX,BNA,MCO,5.0,41.0,0.0,88.0,616.0,5.0,0.0,36.0,0.0,0.0
2026,,,NK,LAS,LAX,89.0,77.0,0.0,43.0,236.0,0.0,0.0,0.0,0.0,77.0
2026,,,F9,JAX,SJU,37.0,33.0,0.0,153.0,1288.0,0.0,0.0,0.0,0.0,33.0
2026,,,YX,ORD,IND,1.0,-18.0,0.0,32.0,177.0,,,,,
2026,,,AA,ILM,CLT,3.0,-1.0,0.0,45.0,185.0,,,,,
2026,,,DL,EWR,DTW,2.0,20.0,0.0,86.0,488.0,0.0,0.0,20.0,0.0,0.0
2026,,,DL,SLC,SAN,3.0,-8.0,0.0,96.0,626.0,,,,,
2026,,,AS,BUR,SEA,41.0,5.0,0.0,115.0,937.0,,,,,
2026,,,MQ,ORD,BOS,149.0,139.0,0.0,94.0,867.0,0.0,27.0,0.0,0.0,112.0
2026,,,WN,OAK,SAN,8.0,12.0,0.0,71.0,446.0,,,,,
2026,,,YX,RDU,LGA,46.0,49.0,0.0,62.0,431.0,12.0,0.0,3.0,0.0,34.0
2026,,,OO,ASE,DFW,1.0,-11.0,0.0,94.0,701.0,,,,,
2026,,,AA,JFK,LAX,236.0,191.0,0.0,318.0,2475.0,0.0,0.0,0.0,0.0,191.0
2026,,,WN,DEN,PHX,25.0,13.0,0.0,90.0,602.0,,,,,
2026,,,OH,CLT,HPN,41.0,31.0,0.0,93.0,564.0,31.0,0.0,0.0,0.0,0.0
2026,,,B6,ATL,JFK,65.0,60.0,0.0,103.0,760.0,31.0,0.0,0.0,0.0,29.0
2026,,,UA,ANC,DEN,11.0,90.0,0.0,275.0,2405.0,11.0,0.0,79.0,0.0,0.0
2026,,,G7,ORD,CAE,185.0,151.0,0.0,82.0,666.0,8.0,0.0,0.0,0.0,143.0
2026,,,AA,PBI,ORD,81.0,74.0,0.0,162.0,1144.0,0.0,0.0,0.0,0.0,74.0
2026,,,OO,SFO,RDD,33.0,23.0,0.0,36.0,199.0,0.0,0.0,0.0,0.0,23.0
2026,,,WN,BWI,RIC,2.0,-6.0,0.0,34.0,120.0,,,,,
2026,,,WN,DEN,BZN,3.0,-5.0,0.0,80.0,524.0,,,,,
2026,,,WN,IND,RSW,17.0,-5.0,0.0,112.0,945.0,,,,,
2026,,,AS,PDX,MIA,22.0,7.0,0.0,308.0,2700.0,,,,,
2026,,,OO,DEN,HOB,14.0,-4.0,0.0,62.0,501.0,,,,,
2026,,,WN,MSY,AUS,6.0,2.0,0.0,69.0,445.0,,,,,
2026,,,YX,LGA,BUF,91.0,87.0,0.0,53.0,292.0,0.0,0.0,0.0,0.0,87.0
2026,,,WN,SJC,SNA,17.0,10.0,0.0,62.0,342.0,,,,,
2026,,,B6,BOS,TPA,2.0,12.0,0.0,190.0,1185.0,,,,,
2026,,,AA,ORD,TPA,8.0,-17.0,0.0,127.0,1012.0,,,,,
2026,,,AA,RSW,CLT,67.0,77.0,0.0,96.0,600.0,0.0,0.0,10.0,0.0,67.0
2026,,,UA,LAS,EWR,26.0,-7.0,0.0,230.0,2227.0,,,,,
2026,,,OO,SUN,SLC,15.0,35.0,0.0,38.0,222.0,0.0,15.0,20.0,0.0,0.0
2026,,,AA,MIA,DEN,30.0,26.0,0.0,252.0,1709.0,3.0,0.0,0.0,0.0,23.0
2026,,,DL,LAX,ATL,2.0,-1.0,0.0,221.0,1947.0,,,,,
2026,,,PT,CLT,PGV,134.0,111.0,0.0,32.0,203.0,111.0,0.0,0.0,0.0,0.0
2026,,,MQ,CVG,ORD,11.0,-7.0,0.0,50.0,264.0,,,,,
2026,,,F9,SYR,MCO,6.0,-3.0,0.0,153.0,1053.0,,,,,
2026,,,AA,CLT,GRR,6.0,5.0,0.0,92.0,583.0,,,,,
2026,,,DL,DCA,DTW,96.0,78.0,0.0,66.0,405.0,78.0,0.0,0.0,0.0,0.0
2026,,,DL,ATL,DEN,7.0,16.0,0.0,189.0,1199.0,7.0,0.0,9.0,0.0,0.0
2026,,,DL,MCO,BOS,22.0,27.0,0.0,152.0,1121.0,22.0,0.0,5.0,0.0,0.0
2026,,,G7,AVP,ORD,2.0,12.0,0.0,134.0,632.0,,,,,
2026,,,DL,HSV,ATL,26.0,19.0,0.0,35.0,151.0,19.0,0.0,0.0,0.0,0.0
2026,,,G7,STL,IAD,250.0,229.0,0.0,83.0,696.0,25.0,0.0,0.0,0.0,204.0
2026,,,WN,DEN,GRR,11.0,1.0,0.0,112.0,1015.0,,,,,
2026,,,WN,FLL,STL,42.0,29.0,0.0,154.0,1057.0,10.0,0.0,0.0,0.0,19.0
2026,,,WN,OAK,EUG,23.0,16.0,0.0,64.0,445.0,11.0,0.0,0.0,0.0,5.0
2026,,,WN,ATL,LGA,6.0,5.0,0.0,107.0,762.0,,,,,
2026,,,AS,LAS,SEA,122.0,121.0,0.0,139.0,867.0,121.0,0.0,0.0,0.0,0.0
2026,,,UA,LAX,CLE,36.0,43.0,0.0,254.0,2052.0,36.0,0.0,7.0,0.0,0.0
2026,,,YX,LGA,BNA,55.0,37.0,0.0,126.0,764.0,4.0,0.0,0.0,0.0,33.0
2026,,,B6,BOS,MCO,3.0,6.0,0.0,179.0,1121.0,,,,,
2026,,,OH,PHL,CVG,13.0,9.0,0.0,88.0,507.0,,,,,
2026,,,UA,ORD,TVC,3.0,-4.0,0.0,45.0,224.0,,,,,
2026,,,AA,MIA,STX,68.0,33.0,0.0,132.0,1139.0,33.0,0.0,0.0,0.0,0.0
2026,,,WN,BWI,ISP,18.0,14.0,0.0,47.0,220.0,,,,,
2026,,,DL,DTW,ORD,3.0,-14.0,0.0,50.0,235.0,,,,,
2026,,,OO,SBN,ORD,27.0,10.0,0.0,23.0,84.0,,,,,
2026,,,WN,BWI,FLL,20.0,18.0,0.0,145.0,925.0,18.0,0.0,0.0,0.0,0.0
2026,,,DL,SRQ,LGA,4.0,22.0,0.0,147.0,1047.0,0.0,0.0,22.0,0.0,0.0
2026,,,OO,FWA,ATL,2.0,-23.0,0.0,82.0,508.0,,,,,
2026,,,OO,MRY,PHX,11.0,-13.0,0.0,80.0,598.0,,,,,
2026,,,YV,IAD,MSY,89.0,103.0,0.0,165.0,955.0,89.0,0.0,14.0,0.0,0.0
2026,,,MQ,ICT,ORD,6.0,29.0,0.0,88.0,588.0,6.0,0.0,23.0,0.0,0.0
2026,,,AA,DFW,BNA,75.0,76.0,0.0,84.0,631.0,18.0,0.0,1.0,0.0,57.0
2026,,,OO,COU,ORD,64.0,28.0,0.0,48.0,315.0,0.0,0.0,0.0,0.0,28.0
2026,,,PT,ROA,CLT,51.0,23.0,0.0,40.0,155.0,23.0,0.0,0.0,0.0,0.0
2026,,,9E,DTW,CVG,303.0,316.0,0.0,48.0,229.0,264.0,0.0,13.0,0.0,39.0
2026,,,UA,SFO,OGG,2.0,-11.0,0.0,313.0,2338.0,,,,,
2026,,,OO,COD,DEN,54.0,46.0,0.0,75.0,391.0,0.0,0.0,0.0,0.0,46.0
2026,,,WN,HOU,LGA,4.0,-4.0,0.0,170.0,1428.0,,,,,
2026,,,WN,STL,PHX,8.0,11.0,0.0,186.0,1262.0,,,,,
2026,,,WN,BWI,DAL,5.0,-21.0,0.0,174.0,1209.0,,,,,
2026,,,OO,ORD,MKE,25.0,15.0,0.0,19.0,67.0,15.0,0.0,0.0,0.0,0.0
2026,,,B6,RSW,JFK,59.0,71.0,0.0,146.0,1074.0,24.0,0.0,12.0,0.0,35.0
2026,,,WN,DAL,BNA,3.0,-4.0,0.0,81.0,623.0,,,,,
2026,,,OO,SBN,ORD,117.0,110.0,0.0,22.0,84.0,0.0,0.0,0.0,0.0,110.0
2026,,,PT,CLT,ILM,2.0,12.0,0.0,32.0,185.0,,,,,
2026,,,AA,DFW,GRR,132.0,147.0,0.0,121.0,931.0,0.0,132.0,15.0,0.0,0.0
2026,,,DL,FLL,ATL,32.0,32.0,0.0,84.0,581.0,9.0,0.0,0.0,0.0,23.0
2026,,,WN,LAS,SLC,15.0,5.0,0.0,57.0,368.0,,,,,
2026,,,WN,BOI,OAK,11.0,-4.0,0.0,84.0,512.0,,,,,
2026,,,WN,RIC,MCO,3.0,4.0,0.0,110.0,667.0,,,,,
2026,,,WN,DAL,RSW,41.0,41.0,0.0,125.0,1005.0,16.0,0.0,0.0,0.0,25.0
2026,,,UA,ANC,DEN,47.0,40.0,0.0,282.0,2405.0,40.0,0.0,0.0,0.0,0.0
2026,,,AS,KOA,HNL,38.0,37.0,0.0,32.0,163.0,0.0,0.0,0.0,0.0,37.0
2026,,,AA,LAX,OGG,22.0,37.0,0.0,343.0,2485.0,4.0,0.0,15.0,0.0,18.0
2026,,,UA,IAH,SAT,15.0,0.0,0.0,34.0,191.0,,,,,
2026,,,DL,DTW,SAN,3.0,-22.0,0.0,243.0,1956.0,,,,,
2026,,,AA,CLT,GSP,163.0,159.0,0.0,26.0,75.0,159.0,0.0,0.0,0.0,0.0
2026,,,AS,SEA,SJC,6.0,-1.0,0.0,107.0,696.0,,,,,
2026,,,OO,ORD,ELP,2.0,41.0,0.0,192.0,1236.0,2.0,0.0,39.0,0.0,0.0
2026,,,DL,LGA,MCO,51.0,35.0,0.0,140.0,950.0,11.0,0.0,0.0,0.0,24.0
2026,,,OH,CLT,MLB,10.0,7.0,0.0,76.0,490.0,,,,,
2026,,,WN,FLL,DEN,103.0,90.0,0.0,241.0,1703.0,90.0,0.0,0.0,0.0,0.0
2026,,,DL,ATL,DTW,141.0,127.0,0.0,73.0,594.0,0.0,127.0,0.0,0.0,0.0
2026,,,G7,ORD,TVC,1.0,-4.0,0.0,45.0,224.0,,,,,
2026,,,AA,ORD,LAX,11.0,-20.0,0.0,224.0,1744.0,,,,,
2026,,,AS,SAN,HNL,4.0,-17.0,0.0,329.0,2614.0,,,,,
2026,,,AS,SEA,SMF,9.0,-7.0,0.0,79.0,605.0,,,,,
2026,,,UA,STT,ORD,179.0,179.0,0.0,294.0,2116.0,179.0,0.0,0.0,0.0,0.0
2026,,,DL,DTW,LGA,2.0,-6.0,0.0,79.0,502.0,,,,,
2026,,,AS,SEA,ANC,7.0,-21.0,0.0,180.0,1448.0,,,,,
2026,,,DL,ATL,IAH,13.0,19.0,0.0,119.0,689.0,13.0,0.0,6.0,0.0,0.0
2026,,,OH,MSN,DCA,66.0,64.0,0.0,90.0,707.0,1.0,0.0,0.0,0.0,63.0
2026,,,UA,IAD,IAH,10.0,3.0,0.0,180.0,1190.0,,,,,
2026,,,NK,EWR,RDU,3.0,8.0,0.0,91.0,416.0,,,,,
2026,,,OO,ORD,MSP,32.0,37.0,0.0,65.0,334.0,0.0,32.0,5.0,0.0,0.0
2026,,,PT,FWA,CLT,8.0,64.0,0.0,72.0,460.0,8.0,0.0,56.0,0.0,0.0
2026,,,DL,ATL,BHM,17.0,24.0,0.0,37.0,134.0,0.0,0.0,7.0,0.0,17.0
2026,,,AA,MDT,CLT,4.0,20.0,0.0,91.0,413.0,0.0,4.0,16.0,0.0,0.0
2026,,,AS,DCA,LAX,72.0,57.0,0.0,322.0,2311.0,0.0,0.0,0.0,0.0,57.0
2026,,,PT,FWA,CLT,30.0,35.0,0.0,68.0,460.0,0.0,7.0,5.0,0.0,23.0
2026,,,AS,PDX,ONT,385.0,369.0,0.0,110.0,838.0,369.0,0.0,0.0,0.0,0.0
2026,,,UA,ORD,DCA,37.0,32.0,0.0,76.0,612.0,0.0,32.0,0.0,0.0,0.0
2026,,,WN,BNA,OKC,56.0,37.0,0.0,93.0,616.0,37.0,0.0,0.0,0.0,0.0
2026,,,DL,ATL,PHL,10.0,3.0,0.0,85.0,666.0,,,,,
2026,,,AA,SMF,PHX,12.0,6.0,0.0,88.0,647.0,,,,,
2026,,,YX,DTW,LEX,15.0,1.0,0.0,49.0,296.0,,,,,
2026,,,DL,ALB,DTW,17.0,24.0,0.0,74.0,489.0,17.0,0.0,7.0,0.0,0.0
2026,,,DL,LGA,MCO,15.0,24.0,0.0,152.0,950.0,9.0,0.0,9.0,0.0,6.0
2026,,,WN,DAL,MEM,5.0,-3.0,0.0,62.0,423.0,,,,,
2026,,,OO,MEM,MSP,151.0,128.0,0.0,97.0,700.0,128.0,0.0,0.0,0.0,0.0
2026,,,AA,LAX,ORD,127.0,100.0,0.0,193.0,1744.0,7.0,0.0,0.0,0.0,93.0
2026,,,F9,ATL,PHX,3.0,-13.0,0.0,225.0,1587.0,,,,,
2026,,,UA,ORD,LAS,55.0,23.0,0.0,190.0,1514.0,0.0,6.0,0.0,0.0,17.0
2026,,,WN,TPA,STL,1.0,-12.0,0.0,126.0,869.0,,,,,
2026,,,AA,PHX,BOI,61.0,45.0,0.0,103.0,735.0,0.0,0.0,0.0,0.0,45.0
2026,,,QX,GEG,PDX,38.0,40.0,0.0,55.0,279.0,0.0,0.0,2.0,0.0,38.0
2026,,,WN,OAK,SAN,10.0,8.0,0.0,73.0,446.0,,,,,
2026,,,WN,BWI,LAS,1.0,-11.0,0.0,306.0,2106.0,,,,,
2026,,,WN,MKE,PHX,15.0,16.0,0.0,200.0,1460.0,15.0,0.0,1.0,0.0,0.0
2026,,,WN,BWI,DAL,3.0,3.0,0.0,200.0,1209.0,,,,,
2026,,,UA,ORD,PBI,12.0,0.0,0.0,142.0,1144.0,,,,,
2026,,,OO,BLI,SEA,90.0,61.0,0.0,24.0,93.0,61.0,0.0,0.0,0.0,0.0
2026,,,PT,CLT,OAJ,12.0,29.0,0.0,33.0,191.0,12.0,0.0,17.0,0.0,0.0
2026,,,WN,SAN,SMF,29.0,19.0,0.0,70.0,480.0,19.0,0.0,0.0,0.0,0.0
2026,,,NK,FLL,SJU,42.0,49.0,0.0,132.0,1046.0,42.0,0.0,7.0,0.0,0.0
2026,,,WN,PHX,LAX,37.0,61.0,0.0,76.0,370.0,0.0,0.0,24.0,0.0,37.0
2026,,,C5,IAH,BTR,5.0,-10.0,0.0,39.0,253.0,,,,,
2026,,,UA,DEN,OMA,103.0,104.0,0.0,61.0,472.0,103.0,0.0,1.0,0.0,0.0
2026,,,WN,LGA,MSY,13.0,-2.0,0.0,172.0,1183.0,,,,,
2026,,,YX,ORF,JFK,22.0,16.0,0.0,47.0,290.0,16.0,0.0,0.0,0.0,0.0
2026,,,WN,STL,OMA,10.0,10.0,0.0,60.0,342.0,,,,,
2026,,,WN,PIT,HOU,1.0,-18.0,0.0,163.0,1131.0,,,,,
2026,,,DL,DTW,BOS,42.0,8.0,0.0,73.0,632.0,,,,,
2026,,,WN,HOU,SAT,29.0,16.0,0.0,37.0,192.0,3.0,0.0,0.0,0.0,13.0
2026,,,WN,DEN,AUS,5.0,11.0,0.0,111.0,775.0,,,,,
2026,,,UA,ORD,EWR,13.0,-5.0,0.0,89.0,719.0,,,,,
2026,,,WN,DAL,PHX,10.0,-3.0,0.0,131.0,879.0,,,,,
2026,,,DL,ATL,FLL,6.0,-7.0,0.0,85.0,581.0,,,,,
2026,,,AA,LAX,MIA,5.0,-6.0,0.0,255.0,2342.0,,,,,
2026,,,YX,JFK,CMH,54.0,38.0,0.0,83.0,483.0,30.0,0.0,0.0,0.0,8.0
2026,,,WN,BWI,PWM,27.0,15.0,0.0,62.0,452.0,7.0,0.0,0.0,0.0,8.0
2026,,,G7,DCA,EWR,73.0,64.0,0.0,45.0,199.0,0.0,0.0,0.0,0.0,64.0
2026,,,DL,MCO,MSP,66.0,112.0,0.0,203.0,1310.0,28.0,0.0,46.0,0.0,38.0
2026,,,OO,LAX,DEN,107.0,102.0,0.0,112.0,862.0,102.0,0.0,0.0,0.0,0.0
2026,,,WN,LGB,AUS,18.0,-3.0,0.0,137.0,1226.0,,,,,
2026,,,MQ,ORD,CMI,28.0,23.0,0.0,29.0,135.0,23.0,0.0,0.0,0.0,0.0
2026,,,AA,PHL,CHS,308.0,294.0,0.0,88.0,550.0,3.0,0.0,0.0,0.0,291.0
2026,,,AA,MIA,ATL,12.0,-6.0,0.0,86.0,594.0,,,,,
2026,,,UA,EWR,JAX,50.0,29.0,0.0,113.0,820.0,0.0,0.0,0.0,0.0,29.0
2026,,,AA,CLT,ORD,32.0,25.0,0.0,93.0,599.0,7.0,0.0,0.0,0.0,18.0
2026,,,QX,ONT,PDX,2.0,-7.0,0.0,124.0,838.0,,,,,
2026,,,AA,FAT,PHX,262.0,249.0,0.0,71.0,493.0,12.0,0.0,0.0,0.0,237.0
2026,,,F9,JAX,ATL,110.0,121.0,0.0,52.0,269.0,13.0,0.0,11.0,0.0,97.0
2026,,,WN,LAS,HOU,46.0,38.0,0.0,144.0,1235.0,4.0,0.0,0.0,0.0,34.0
2026,,,WN,SMF,LAS,16.0,12.0,0.0,61.0,397.0,,,,,
2026,,,WN,BOS,BWI,12.0,24.0,0.0,81.0,369.0,0.0,0.0,12.0,0.0,12.0
2026,,,B6,BUF,JFK,6.0,9.0,0.0,74.0,301.0,,,,,
2026,,,AA,DFW,PHX,1.0,-6.0,0.0,134.0,868.0,,,,,
2026,,,PT,TLH,CLT,34.0,28.0,0.0,60.0,386.0,0.0,12.0,0.0,0.0,16.0
2026,,,OO,DEN,DSM,41.0,28.0,0.0,81.0,589.0,28.0,0.0,0.0,0.0,0.0
2026,,,WN,PHX,DAL,30.0,22.0,0.0,108.0,879.0,0.0,0.0,0.0,0.0,22.0
2026,,,PT,PHL,MDT,3.0,-19.0,0.0,18.0,84.0,,,,,
2026,,,NK,FLL,EWR,3.0,-4.0,0.0,147.0,1065.0,,,,,
2026,,,OO,ORD,FSD,1264.0,1260.0,0.0,89.0,462.0,1260.0,0.0,0.0,0.0,0.0
2026,,,F9,MCO,ISP,36.0,26.0,0.0,123.0,971.0,0.0,0.0,0.0,0.0,26.0
2026,,,WN,LAS,DAL,18.0,3.0,0.0,127.0,1067.0,,,,,
2026,,,OO,ORD,DTW,18.0,3.0,0.0,44.0,235.0,,,,,
2026,,,DL,LAX,ATL,28.0,7.0,0.0,210.0,1947.0,,,,,
2026,,,AS,KOA,SEA,11.0,0.0,0.0,327.0,2688.0,,,,,
2026,,,YX,MKE,EWR,18.0,49.0,0.0,99.0,725.0,0.0,0.0,31.0,0.0,18.0
2026,,,NK,AUS,FLL,9.0,3.0,0.0,134.0,1105.0,,,,,
2026,,,G4,SCK,LAS,81.0,69.0,0.0,57.0,359.0,0.0,0.0,0.0,0.0,69.0
2026,,,UA,EWR,RSW,29.0,16.0,0.0,159.0,1068.0,16.0,0.0,0.0,0.0,0.0
2026,,,9E,IND,DTW,174.0,177.0,0.0,46.0,231.0,0.0,0.0,3.0,0.0,174.0
2026,,,UA,MCI,DEN,9.0,8.0,0.0,82.0,533.0,,,,,
2026,,,DL,BWI,ATL,2.0,-26.0,0.0,96.0,577.0,,,,,
2026,,,G4,PIT,EYW,117.0,157.0,0.0,178.0,1102.0,117.0,0.0,40.0,0.0,0.0
2026,,,WN,CMH,BWI,7.0,8.0,0.0,65.0,337.0,,,,,
2026,,,DL,VPS,MSP,34.0,59.0,0.0,138.0,1058.0,0.0,19.0,25.0,0.0,15.0
2026,,,WN,DAL,SAN,5.0,-13.0,0.0,160.0,1182.0,,,,,
2026,,,AA,DFW,SFO,250.0,238.0,0.0,201.0,1464.0,87.0,0.0,0.0,0.0,151.0
2026,,,WN,PDX,MDW,8.0,6.0,0.0,215.0,1751.0,,,,,
2026,,,AA,ORD,SNA,6.0,-9.0,0.0,239.0,1726.0,,,,,
2026,,,AA,CHS,MIA,7.0,-2.0,0.0,79.0,489.0,,,,,
2026,,,AA,RDU,DFW,451.0,439.0,0.0,173.0,1061.0,241.0,0.0,0.0,0.0,198.0
2026,,,AA,MCO,ORD,41.0,15.0,0.0,146.0,1005.0,15.0,0.0,0.0,0.0,0.0
2026,,,OH,CLT,SAV,92.0,85.0,0.0,41.0,213.0,85.0,0.0,0.0,0.0,0.0
2026,,,F9,JFK,SJU,18.0,15.0,0.0,203.0,1598.0,15.0,0.0,0.0,0.0,0.0
2026,,,DL,SEA,SAN,2.0,-3.0,0.0,131.0,1050.0,,,,,
2026,,,DL,ATL,RSW,91.0,86.0,0.0,76.0,515.0,86.0,0.0,0.0,0.0,0.0
2026,,,AA,PVD,CLT,2.0,25.0,0.0,125.0,684.0,0.0,2.0,23.0,0.0,0.0
2026,,,WN,TPA,BHM,2.0,26.0,0.0,76.0,459.0,0.0,0.0,26.0,0.0,0.0
2026,,,WN,PHX,STL,25.0,11.0,0.0,140.0,1262.0,,,,,
2026,,,WN,SMF,PSP,4.0,-3.0,0.0,70.0,439.0,,,,,
2026,,,OH,CLT,MLB,7.0,-21.0,0.0,67.0,490.0,,,,,
2026,,,AA,DFW,FLL,17.0,-1.0,0.0,125.0,1119.0,,,,,
2026,,,UA,ORD,SEA,21.0,7.0,0.0,241.0,1721.0,,,,,
2026,,,UA,ORD,LAX,2.0,-19.0,0.0,230.0,1744.0,,,,,
2026,,,OO,MDW,MSP,14.0,2.0,0.0,68.0,349.0,,,,,
2026,,,UA,IAD,IAH,106.0,104.0,0.0,159.0,1190.0,104.0,0.0,0.0,0.0,0.0
2026,,,DL,MIA,ATL,45.0,49.0,0.0,95.0,594.0,26.0,0.0,4.0,0.0,19.0
2026,,,WN,LAS,MSY,16.0,8.0,0.0,164.0,1500.0,,,,,
2026,,,B6,PBI,EWR,156.0,139.0,0.0,141.0,1024.0,19.0,0.0,0.0,0.0,120.0
2026,,,C5,IAH,TUL,58.0,51.0,0.0,70.0,429.0,17.0,0.0,0.0,0.0,34.0
2026,,,DL,LAX,MSP,11.0,-4.0,0.0,174.0,1535.0,,,,,
2026,,,DL,LAS,BOS,1.0,-19.0,0.0,256.0,2381.0,,,,,
2026,,,WN,AUS,LAS,3.0,-23.0,0.0,145.0,1090.0,,,,,
2026,,,YX,CMH,MCO,111.0,105.0,0.0,125.0,802.0,105.0,0.0,0.0,0.0,0.0
2026,,,AA,ORD,MIA,1.0,-11.0,0.0,160.0,1197.0,,,,,
2026,,,OO,ORD,BZN,265.0,241.0,0.0,173.0,1185.0,0.0,241.0,0.0,0.0,0.0
2026,,,AA,DFW,DCA,64.0,59.0,0.0,144.0,1192.0,59.0,0.0,0.0,0.0,0.0
2026,,,UA,EWR,IAH,15.0,-4.0,0.0,216.0,1400.0,,,,,
2026,,,AA,SNA,PHX,39.0,21.0,0.0,49.0,338.0,1.0,0.0,0.0,0.0,20.0
2026,,,OO,DEN,SAF,67.0,53.0,0.0,44.0,303.0,53.0,0.0,0.0,0.0,0.0
2026,,,AS,SAN,SEA,2.0,-23.0,0.0,140.0,1050.0,,,,,
2026,,,AA,TUL,DFW,131.0,122.0,0.0,44.0,237.0,122.0,0.0,0.0,0.0,0.0
2026,,,9E,DTW,CVG,2.0,42.0,0.0,53.0,229.0,0.0,0.0,42.0,0.0,0.0
2026,,,UA,ORD,LAX,34.0,27.0,0.0,226.0,1744.0,12.0,0.0,0.0,0.0,15.0
2026,,,AA,DFW,BOS,33.0,29.0,0.0,183.0,1562.0,29.0,0.0,0.0,0.0,0.0
2026,,,DL,ONT,ATL,4.0,-8.0,0.0,206.0,1900.0,,,,,
2026,,,AS,OGG,LAX,18.0,57.0,0.0,276.0,2485.0,39.0,0.0,0.0,0.0,18.0
2026,,,B6,BOS,RSW,8.0,-7.0,0.0,187.0,1249.0,,,,,
2026,,,WN,BWI,BDL,14.0,9.0,0.0,50.0,283.0,,,,,
2026,,,WN,AMA,LAS,47.0,43.0,0.0,115.0,759.0,4.0,0.0,0.0,0.0,39.0
2026,,,WN,IND,DAL,162.0,137.0,0.0,108.0,755.0,3.0,0.0,0.0,0.0,134.0
2026,,,MQ,DSM,ORD,53.0,30.0,0.0,52.0,299.0,30.0,0.0,0.0,0.0,0.0
2026,,,DL,MSP,EWR,33.0,40.0,0.0,123.0,1008.0,0.0,33.0,7.0,0.0,0.0
2026,,,DL,SLC,PHL,85.0,114.0,0.0,240.0,1927.0,85.0,0.0,29.0,0.0,0.0
2026,,,OO,MSP,ORD,19.0,14.0,0.0,64.0,334.0,,,,,
2026,,,B6,PBI,EWR,7.0,9.0,0.0,136.0,1024.0,,,,,
2026,,,NK,FLL,SJU,36.0,24.0,0.0,121.0,1046.0,2.0,0.0,1.0,0.0,21.0
2026,,,DL,ATL,PBI,40.0,41.0,0.0,93.0,545.0,0.0,0.0,1.0,0.0,40.0
2026,,,OO,DTW,TVC,157.0,148.0,0.0,43.0,207.0,148.0,0.0,0.0,0.0,0.0
2026,,,DL,DEN,BOS,18.0,-3.0,0.0,191.0,1754.0,,,,,
2026,,,WN,LAS,ELP,36.0,28.0,0.0,75.0,584.0,0.0,0.0,0.0,0.0,28.0
2026,,,DL,SEA,MSP,19.0,26.0,0.0,166.0,1399.0,0.0,0.0,7.0,0.0,19.0
2026,,,9E,DTW,DSM,87.0,66.0,0.0,87.0,534.0,66.0,0.0,0.0,0.0,0.0
2026,,,YX,PIT,DCA,144.0,138.0,0.0,51.0,204.0,0.0,0.0,138.0,0.0,0.0
2026,,,UA,IAH,MSY,1.0,-7.0,0.0,45.0,305.0,,,,,
2026,,,PT,CLT,GNV,29.0,26.0,0.0,63.0,388.0,26.0,0.0,0.0,0.0,0.0
2026,,,DL,IAH,SLC,4.0,10.0,0.0,167.0,1195.0,,,,,
2026,,,OO,MSP,GRB,17.0,20.0,0.0,46.0,252.0,0.0,17.0,3.0,0.0,0.0
2026,,,AS,LAX,LAS,1.0,-13.0,0.0,42.0,236.0,,,,,
2026,,,WN,DAL,BNA,7.0,2.0,0.0,81.0,623.0,,,,,
2026,,,UA,IAH,EWR,11.0,2.0,0.0,170.0,1400.0,,,,,
2026,,,WN,LAS,BOI,9.0,-11.0,0.0,75.0,519.0,,,,,
2026,,,AS,PHX,PDX,77.0,69.0,0.0,143.0,1010.0,0.0,0.0,0.0,0.0,69.0
2026,,,AS,PSG,WRG,23.0,19.0,0.0,12.0,31.0,0.0,0.0,0.0,0.0,19.0
2026,,,WN,DEN,HOU,5.0,10.0,0.0,119.0,883.0,,,,,
2026,,,AA,CLT,SJU,20.0,-3.0,0.0,179.0,1475.0,,,,,
2026,,,AA,CLT,BUF,3.0,-13.0,0.0,76.0,546.0,,,,,
2026,,,WN,HOU,SAN,3.0,-15.0,0.0,174.0,1313.0,,,,,
2026,,,YX,DCA,IND,3.0,-10.0,0.0,84.0,500.0,,,,,
2026,,,AA,ORD,LGA,12.0,56.0,0.0,100.0,733.0,7.0,0.0,44.0,0.0,5.0
2026,,,AA,DFW,PHL,1.0,-17.0,0.0,147.0,1303.0,,,,,
2026,,,YX,DTW,EWR,14.0,6.0,0.0,72.0,488.0,,,,,
2026,,,UA,ORD,MSP,9.0,19.0,0.0,64.0,334.0,0.0,9.0,10.0,0.0,0.0
2026,,,WN,DEN,ABQ,55.0,48.0,0.0,55.0,349.0,0.0,0.0,0.0,0.0,48.0
2026,,,UA,EWR,MCO,108.0,169.0,0.0,172.0,937.0,108.0,0.0,61.0,0.0,0.0
2026,,,AA,PHX,SMF,12.0,4.0,0.0,95.0,647.0,,,,,
2026,,,WN,FLL,MCI,120.0,104.0,0.0,174.0,1242.0,2.0,0.0,0.0,0.0,102.0
2026,,,WN,HRL,HOU,16.0,-6.0,0.0,40.0,277.0,,,,,
2026,,,B6,BOS,RSW,26.0,29.0,0.0,199.0,1249.0,26.0,0.0,3.0,0.0,0.0
2026,,,AS,PDX,OGG,3.0,-15.0,0.0,338.0,2561.0,,,,,
2026,,,UA,TPA,EWR,79.0,119.0,0.0,131.0,997.0,11.0,0.0,40.0,0.0,68.0
2026,,,AA,PBI,CLT,55.0,52.0,0.0,93.0,590.0,0.0,0.0,0.0,0.0,52.0
2026,,,DL,SFO,JFK,15.0,-12.0,0.0,298.0,2586.0,,,,,
2026,,,OH,DCA,ALB,52.0,72.0,0.0,50.0,318.0,0.0,52.0,20.0,0.0,0.0
2026,,,OO,FWA,ORD,28.0,26.0,0.0,36.0,157.0,0.0,0.0,0.0,0.0,26.0
2026,,,AS,SEA,BUR,29.0,10.0,0.0,124.0,937.0,,,,,
2026,,,UA,IAD,DEN,9.0,42.0,0.0,207.0,1452.0,9.0,0.0,33.0,0.0,0.0
2026,,,AA,LAS,LAX,570.0,592.0,0.0,40.0,236.0,1.0,0.0,22.0,0.0,569.0
2026,,,WN,MIA,STL,31.0,25.0,0.0,157.0,1068.0,13.0,0.0,0.0,0.0,12.0
2026,,,WN,TPA,DEN,6.0,-7.0,0.0,217.0,1506.0,,,,,
2026,,,AA,CLT,DSM,150.0,135.0,0.0,121.0,815.0,0.0,0.0,0.0,0.0,135.0
2026,,,DL,DFW,DTW,5.0,6.0,0.0,121.0,986.0,,,,,
2026,,,AS,SEA,FAI,16.0,0.0,0.0,201.0,1533.0,,,,,
2026,,,B6,BOS,LAX,1.0,23.0,0.0,390.0,2611.0,1.0,0.0,22.0,0.0,0.0
2026,,,B6,RSW,MHT,37.0,46.0,0.0,179.0,1271.0,7.0,0.0,9.0,0.0,30.0
2026,,,OO,LAX,PRC,31.0,18.0,0.0,51.0,346.0,0.0,0.0,0.0,0.0,18.0
2026,,,WN,MCO,DEN,10.0,-1.0,0.0,225.0,1547.0,,,,,
2026,,,AA,MIA,LAX,34.0,12.0,0.0,315.0,2342.0,,,,,
2026,,,DL,ATL,SFO,6.0,1.0,0.0,292.0,2139.0,,,,,
2026,,,DL,MSP,SLC,8.0,32.0,0.0,154.0,991.0,8.0,0.0,24.0,0.0,0.0
2026,,,OO,SAN,SBP,28.0,13.0,0.0,46.0,263.0,,,,,
2026,,,AA,DFW,SFO,10.0,6.0,0.0,206.0,1464.0,,,,,
2026,,,WN,LAS,SJC,1.0,0.0,0.0,66.0,386.0,,,,,
2026,,,UA,IAD,LAS,8.0,-9.0,0.0,292.0,2065.0,,,,,
2026,,,OO,SUX,DEN,18.0,5.0,0.0,86.0,466.0,,,,,
2026,,,DL,GRR,MSP,10.0,6.0,0.0,63.0,408.0,,,,,
2026,,,WN,ALB,MCO,21.0,27.0,0.0,162.0,1073.0,21.0,0.0,6.0,0.0,0.0
2026,,,DL,SLC,RNO,6.0,-5.0,0.0,61.0,422.0,,,,,
2026,,,YV,IAH,LGA,96.0,85.0,0.0,169.0,1416.0,0.0,0.0,85.0,0.0,0.0
2026,,,AS,MCO,SFO,7.0,46.0,0.0,353.0,2446.0,0.0,0.0,39.0,0.0,7.0
2026,,,AS,BRW,ANC,18.0,11.0,0.0,96.0,725.0,,,,,
2026,,,YV,IAH,CLE,34.0,21.0,0.0,134.0,1091.0,13.0,0.0,0.0,0.0,8.0
2026,,,G7,EWR,CVG,15.0,51.0,0.0,109.0,569.0,15.0,0.0,36.0,0.0,0.0
2026,,,OO,SLC,HLN,2.0,0.0,0.0,67.0,402.0,,,,,
2026,,,AA,DFW,BDL,15.0,2.0,0.0,164.0,1471.0,,,,,
2026,,,WN,DAL,ONT,25.0,-4.0,0.0,155.0,1200.0,,,,,
2026,,,UA,LGA,ORD,154.0,153.0,0.0,122.0,733.0,0.0,0.0,0.0,0.0,153.0
2026,,,AA,SLC,DFW,187.0,185.0,0.0,127.0,989.0,185.0,0.0,0.0,0.0,0.0
2026,,,WN,LAS,BUR,10.0,8.0,0.0,47.0,223.0,,,,,
2026,,,AA,SAN,PHL,58.0,39.0,0.0,263.0,2370.0,8.0,0.0,0.0,0.0,31.0
2026,,,OH,MHT,DCA,2.0,-4.0,0.0,85.0,406.0,,,,,
2026,,,DL,ATL,CLT,10.0,-1.0,0.0,42.0,226.0,,,,,
2026,,,YV,IAH,HDN,4.0,-15.0,0.0,155.0,985.0,,,,,
2026,,,WN,BOS,DEN,4.0,-1.0,0.0,260.0,1754.0,,,,,
2026,,,G4,PIA,AZA,134.0,158.0,0.0,203.0,1312.0,0.0,28.0,24.0,0.0,106.0
2026,,,WN,SJC,AUS,2.0,-1.0,0.0,178.0,1476.0,,,,,
2026,,,WN,PHX,RNO,89.0,101.0,0.0,94.0,601.0,89.0,0.0,12.0,0.0,0.0
2026,,,DL,DTW,MSP,76.0,86.0,0.0,95.0,528.0,76.0,0.0,10.0,0.0,0.0
2026,,,AA,MIA,SJU,104.0,119.0,0.0,118.0,1045.0,0.0,0.0,17.0,0.0,102.0
2026,,,WN,IND,BWI,24.0,31.0,0.0,67.0,516.0,15.0,0.0,7.0,0.0,9.0
2026,,,UA,DEN,EWR,6.0,6.0,0.0,195.0,1605.0,,,,,
2026,,,NK,FLL,LAS,23.0,-21.0,0.0,273.0,2173.0,,,,,
2026,,,WN,FLL,MSY,10.0,11.0,0.0,102.0,673.0,,,,,
2026,,,UA,BOS,EWR,88.0,88.0,0.0,48.0,200.0,0.0,0.0,88.0,0.0,0.0
2026,,,WN,LAS,OAK,57.0,38.0,0.0,64.0,407.0,19.0,0.0,0.0,0.0,19.0
2026,,,PT,PHL,SAV,23.0,4.0,0.0,97.0,630.0,,,,,
2026,,,UA,IAH,SFO,2.0,2.0,0.0,224.0,1635.0,,,,,
2026,,,AA,SJC,DFW,28.0,37.0,0.0,190.0,1438.0,3.0,0.0,9.0,0.0,25.0
2026,,,AS,SEA,MSY,6.0,-28.0,0.0,218.0,2086.0,,,,,
2026,,,OO,IDA,SEA,2.0,-3.0,0.0,92.0,566.0,,,,,
2026,,,9E,GRR,DTW,15.0,18.0,0.0,28.0,120.0,15.0,0.0,3.0,0.0,0.0
2026,,,AA,DFW,MCO,5.0,2.0,0.0,120.0,985.0,,,,,
2026,,,DL,DTW,IND,7.0,16.0,0.0,44.0,231.0,7.0,0.0,9.0,0.0,0.0
2026,,,YX,JFK,IND,32.0,14.0,0.0,111.0,665.0,,,,,
2026,,,MQ,ABI,DFW,23.0,15.0,0.0,36.0,158.0,0.0,0.0,0.0,0.0,15.0
2026,,,DL,JFK,ATL,1.0,-19.0,0.0,117.0,760.0,,,,,
2026,,,AA,TPA,MIA,20.0,33.0,0.0,50.0,204.0,7.0,0.0,13.0,0.0,13.0
2026,,,WN,MCO,RSW,2.0,9.0,0.0,39.0,133.0,,,,,
2026,,,MQ,BNA,MIA,4.0,-9.0,0.0,108.0,806.0,,,,,
2026,,,UA,DEN,SBA,2.0,-12.0,0.0,134.0,916.0,,,,,
2026,,,B6,SYR,MCO,18.0,19.0,0.0,157.0,1053.0,18.0,0.0,1.0,0.0,0.0
2026,,,UA,EWR,MIA,16.0,6.0,0.0,163.0,1085.0,,,,,
2026,,,WN,MCO,DAL,18.0,15.0,0.0,159.0,973.0,0.0,0.0,0.0,0.0,15.0
2026,,,UA,LAS,DEN,17.0,8.0,0.0,87.0,628.0,,,,,
2026,,,DL,ATL,SMF,13.0,16.0,0.0,293.0,2092.0,0.0,0.0,16.0,0.0,0.0
2026,,,AA,DFW,BNA,15.0,7.0,0.0,76.0,631.0,,,,,
2026,,,AA,CHS,MIA,36.0,9.0,0.0,69.0,489.0,,,,,
2026,,,OO,DEN,GSP,33.0,22.0,0.0,156.0,1278.0,22.0,0.0,0.0,0.0,0.0
2026,,,AA,LGA,CLT,3.0,-14.0,0.0,97.0,544.0,,,,,
2026,,,G7,EWR,GSO,1.0,-27.0,0.0,66.0,445.0,,,,,
2026,,,C5,IAH,GPT,39.0,24.0,0.0,55.0,377.0,0.0,0.0,0.0,0.0,24.0
2026,,,AS,SEA,DEN,36.0,20.0,0.0,121.0,1024.0,0.0,0.0,0.0,0.0,20.0
2026,,,WN,SFO,DEN,10.0,5.0,0.0,120.0,967.0,,,,,
2026,,,OH,ECP,DFW,33.0,21.0,0.0,112.0,685.0,0.0,0.0,0.0,0.0,21.0
2026,,,DL,ATL,SEA,53.0,43.0,0.0,304.0,2182.0,41.0,0.0,0.0,0.0,2.0
2026,,,G4,BLV,GUF,13.0,-4.0,0.0,77.0,582.0,,,,,
2026,,,DL,SLC,SAT,1.0,-12.0,0.0,140.0,1087.0,,,,,
2026,,,DL,MCO,LAX,29.0,21.0,0.0,317.0,2218.0,21.0,0.0,0.0,0.0,0.0
2026,,,AA,PHX,PHL,19.0,-1.0,0.0,218.0,2076.0,,,,,
2026,,,UA,RNO,DEN,42.0,24.0,0.0,102.0,804.0,24.0,0.0,0.0,0.0,0.0
2026,,,AA,CLT,MCO,4.0,8.0,0.0,80.0,468.0,,,,,
2026,,,AS,PHX,PDX,4.0,-11.0,0.0,140.0,1010.0,,,,,
2026,,,OO,MSP,MKE,4.0,-27.0,0.0,51.0,297.0,,,,,
2026,,,9E,DSM,DTW,34.0,12.0,0.0,66.0,534.0,,,,,
2026,,,YX,DCA,BNA,158.0,132.0,0.0,86.0,562.0,0.0,0.0,0.0,0.0,132.0
2026,,,AA,BUR,DFW,9.0,-7.0,0.0,145.0,1231.0,,,,,
2026,,,UA,BNA,EWR,75.0,70.0,0.0,105.0,748.0,0.0,0.0,70.0,0.0,0.0
2026,,,B6,JFK,PIT,23.0,18.0,0.0,73.0,340.0,18.0,0.0,0.0,0.0,0.0
2026,,,YX,ORD,EWR,82.0,53.0,0.0,88.0,719.0,8.0,0.0,0.0,0.0,45.0
2026,,,WN,DEN,BZN,15.0,12.0,0.0,89.0,524.0,,,,,
2026,,,WN,SRQ,HOU,1.0,-6.0,0.0,123.0,789.0,,,,,
2026,,,WN,BWI,RSW,3.0,-15.0,0.0,130.0,919.0,,,,,
2026,,,DL,AUS,JFK,92.0,63.0,0.0,168.0,1521.0,1.0,0.0,0.0,0.0,62.0
2026,,,B6,DCA,BOS,82.0,71.0,0.0,62.0,399.0,25.0,0.0,0.0,0.0,46.0
2026,,,AA,LAX,MIA,10.0,-9.0,0.0,240.0,2342.0,,,,,
2026,,,AS,SAN,HNL,31.0,26.0,0.0,351.0,2614.0,26.0,0.0,0.0,0.0,0.0
2026,,,AA,ATL,DFW,111.0,97.0,0.0,114.0,731.0,0.0,0.0,0.0,0.0,97.0
2026,,,UA,DEN,EUG,11.0,9.0,0.0,146.0,996.0,,,,,
2026,,,AA,PHL,ORD,5.0,-13.0,0.0,114.0,678.0,,,,,
2026,,,AS,HNL,LAS,8.0,-8.0,0.0,302.0,2762.0,,,,,
2026,,,DL,ATL,JFK,45.0,49.0,0.0,111.0,760.0,45.0,0.0,4.0,0.0,0.0
2026,,,WN,RSW,BWI,32.0,13.0,0.0,109.0,919.0,,,,,
2026,,,AA,DFW,PIT,41.0,23.0,0.0,115.0,1067.0,0.0,0.0,0.0,0.0,23.0
2026,,,WN,STL,RSW,4.0,-14.0,0.0,118.0,979.0,,,,,
2026,,,WN,BWI,SLC,12.0,14.0,0.0,276.0,1865.0,,,,,
2026,,,WN,ATL,DEN,68.0,64.0,0.0,182.0,1199.0,0.0,0.0,0.0,0.0,64.0
2026,,,UA,LAX,EWR,27.0,-1.0,0.0,264.0,2454.0,,,,,
2026,,,AA,PBI,CLT,36.0,32.0,0.0,93.0,590.0,0.0,0.0,0.0,0.0,32.0
2026,,,WN,DEN,DTW,1.0,-6.0,0.0,131.0,1123.0,,,,,
2026,,,WN,MCO,AUS,7.0,10.0,0.0,159.0,994.0,,,,,
2026,,,PT,CLT,FLO,2.0,4.0,0.0,26.0,99.0,,,,,
2026,,,G4,PGD,OMA,6.0,-1.0,0.0,187.0,1269.0,,,,,
2026,,,WN,ALB,BWI,41.0,48.0,0.0,64.0,288.0,10.0,0.0,7.0,0.0,31.0
2026,,,AA,TPA,ORD,838.0,816.0,0.0,142.0,1012.0,0.0,0.0,0.0,0.0,816.0
2026,,,UA,DEN,OMA,10.0,0.0,0.0,63.0,472.0,,,,,
2026,,,UA,ORD,PHL,12.0,11.0,0.0,87.0,678.0,,,,,
2026,,,AA,IAH,PHL,1.0,-1.0,0.0,170.0,1325.0,,,,,
2026,,,YV,BTR,IAH,19.0,1.0,0.0,56.0,253.0,,,,,
2026,,,WN,ABQ,LAS,164.0,157.0,0.0,79.0,486.0,0.0,0.0,5.0,0.0,152.0
2026,,,UA,ORD,SMF,23.0,0.0,0.0,236.0,1781.0,,,,,
2026,,,AS,SEA,SMF,6.0,5.0,0.0,88.0,605.0,,,,,
2026,,,DL,OMA,ATL,15.0,-12.0,0.0,99.0,821.0,,,,,
2026,,,AA,ATL,DFW,5.0,-3.0,0.0,116.0,731.0,,,,,
2026,,,OH,PHL,IND,2.0,-2.0,0.0,95.0,588.0,,,,,
2026,,,AA,CHS,CLT,69.0,72.0,0.0,33.0,168.0,61.0,0.0,3.0,0.0,8.0
2026,,,DL,ATL,TPA,46.0,35.0,0.0,61.0,406.0,3.0,0.0,0.0,0.0,32.0
2026,,,B6,STT,SJU,3.0,-1.0,0.0,25.0,68.0,,,,,
2026,,,DL,ATL,PBI,2.0,-8.0,0.0,81.0,545.0,,,,,
2026,,,WN,LAS,BZN,23.0,13.0,0.0,94.0,701.0,,,,,
2026,,,DL,BNA,SLC,1.0,-12.0,0.0,205.0,1404.0,,,,,
2026,,,DL,MCI,ATL,8.0,13.0,0.0,84.0,692.0,,,,,
2026,,,AA,DFW,MFE,9.0,7.0,0.0,79.0,469.0,,,,,
2026,,,AS,KOA,SFO,11.0,-4.0,0.0,282.0,2368.0,,,,,
2026,,,DL,JFK,HNL,2.0,-53.0,0.0,608.0,4983.0,,,,,
2026,,,QX,OTZ,ANC,1.0,13.0,0.0,85.0,549.0,,,,,
2026,,,G4,TYS,FLL,77.0,83.0,0.0,95.0,709.0,0.0,0.0,14.0,0.0,69.0
2026,,,OH,HPN,CLT,18.0,50.0,0.0,91.0,564.0,7.0,11.0,32.0,0.0,0.0
2026,,,OO,LAX,SEA,29.0,14.0,0.0,122.0,954.0,,,,,
2026,,,DL,SEA,SLC,86.0,73.0,0.0,84.0,689.0,73.0,0.0,0.0,0.0,0.0
2026,,,DL,SLC,PDX,24.0,7.0,0.0,91.0,630.0,,,,,
2026,,,WN,HOU,MSY,15.0,7.0,0.0,46.0,303.0,,,,,
2026,,,YX,LGA,IND,13.0,-6.0,0.0,105.0,660.0,,,,,
2026,,,OO,DLH,MSP,9.0,-16.0,0.0,35.0,144.0,,,,,
2026,,,WN,LAX,DAL,14.0,7.0,0.0,150.0,1246.0,,,,,
2026,,,UA,MCO,EWR,52.0,42.0,0.0,130.0,937.0,42.0,0.0,0.0,0.0,0.0
2026,,,OO,MSP,OKC,107.0,105.0,0.0,106.0,694.0,105.0,0.0,0.0,0.0,0.0
2026,,,WN,LAS,LAX,6.0,-5.0,0.0,47.0,236.0,,,,,
2026,,,AA,CLT,DEN,88.0,83.0,0.0,201.0,1337.0,0.0,0.0,0.0,0.0,83.0
2026,,,NK,MCO,MYR,75.0,57.0,0.0,51.0,388.0,0.0,0.0,0.0,0.0,57.0
2026,,,WN,BNA,BDL,3.0,-18.0,0.0,102.0,852.0,,,,,
2026,,,WN,OGG,KOA,1.0,-1.0,0.0,23.0,84.0,,,,,
2026,,,WN,BNA,STL,7.0,6.0,0.0,51.0,272.0,,,,,
2026,,,WN,MCO,ROC,2.0,-18.0,0.0,126.0,1033.0,,,,,
2026,,,PT,CLT,ORF,29.0,20.0,0.0,44.0,290.0,1.0,0.0,0.0,0.0,19.0
2026,,,OH,DCA,ATL,170.0,159.0,0.0,86.0,547.0,115.0,0.0,0.0,0.0,44.0
2026,,,UA,FCA,DEN,18.0,-18.0,0.0,88.0,752.0,,,,,
2026,,,PT,PHL,SYR,21.0,14.0,0.0,47.0,228.0,,,,,
2026,,,DL,SLC,LAX,2.0,-5.0,0.0,89.0,590.0,,,,,
2026,,,9E,CHO,ATL,6.0,4.0,0.0,79.0,457.0,,,,,
2026,,,DL,TPA,DTW,7.0,-1.0,0.0,137.0,983.0,,,,,
2026,,,WN,HOU,DAL,7.0,6.0,0.0,40.0,239.0,,,,,
2026,,,WN,BNA,CVG,24.0,10.0,0.0,39.0,230.0,,,,,
2026,,,UA,ORD,DEN,13.0,-27.0,0.0,115.0,888.0,,,,,
2026,,,AA,MIA,CLT,1.0,2.0,0.0,99.0,650.0,,,,,
2026,,,WN,LGA,MDW,2.0,40.0,0.0,115.0,725.0,0.0,0.0,40.0,0.0,0.0
2026,,,C5,ROA,IAD,152.0,138.0,0.0,36.0,177.0,0.0,0.0,0.0,0.0,138.0
2026,,,DL,ATL,DTW,41.0,23.0,0.0,86.0,594.0,0.0,0.0,0.0,0.0,23.0
2026,,,OO,ORD,ASE,94.0,103.0,0.0,182.0,1013.0,94.0,0.0,9.0,0.0,0.0
2026,,,YX,JAX,IAD,11.0,15.0,0.0,106.0,631.0,11.0,0.0,4.0,0.0,0.0
2026,,,DL,ATL,EYW,53.0,62.0,0.0,82.0,646.0,10.0,0.0,9.0,0.0,43.0
2026,,,UA,SLC,IAD,8.0,12.0,0.0,200.0,1827.0,,,,,
2026,,,9E,DLH,MSP,101.0,81.0,0.0,37.0,144.0,0.0,0.0,0.0,0.0,81.0
2026,,,QX,SEA,RDM,15.0,11.0,0.0,40.0,228.0,,,,,
2026,,,AA,MIA,CLT,33.0,25.0,0.0,100.0,650.0,22.0,0.0,0.0,0.0,3.0
2026,,,WN,PHX,SJC,6.0,-8.0,0.0,90.0,621.0,,,,,
2026,,,9E,XNA,ATL,2.0,-14.0,0.0,79.0,589.0,,,,,
2026,,,9E,TRI,ATL,39.0,46.0,0.0,51.0,227.0,0.0,0.0,7.0,0.0,39.0
2026,,,UA,IAH,DCA,4.0,0.0,0.0,151.0,1208.0,,,,,
2026,,,AA,MRY,DFW,6.0,-13.0,0.0,168.0,1430.0,,,,,
2026,,,F9,PHL,DTW,68.0,74.0,0.0,87.0,453.0,68.0,0.0,6.0,0.0,0.0
2026,,,WN,PHX,OAK,422.0,418.0,0.0,110.0,646.0,418.0,0.0,0.0,0.0,0.0
2026,,,MQ,TLH,MIA,4.0,23.0,0.0,64.0,402.0,3.0,0.0,19.0,0.0,1.0
2026,,,AA,DFW,EGE,32.0,65.0,0.0,110.0,721.0,1.0,0.0,33.0,0.0,31.0
2026,,,AA,BOI,DFW,2.0,21.0,0.0,152.0,1272.0,0.0,0.0,19.0,0.0,2.0
2026,,,WN,DAL,CLT,39.0,29.0,0.0,99.0,926.0,29.0,0.0,0.0,0.0,0.0
2026,,,WN,SMF,BNA,3.0,-11.0,0.0,210.0,1917.0,,,,,
2026,,,DL,SRQ,ATL,5.0,2.0,0.0,74.0,444.0,,,,,
2026,,,UA,DEN,SAN,7.0,31.0,0.0,126.0,853.0,7.0,0.0,24.0,0.0,0.0
2026,,,WN,LAS,BWI,28.0,15.0,0.0,235.0,2106.0,7.0,0.0,0.0,0.0,8.0
2026,,,QX,SEA,BIL,17.0,9.0,0.0,85.0,664.0,,,,,
2026,,,DL,SEA,LAX,7.0,16.0,0.0,133.0,954.0,7.0,0.0,9.0,0.0,0.0
2026,,,F9,CVG,ATL,39.0,42.0,0.0,70.0,373.0,0.0,0.0,3.0,0.0,39.0
2026,,,AA,LAX,LAS,148.0,139.0,0.0,44.0,236.0,24.0,0.0,0.0,0.0,115.0
2026,,,AA,ORD,SAN,101.0,102.0,0.0,240.0,1723.0,71.0,0.0,1.0,0.0,30.0
2026,,,QX,SEA,IDA,9.0,-4.0,0.0,74.0,566.0,,,,,
2026,,,WN,DEN,MSP,12.0,6.0,0.0,92.0,680.0,,,,,
2026,,,AA,BOS,MCO,87.0,78.0,0.0,168.0,1121.0,0.0,18.0,0.0,0.0,60.0
2026,,,MQ,ORD,SAT,9.0,45.0,0.0,177.0,1041.0,0.0,9.0,36.0,0.0,0.0
2026,,,WN,HOU,MCO,12.0,-6.0,0.0,99.0,849.0,,,,,
2026,,,UA,OKC,DEN,5.0,17.0,0.0,79.0,495.0,0.0,0.0,17.0,0.0,0.0
2026,,,OO,SFO,PSP,12.0,5.0,0.0,71.0,421.0,,,,,
2026,,,OO,DTW,MSN,188.0,207.0,0.0,61.0,311.0,0.0,0.0,207.0,0.0,0.0
2026,,,MQ,BIL,DFW,12.0,17.0,0.0,133.0,1081.0,5.0,0.0,5.0,0.0,7.0
2026,,,AA,DFW,OMA,5.0,15.0,0.0,92.0,583.0,5.0,0.0,10.0,0.0,0.0
2026,,,OO,ORD,ICT,17.0,3.0,0.0,97.0,588.0,,,,,
2026,,,UA,DEN,LGA,72.0,39.0,0.0,170.0,1620.0,5.0,0.0,0.0,0.0,34.0
2026,,,DL,IAH,MSP,23.0,2.0,0.0,125.0,1034.0,,,,,
2026,,,OH,MHT,CLT,60.0,35.0,0.0,126.0,738.0,13.0,0.0,0.0,0.0,22.0
2026,,,DL,LGA,DEN,55.0,74.0,0.0,265.0,1620.0,55.0,0.0,19.0,0.0,0.0
2026,,,WN,FLL,CMH,12.0,36.0,0.0,116.0,973.0,12.0,0.0,24.0,0.0,0.0
2026,,,DL,BOS,SEA,87.0,60.0,0.0,324.0,2496.0,60.0,0.0,0.0,0.0,0.0
2026,,,B6,SJU,BDL,221.0,188.0,0.0,208.0,1666.0,62.0,0.0,0.0,0.0,126.0
2026,,,WN,BUF,BNA,12.0,29.0,0.0,104.0,633.0,7.0,0.0,17.0,0.0,5.0
2026,,,F9,JFK,ATL,148.0,148.0,0.0,146.0,760.0,148.0,0.0,0.0,0.0,0.0
2026,,,AA,PHL,RSW,119.0,98.0,0.0,149.0,993.0,98.0,0.0,0.0,0.0,0.0
2026,,,DL,MSP,IND,16.0,56.0,0.0,77.0,503.0,16.0,0.0,40.0,0.0,0.0
2026,,,AA,PHX,ORD,68.0,47.0,0.0,153.0,1440.0,0.0,0.0,0.0,0.0,47.0
2026,,,PT,BDL,PHL,11.0,26.0,0.0,60.0,195.0,0.0,0.0,15.0,0.0,11.0
2026,,,WN,DEN,TUS,41.0,31.0,0.0,94.0,639.0,0.0,0.0,0.0,0.0,31.0
2026,,,F9,DEN,SAT,97.0,85.0,0.0,101.0,794.0,85.0,0.0,0.0,0.0,0.0
2026,,,UA,BDL,IAD,3.0,4.0,0.0,67.0,325.0,,,,,
2026,,,AA,EGE,JFK,26.0,26.0,0.0,205.0,1746.0,0.0,0.0,0.0,0.0,26.0
2026,,,AA,AUS,MIA,56.0,46.0,0.0,128.0,1103.0,10.0,0.0,0.0,0.0,36.0
2026,,,AA,ORD,DFW,6.0,-12.0,0.0,119.0,802.0,,,,,
2026,,,WN,DEN,FAT,1.0,-13.0,0.0,118.0,844.0,,,,,
2026,,,MQ,DFW,MAF,10.0,4.0,0.0,56.0,309.0,,,,,
2026,,,OO,RDD,SFO,130.0,152.0,0.0,68.0,199.0,0.0,130.0,22.0,0.0,0.0
2026,,,G7,ROA,ORD,104.0,89.0,0.0,87.0,530.0,0.0,0.0,0.0,0.0,89.0
2026,,,UA,SFO,IAH,12.0,33.0,0.0,194.0,1635.0,12.0,0.0,21.0,0.0,0.0
2026,,,MQ,ABQ,PHX,63.0,59.0,0.0,56.0,328.0,0.0,0.0,0.0,0.0,59.0
2026,,,UA,SFO,BNA,17.0,24.0,0.0,226.0,1969.0,0.0,0.0,24.0,0.0,0.0
2026,,,DL,SAN,BOS,108.0,84.0,0.0,278.0,2588.0,0.0,50.0,0.0,0.0,34.0
2026,,,OH,LEX,ORD,5.0,-4.0,0.0,68.0,323.0,,,,,
2026,,,QX,SAN,SJC,54.0,38.0,0.0,61.0,417.0,0.0,0.0,0.0,0.0,38.0
2026,,,AA,DFW,DCA,25.0,25.0,0.0,146.0,1192.0,15.0,0.0,0.0,0.0,10.0
2026,,,DL,SJU,DTW,39.0,46.0,0.0,281.0,1930.0,5.0,0.0,7.0,0.0,34.0
2026,,,AA,CLT,LAS,129.0,105.0,0.0,253.0,1916.0,34.0,0.0,0.0,0.0,71.0
2026,,,WN,PIT,MCO,14.0,8.0,0.0,114.0,834.0,,,,,
2026,,,AA,AUS,CLT,10.0,-3.0,0.0,118.0,1032.0,,,,,
2026,,,OO,ORD,DLH,115.0,82.0,0.0,58.0,397.0,0.0,82.0,0.0,0.0,0.0
2026,,,NK,EYW,FLL,56.0,42.0,0.0,30.0,145.0,11.0,0.0,1.0,0.0,30.0
2026,,,UA,ATL,IAH,3.0,-9.0,0.0,111.0,689.0,,,,,
2026,,,NK,FLL,PHL,86.0,84.0,0.0,144.0,993.0,55.0,0.0,1.0,0.0,28.0
2026,,,B6,BOS,BZN,37.0,42.0,0.0,291.0,1991.0,0.0,0.0,5.0,0.0,37.0
2026,,,WN,IND,SRQ,71.0,66.0,0.0,116.0,876.0,0.0,0.0,28.0,0.0,38.0
2026,,,9E,ATL,BQK,8.0,10.0,0.0,46.0,238.0,,,,,
2026,,,QX,SAN,SMF,2.0,2.0,0.0,72.0,480.0,,,,,
2026,,,WN,BWI,HOU,37.0,12.0,0.0,169.0,1246.0,,,,,
2026,,,WN,BWI,SAT,51.0,56.0,0.0,233.0,1407.0,51.0,0.0,5.0,0.0,0.0
2026,,,OH,CLT,BHM,34.0,19.0,0.0,60.0,350.0,10.0,0.0,0.0,0.0,9.0
2026,,,DL,ATL,TLH,10.0,23.0,0.0,43.0,223.0,10.0,0.0,13.0,0.0,0.0
2026,,,DL,MLB,ATL,32.0,14.0,0.0,66.0,443.0,,,,,
2026,,,UA,DEN,FLL,6.0,4.0,0.0,193.0,1703.0,,,,,
2026,,,WN,PHX,SLC,2.0,-8.0,0.0,72.0,507.0,,,,,
2026,,,YX,LGA,MKE,86.0,79.0,0.0,135.0,738.0,79.0,0.0,0.0,0.0,0.0
2026,,,OO,MSP,IND,4.0,-1.0,0.0,72.0,503.0,,,,,
2026,,,F9,DEN,DFW,110.0,88.0,0.0,82.0,641.0,0.0,0.0,0.0,0.0,88.0
2026,,,AA,MIA,PHL,100.0,95.0,0.0,130.0,1013.0,12.0,0.0,0.0,0.0,83.0
2026,,,WN,ALB,BWI,1.0,-10.0,0.0,64.0,288.0,,,,,
2026,,,YX,DCA,ORD,13.0,27.0,0.0,109.0,612.0,7.0,0.0,14.0,0.0,6.0
2026,,,DL,MCO,DCA,7.0,4.0,0.0,110.0,759.0,,,,,
2026,,,PT,ROA,CLT,8.0,-17.0,0.0,39.0,155.0,,,,,
2026,,,B6,LAX,BOS,81.0,76.0,0.0,296.0,2611.0,76.0,0.0,0.0,0.0,0.0
2026,,,AA,MSY,DCA,1.0,0.0,0.0,125.0,969.0,,,,,
2026,,,DL,MIA,LGA,6.0,-17.0,0.0,136.0,1096.0,,,,,
2026,,,AA,MIA,LGA,4.0,-17.0,0.0,134.0,1096.0,,,,,
2026,,,YX,BNA,DCA,67.0,60.0,0.0,76.0,562.0,0.0,0.0,0.0,0.0,60.0
2026,,,UA,LAX,EWR,13.0,17.0,0.0,263.0,2454.0,13.0,0.0,4.0,0.0,0.0
2026,,,UA,MCO,EWR,4.0,-2.0,0.0,120.0,937.0,,,,,
2026,,,OO,ORD,ICT,58.0,40.0,0.0,111.0,588.0,40.0,0.0,0.0,0.0,0.0
2026,,,AA,PHX,TUS,45.0,87.0,0.0,39.0,109.0,0.0,16.0,42.0,0.0,29.0
2026,,,WN,PIT,MCO,73.0,55.0,0.0,121.0,834.0,0.0,0.0,0.0,0.0,55.0
2026,,,WN,MCO,IND,51.0,69.0,0.0,141.0,829.0,0.0,0.0,18.0,39.0,12.0
2026,,,OH,DCA,JAX,143.0,138.0,0.0,114.0,634.0,0.0,0.0,0.0,0.0,138.0
2026,,,WN,HOU,GSP,4.0,2.0,0.0,109.0,845.0,,,,,
2026,,,DL,SEA,BOS,5.0,-19.0,0.0,275.0,2496.0,,,,,
2026,,,AA,SFO,DFW,136.0,130.0,0.0,176.0,1464.0,9.0,0.0,0.0,0.0,121.0
2026,,,DL,ATL,DFW,2.0,-4.0,0.0,113.0,731.0,,,,,
2026,,,OO,SDF,ORD,39.0,40.0,0.0,63.0,286.0,0.0,0.0,1.0,0.0,39.0
2026,,,AA,DFW,MIA,7.0,-7.0,0.0,124.0,1121.0,,,,,
2026,,,AA,MCO,CLT,127.0,120.0,0.0,73.0,468.0,0.0,4.0,0.0,0.0,116.0
2026,,,YX,ORD,AUS,64.0,65.0,0.0,148.0,977.0,23.0,0.0,1.0,0.0,41.0
2026,,,WN,BNA,SAN,1.0,-9.0,0.0,247.0,1751.0,,,,,
2026,,,F9,ATL,ORD,98.0,87.0,0.0,88.0,606.0,0.0,0.0,0.0,0.0,87.0
2026,,,YX,RIC,LGA,13.0,-10.0,0.0,51.0,291.0,,,,,
2026,,,UA,BTV,ORD,6.0,0.0,0.0,119.0,763.0,,,,,
2026,,,WN,DEN,LAX,20.0,1.0,0.0,115.0,862.0,,,,,
2026,,,DL,GSO,ATL,3.0,1.0,0.0,58.0,306.0,,,,,
2026,,,WN,BOI,DEN,2.0,12.0,0.0,86.0,649.0,,,,,
2026,,,WN,DAL,LAS,25.0,27.0,0.0,161.0,1067.0,0.0,0.0,2.0,0.0,25.0
2026,,,DL,DTW,MCI,3.0,10.0,0.0,99.0,629.0,,,,,
2026,,,UA,ORD,RNO,118.0,139.0,0.0,229.0,1671.0,0.0,0.0,21.0,0.0,118.0
2026,,,DL,LGA,FLL,5.0,59.0,0.0,181.0,1076.0,0.0,0.0,59.0,0.0,0.0
2026,,,AA,SAT,PHX,7.0,2.0,0.0,135.0,843.0,,,,,
2026,,,DL,SLC,AUS,214.0,223.0,0.0,140.0,1086.0,46.0,0.0,9.0,0.0,168.0
2026,,,AA,ORD,FLL,36.0,55.0,0.0,163.0,1182.0,10.0,0.0,19.0,0.0,26.0
2026,,,DL,ATL,SRQ,17.0,22.0,0.0,63.0,444.0,0.0,0.0,22.0,0.0,0.0
2026,,,WN,HOU,LAS,12.0,-11.0,0.0,169.0,1235.0,,,,,
2026,,,YX,BNA,BOS,6.0,-20.0,0.0,118.0,942.0,,,,,
2026,,,MQ,ORD,BIS,20.0,-4.0,0.0,119.0,715.0,,,,,
2026,,,OO,ATL,SBN,14.0,9.0,0.0,84.0,566.0,,,,,
2026,,,WN,BZN,DEN,48.0,53.0,0.0,84.0,524.0,0.0,0.0,53.0,0.0,0.0
2026,,,WN,MDW,DCA,78.0,111.0,0.0,108.0,601.0,0.0,0.0,111.0,0.0,0.0
2026,,,YX,DTW,LGA,33.0,0.0,0.0,64.0,502.0,,,,,
2026,,,WN,MDW,SLC,1.0,-8.0,0.0,184.0,1259.0,,,,,
2026,,,UA,LAS,LAX,25.0,18.0,0.0,43.0,236.0,0.0,0.0,0.0,0.0,18.0
2026,,,F9,ONT,LAS,30.0,24.0,0.0,38.0,197.0,0.0,0.0,0.0,0.0,24.0
2026,,,UA,LAX,CLE,16.0,-2.0,0.0,226.0,2052.0,,,,,
2026,,,OH,PHL,PWM,34.0,18.0,0.0,56.0,364.0,18.0,0.0,0.0,0.0,0.0
2026,,,DL,DTW,RDU,5.0,-4.0,0.0,71.0,501.0,,,,,
2026,,,DL,MCI,SLC,2.0,1.0,0.0,134.0,920.0,,,,,
2026,,,AS,DCA,SEA,1.0,7.0,0.0,333.0,2329.0,,,,,
2026,,,OO,LNK,ORD,132.0,106.0,0.0,65.0,466.0,0.0,0.0,0.0,0.0,106.0
2026,,,G7,IAD,RIC,130.0,119.0,0.0,29.0,100.0,20.0,0.0,0.0,0.0,99.0
2026,,,WN,DEN,OKC,14.0,7.0,0.0,68.0,495.0,,,,,
2026,,,DL,SEA,LAX,10.0,-10.0,0.0,120.0,954.0,,,,,
2026,,,F9,LAS,SFO,167.0,155.0,0.0,67.0,414.0,17.0,0.0,0.0,0.0,138.0
2026,,,OO,LAX,SLC,14.0,23.0,0.0,96.0,590.0,0.0,0.0,9.0,0.0,14.0
2026,,,WN,DAL,MAF,41.0,30.0,0.0,54.0,319.0,0.0,0.0,0.0,0.0,30.0
2026,,,G4,SNA,BOI,1.0,2.0,0.0,124.0,688.0,,,,,
2026,,,WN,PHX,SEA,12.0,13.0,0.0,164.0,1107.0,,,,,
2026,,,AA,DFW,BUR,2.0,8.0,0.0,189.0,1231.0,,,,,
2026,,,B6,BOS,SJU,4.0,32.0,0.0,250.0,1674.0,4.0,0.0,28.0,0.0,0.0
2026,,,WN,BNA,DEN,4.0,-2.0,0.0,151.0,1013.0,,,,,
2026,,,OO,PHX,ICT,35.0,31.0,0.0,102.0,870.0,0.0,0.0,0.0,0.0,31.0
2026,,,UA,DEN,SLC,13.0,18.0,0.0,63.0,391.0,10.0,0.0,5.0,0.0,3.0
2026,,,AS,SEA,ORD,41.0,31.0,0.0,205.0,1721.0,31.0,0.0,0.0,0.0,0.0
2026,,,WN,HOU,PIT,20.0,25.0,0.0,144.0,1131.0,18.0,0.0,5.0,0.0,2.0
2026,,,MQ,DFW,ABI,22.0,17.0,0.0,33.0,158.0,17.0,0.0,0.0,0.0,0.0
2026,,,AA,MIA,PHL,111.0,94.0,0.0,124.0,1013.0,0.0,0.0,0.0,0.0,94.0
2026,,,AA,DFW,LAX,42.0,22.0,0.0,171.0,1235.0,0.0,3.0,0.0,0.0,19.0
2026,,,DL,OMA,ATL,76.0,44.0,0.0,95.0,821.0,44.0,0.0,0.0,0.0,0.0
2026,,,YX,JFK,CMH,14.0,15.0,0.0,86.0,483.0,14.0,0.0,1.0,0.0,0.0
2026,,,WN,ATL,BWI,23.0,18.0,0.0,89.0,577.0,18.0,0.0,0.0,0.0,0.0
2026,,,B6,PBI,BOS,22.0,23.0,0.0,164.0,1197.0,16.0,0.0,1.0,0.0,6.0
2026,,,WN,SLC,BWI,14.0,-9.0,0.0,207.0,1865.0,,,,,
2026,,,DL,PHL,ATL,94.0,74.0,0.0,107.0,666.0,0.0,0.0,0.0,0.0,74.0
2026,,,WN,IND,MCO,10.0,2.0,0.0,114.0,829.0,,,,,
2026,,,YX,DCA,LGA,29.0,39.0,0.0,64.0,214.0,0.0,0.0,39.0,0.0,0.0
2026,,,AA,DFW,PNS,3.0,2.0,0.0,72.0,604.0,,,,,
2026,,,OO,BTM,DEN,65.0,54.0,0.0,85.0,578.0,54.0,0.0,0.0,0.0,0.0
2026,,,WN,STL,ICT,25.0,14.0,0.0,65.0,392.0,,,,,
2026,,,OH,CLT,LIT,5.0,-7.0,0.0,114.0,640.0,,,,,
2026,,,OO,DRO,DEN,33.0,10.0,0.0,50.0,251.0,,,,,
2026,,,OO,DEN,GJT,2.0,-16.0,0.0,43.0,212.0,,,,,
2026,,,B6,LGA,PBI,22.0,76.0,0.0,187.0,1035.0,22.0,0.0,54.0,0.0,0.0
2026,,,WN,DAL,COS,3.0,3.0,0.0,95.0,602.0,,,,,
2026,,,WN,SAN,MDW,103.0,108.0,0.0,199.0,1728.0,50.0,0.0,5.0,0.0,53.0
2026,,,AS,LAX,PDX,1.0,-16.0,0.0,116.0,833.0,,,,,
2026,,,AA,MRY,DFW,3.0,-12.0,0.0,170.0,1430.0,,,,,
2026,,,UA,EGE,IAD,18.0,16.0,0.0,179.0,1572.0,11.0,0.0,0.0,0.0,5.0
2026,,,YX,ORD,PIT,9.0,6.0,0.0,57.0,413.0,,,,,
2026,,,WN,CHS,HOU,5.0,-14.0,0.0,137.0,928.0,,,,,
2026,,,G4,FLL,CAE,34.0,28.0,0.0,77.0,545.0,0.0,0.0,0.0,0.0,28.0
2026,,,WN,MSP,MDW,8.0,37.0,0.0,103.0,349.0,8.0,0.0,29.0,0.0,0.0
2026,,,AA,DFW,ATL,19.0,0.0,0.0,86.0,731.0,,,,,
2026,,,B6,BOS,RDU,99.0,82.0,0.0,95.0,612.0,24.0,0.0,0.0,0.0,58.0
2026,,,WN,CMH,LAS,3.0,-3.0,0.0,256.0,1771.0,,,,,
2026,,,OH,PIA,DFW,3.0,-22.0,0.0,100.0,672.0,,,,,
2026,,,AA,MSY,CLT,15.0,11.0,0.0,83.0,650.0,,,,,
2026,,,UA,EWR,BOS,1.0,-7.0,0.0,46.0,200.0,,,,,
2026,,,AA,DFW,LAX,14.0,9.0,0.0,175.0,1235.0,,,,,
2026,,,AA,EWR,CLT,12.0,2.0,0.0,85.0,529.0,,,,,
2026,,,DL,ATL,JAN,24.0,12.0,0.0,53.0,340.0,,,,,
2026,,,B6,SJU,EWR,14.0,15.0,0.0,222.0,1608.0,3.0,0.0,1.0,11.0,0.0
2026,,,9E,JFK,MSP,4.0,4.0,0.0,186.0,1029.0,,,,,
2026,,,AA,MCO,LGA,167.0,176.0,0.0,130.0,950.0,0.0,0.0,9.0,0.0,167.0
2026,,,WN,BWI,HOU,3.0,-9.0,0.0,193.0,1246.0,,,,,
2026,,,YX,ORD,SDF,2.0,8.0,0.0,47.0,286.0,,,,,
2026,,,WN,AUS,FLL,17.0,8.0,0.0,128.0,1105.0,,,,,
2026,,,UA,EWR,SAN,23.0,11.0,0.0,334.0,2425.0,,,,,
2026,,,OO,SAN,AUS,5.0,8.0,0.0,156.0,1164.0,,,,,
2026,,,AS,SEA,ANC,4.0,29.0,0.0,206.0,1448.0,0.0,0.0,29.0,0.0,0.0
2026,,,AS,HNL,SAN,4.0,7.0,0.0,303.0,2614.0,,,,,
2026,,,WN,RDU,PHX,45.0,42.0,0.0,278.0,1891.0,6.0,0.0,0.0,0.0,36.0
2026,,,DL,LAX,ATL,92.0,99.0,0.0,216.0,1947.0,2.0,0.0,7.0,0.0,90.0
2026,,,DL,AUS,SLC,5.0,-2.0,0.0,159.0,1086.0,,,,,
2026,,,B6,SJU,EWR,4.0,-8.0,0.0,226.0,1608.0,,,,,
2026,,,DL,MSP,JAX,26.0,18.0,0.0,144.0,1173.0,18.0,0.0,0.0,0.0,0.0
2026,,,G4,LAS,FAT,89.0,81.0,0.0,48.0,259.0,0.0,0.0,0.0,0.0,81.0
2026,,,MQ,DFW,FAR,16.0,21.0,0.0,137.0,967.0,0.0,0.0,5.0,0.0,16.0
2026,,,AA,ORD,PHL,2.0,-14.0,0.0,86.0,678.0,,,,,
2026,,,UA,DEN,BNA,15.0,10.0,0.0,119.0,1013.0,,,,,
2026,,,UA,HDN,DEN,4.0,-20.0,0.0,29.0,141.0,,,,,
2026,,,AA,DFW,TUS,385.0,386.0,0.0,125.0,813.0,30.0,0.0,1.0,0.0,355.0
2026,,,WN,MDW,DAL,7.0,-14.0,0.0,113.0,793.0,,,,,
2026,,,OO,PHX,GJT,15.0,3.0,0.0,61.0,438.0,,,,,
2026,,,YX,LGA,PIT,11.0,16.0,0.0,69.0,335.0,11.0,0.0,5.0,0.0,0.0
2026,,,UA,ORD,BOS,6.0,-24.0,0.0,98.0,867.0,,,,,
2026,,,UA,ORD,MCO,11.0,-4.0,0.0,135.0,1005.0,,,,,
2026,,,WN,DEN,DTW,5.0,-11.0,0.0,129.0,1123.0,,,,,
2026,,,AA,CLT,IAH,19.0,-2.0,0.0,135.0,912.0,,,,,
2026,,,AA,CLT,CVG,5.0,11.0,0.0,52.0,335.0,,,,,
2026,,,OO,ORD,SUN,1.0,-5.0,0.0,200.0,1341.0,,,,,
2026,,,OO,PSC,DEN,2.0,2.0,0.0,112.0,853.0,,,,,
2026,,,AA,CLT,DTW,172.0,171.0,0.0,75.0,500.0,171.0,0.0,0.0,0.0,0.0
2026,,,UA,ORD,EWR,2.0,-10.0,0.0,83.0,719.0,,,,,
2026,,,YX,CHS,JFK,51.0,54.0,0.0,97.0,636.0,51.0,0.0,3.0,0.0,0.0
2026,,,WN,SAN,TUS,196.0,205.0,0.0,58.0,367.0,10.0,0.0,9.0,0.0,186.0
2026,,,WN,BNA,LAX,19.0,16.0,0.0,257.0,1798.0,16.0,0.0,0.0,0.0,0.0
2026,,,B6,BOS,RSW,1.0,-11.0,0.0,188.0,1249.0,,,,,
2026,,,YX,ORD,IND,2.0,-6.0,0.0,31.0,177.0,,,,,
2026,,,F9,BUF,MCO,481.0,477.0,0.0,135.0,1011.0,477.0,0.0,0.0,0.0,0.0
2026,,,AS,SEA,ANC,17.0,-22.0,0.0,174.0,1448.0,,,,,
2026,,,AA,CLT,VPS,67.0,51.0,0.0,72.0,460.0,51.0,0.0,0.0,0.0,0.0
2026,,,WN,DCA,FLL,115.0,84.0,0.0,123.0,899.0,0.0,0.0,0.0,0.0,84.0
2026,,,WN,LAX,SJC,1.0,-8.0,0.0,50.0,308.0,,,,,
2026,,,OH,OKC,DCA,21.0,-1.0,0.0,128.0,1158.0,,,,,
2026,,,WN,FLL,DCA,120.0,105.0,0.0,116.0,899.0,0.0,0.0,0.0,0.0,105.0
2026,,,UA,IAH,EWR,14.0,9.0,0.0,159.0,1400.0,,,,,
2026,,,DL,MEM,ATL,7.0,-16.0,0.0,51.0,332.0,,,,,
2026,,,AA,SDF,DFW,20.0,54.0,0.0,134.0,733.0,10.0,0.0,34.0,0.0,10.0
2026,,,9E,CAE,LGA,9.0,-14.0,0.0,81.0,617.0,,,,,
2026,,,9E,ATL,CRW,94.0,93.0,0.0,60.0,363.0,25.0,0.0,0.0,0.0,68.0
2026,,,UA,ORD,MCO,232.0,231.0,0.0,131.0,1005.0,0.0,37.0,0.0,0.0,194.0
2026,,,AA,DCA,ORD,84.0,80.0,0.0,107.0,612.0,0.0,0.0,0.0,0.0,80.0
2026,,,WN,PHX,SFO,7.0,-15.0,0.0,94.0,651.0,,,,,
2026,,,YV,LGA,IAH,13.0,-3.0,0.0,217.0,1416.0,,,,,
2026,,,DL,SLC,MIA,11.0,-14.0,0.0,232.0,2088.0,,,,,
2026,,,AA,ATL,DFW,36.0,20.0,0.0,112.0,731.0,0.0,0.0,0.0,0.0,20.0
2026,,,DL,BOS,LGA,383.0,389.0,0.0,63.0,184.0,0.0,0.0,6.0,0.0,383.0
2026,,,DL,EWR,DTW,63.0,37.0,0.0,79.0,488.0,0.0,0.0,0.0,0.0,37.0
2026,,,NK,MCO,EWR,70.0,75.0,0.0,130.0,937.0,0.0,0.0,75.0,0.0,0.0
2026,,,OO,FSD,MSP,12.0,6.0,0.0,36.0,196.0,,,,,
2026,,,WN,DEN,CMH,9.0,-6.0,0.0,129.0,1154.0,,,,,
2026,,,UA,LAX,ORD,126.0,146.0,0.0,230.0,1744.0,0.0,0.0,146.0,0.0,0.0
2026,,,DL,LAX,PDX,11.0,-15.0,0.0,110.0,833.0,,,,,
2026,,,B6,EWR,MCO,36.0,13.0,0.0,135.0,937.0,,,,,
2026,,,UA,DEN,BDL,6.0,-30.0,0.0,177.0,1671.0,,,,,
2026,,,DL,ANC,MSP,122.0,108.0,0.0,289.0,2519.0,6.0,0.0,0.0,0.0,102.0
2026,,,AS,SJC,PDX,174.0,174.0,0.0,87.0,569.0,174.0,0.0,0.0,0.0,0.0
2026,,,UA,DEN,SBA,3.0,-12.0,0.0,126.0,916.0,,,,,
2026,,,UA,SAN,IAH,3.0,-9.0,0.0,161.0,1303.0,,,,,
2026,,,WN,OKC,DEN,40.0,28.0,0.0,74.0,495.0,0.0,0.0,0.0,0.0,28.0
2026,,,WN,PHX,MSY,6.0,5.0,0.0,150.0,1301.0,,,,,
2026,,,UA,EGE,IAH,1.0,-22.0,0.0,117.0,934.0,,,,,
2026,,,DL,AUS,TPA,21.0,2.0,0.0,104.0,928.0,,,,,
2026,,,WN,MCO,PVD,9.0,16.0,0.0,140.0,1072.0,9.0,0.0,7.0,0.0,0.0
2026,,,YX,CID,ORD,78.0,77.0,0.0,45.0,196.0,4.0,0.0,0.0,0.0,73.0
2026,,,AA,AUS,LAX,27.0,65.0,0.0,171.0,1242.0,0.0,0.0,38.0,0.0,27.0
2026,,,AA,LAX,DFW,17.0,21.0,0.0,159.0,1235.0,17.0,0.0,4.0,0.0,0.0
2026,,,AA,RSW,DCA,78.0,61.0,0.0,106.0,892.0,0.0,0.0,0.0,0.0,61.0
2026,,,WN,BDL,MCO,69.0,89.0,0.0,163.0,1050.0,69.0,0.0,20.0,0.0,0.0
2026,,,NK,PHL,MCO,268.0,250.0,0.0,127.0,862.0,209.0,0.0,1.0,0.0,40.0
2026,,,AA,MSP,DFW,8.0,7.0,0.0,112.0,852.0,,,,,
2026,,,B6,LGA,PBI,173.0,172.0,0.0,135.0,1035.0,0.0,0.0,5.0,0.0,167.0
2026,,,B6,FLL,HPN,11.0,0.0,0.0,143.0,1097.0,,,,,
2026,,,AA,BWI,CLT,172.0,178.0,0.0,63.0,361.0,136.0,0.0,6.0,0.0,36.0
2026,,,AA,DFW,HDN,76.0,72.0,0.0,124.0,769.0,72.0,0.0,0.0,0.0,0.0
2026,,,DL,ATL,RDU,1.0,4.0,0.0,58.0,356.0,,,,,
2026,,,MQ,PHX,RDM,71.0,58.0,0.0,134.0,893.0,21.0,0.0,0.0,0.0,37.0
2026,,,WN,BUF,MCO,8.0,-16.0,0.0,123.0,1011.0,,,,,
2026,,,UA,LAX,IAH,136.0,131.0,0.0,170.0,1379.0,131.0,0.0,0.0,0.0,0.0
2026,,,OO,IAH,VCT,6.0,-5.0,0.0,31.0,123.0,,,,,
2026,,,WN,ELP,HOU,1.0,-12.0,0.0,83.0,677.0,,,,,
2026,,,B6,MCO,EWR,19.0,6.0,0.0,127.0,937.0,,,,,
2026,,,MQ,ORD,CWA,85.0,111.0,0.0,45.0,213.0,0.0,25.0,26.0,0.0,60.0
2026,,,AA,PSP,PHX,112.0,106.0,0.0,44.0,261.0,0.0,0.0,0.0,0.0,106.0
2026,,,DL,PBI,LGA,12.0,3.0,0.0,140.0,1035.0,,,,,
2026,,,NK,MCO,LBE,25.0,47.0,0.0,126.0,823.0,23.0,0.0,22.0,0.0,2.0
2026,,,UA,ORD,SAN,14.0,-24.0,0.0,197.0,1723.0,,,,,
2026,,,WN,MDW,MCO,16.0,23.0,0.0,136.0,990.0,8.0,0.0,7.0,0.0,8.0
2026,,,UA,BOS,SFO,30.0,-18.0,0.0,346.0,2704.0,,,,,
2026,,,OO,ASE,LAX,12.0,-15.0,0.0,97.0,737.0,,,,,
2026,,,OO,ICT,DEN,45.0,25.0,0.0,72.0,420.0,0.0,0.0,0.0,0.0,25.0
2026,,,OO,COD,DEN,15.0,-6.0,0.0,59.0,391.0,,,,,
2026,,,9E,AGS,ATL,28.0,25.0,0.0,35.0,143.0,0.0,0.0,0.0,0.0,25.0
2026,,,MQ,MAF,DFW,128.0,119.0,0.0,51.0,309.0,119.0,0.0,0.0,0.0,0.0
2026,,,UA,ORD,LGA,7.0,-8.0,0.0,98.0,733.0,,,,,
2026,,,AA,DFW,RSW,21.0,3.0,0.0,121.0,1017.0,,,,,
2026,,,OO,LBF,DEN,18.0,-4.0,0.0,43.0,227.0,,,,,
2026,,,WN,PHX,SLC,60.0,51.0,0.0,71.0,507.0,28.0,0.0,0.0,0.0,23.0
2026,,,9E,JAX,JFK,2.0,-14.0,0.0,104.0,829.0,,,,,
2026,,,PT,PHL,ORH,57.0,77.0,0.0,43.0,241.0,0.0,0.0,20.0,0.0,57.0
2026,,,UA,ORD,TPA,36.0,37.0,0.0,140.0,1012.0,0.0,36.0,1.0,0.0,0.0
2026,,,WN,SFO,SAN,132.0,130.0,0.0,65.0,447.0,0.0,0.0,72.0,0.0,58.0
2026,,,9E,DTW,CVG,8.0,-8.0,0.0,48.0,229.0,,,,,
2026,,,B6,BOS,SFO,10.0,-13.0,0.0,368.0,2704.0,,,,,
2026,,,AS,ANC,SEA,111.0,103.0,0.0,182.0,1448.0,103.0,0.0,0.0,0.0,0.0
2026,,,B6,MCO,JFK,6.0,6.0,0.0,132.0,944.0,,,,,
2026,,,DL,ATL,IAD,30.0,22.0,0.0,69.0,534.0,22.0,0.0,0.0,0.0,0.0
2026,,,WN,STL,DAL,39.0,20.0,0.0,78.0,546.0,8.0,0.0,0.0,0.0,12.0
2026,,,B6,IAH,BOS,210.0,174.0,0.0,172.0,1597.0,0.0,0.0,7.0,0.0,167.0
2026,,,OO,MOT,MSP,117.0,97.0,0.0,63.0,449.0,97.0,0.0,0.0,0.0,0.0
2026,,,UA,SFO,IAD,72.0,77.0,0.0,263.0,2418.0,30.0,0.0,5.0,0.0,42.0
2026,,,UA,CVG,DEN,3.0,-2.0,0.0,173.0,1069.0,,,,,
2026,,,AS,LIH,SEA,1.0,6.0,0.0,321.0,2700.0,,,,,
2026,,,OO,MSP,CIU,154.0,125.0,0.0,57.0,434.0,125.0,0.0,0.0,0.0,0.0
2026,,,OO,LAX,SJC,15.0,2.0,0.0,51.0,308.0,,,,,
2026,,,AA,DFW,LAX,30.0,73.0,0.0,173.0,1235.0,30.0,0.0,43.0,0.0,0.0
2026,,,UA,BDL,IAD,2.0,-1.0,0.0,60.0,325.0,,,,,
2026,,,OH,EWN,CLT,3.0,-8.0,0.0,48.0,222.0,,,,,
2026,,,WN,DAL,MIA,1.0,-9.0,0.0,123.0,1109.0,,,,,
2026,,,WN,DEN,HOU,58.0,39.0,0.0,108.0,883.0,3.0,0.0,0.0,0.0,36.0
2026,,,OO,SAN,STS,97.0,85.0,0.0,81.0,508.0,85.0,0.0,0.0,0.0,0.0
2026,,,WN,SFO,SAN,21.0,21.0,0.0,69.0,447.0,20.0,0.0,0.0,0.0,1.0
2026,,,WN,DEN,SNA,12.0,17.0,0.0,139.0,846.0,12.0,0.0,5.0,0.0,0.0
2026,,,OO,SUN,SLC,45.0,27.0,0.0,40.0,222.0,0.0,27.0,0.0,0.0,0.0
2026,,,F9,MCO,IAD,9.0,-14.0,0.0,90.0,758.0,,,,,
2026,,,OO,DFW,SGU,169.0,141.0,0.0,136.0,976.0,141.0,0.0,0.0,0.0,0.0
2026,,,AA,DFW,OKC,111.0,103.0,0.0,33.0,175.0,19.0,0.0,0.0,0.0,84.0
2026,,,WN,LAX,DEN,2.0,-6.0,0.0,119.0,862.0,,,,,
2026,,,NK,BUR,LAS,22.0,14.0,0.0,42.0,223.0,,,,,
2026,,,UA,SAN,ORD,112.0,72.0,0.0,193.0,1723.0,0.0,0.0,0.0,0.0,72.0
2026,,,WN,HOU,MAF,9.0,-2.0,0.0,68.0,441.0,,,,,
2026,,,OO,MSN,ORD,33.0,47.0,0.0,26.0,108.0,0.0,0.0,14.0,0.0,33.0
2026,,,YX,EWR,AVL,9.0,-6.0,0.0,89.0,583.0,,,,,
2026,,,AS,SEA,RDM,11.0,6.0,0.0,38.0,228.0,,,,,
2026,,,UA,ORD,ANC,6.0,3.0,0.0,383.0,2846.0,,,,,
2026,,,AS,SEA,SFO,11.0,1.0,0.0,92.0,679.0,,,,,
2026,,,UA,HNL,DEN,94.0,87.0,0.0,367.0,3365.0,87.0,0.0,0.0,0.0,0.0
2026,,,WN,SEA,PHX,1.0,-9.0,0.0,147.0,1107.0,,,,,
2026,,,YX,BOS,JFK,16.0,12.0,0.0,51.0,187.0,,,,,
2026,,,DL,MLB,ATL,18.0,15.0,0.0,69.0,443.0,15.0,0.0,0.0,0.0,0.0
2026,,,DL,MSY,BOS,10.0,-15.0,0.0,154.0,1367.0,,,,,
2026,,,G7,ORD,STL,99.0,111.0,0.0,58.0,258.0,99.0,0.0,12.0,0.0,0.0
2026,,,NK,FLL,ORD,41.0,21.0,0.0,161.0,1182.0,21.0,0.0,0.0,0.0,0.0
2026,,,OO,DEN,TYS,74.0,55.0,0.0,137.0,1162.0,0.0,55.0,0.0,0.0,0.0
2026,,,AA,LGA,MIA,3.0,22.0,0.0,162.0,1096.0,0.0,3.0,19.0,0.0,0.0
2026,,,OO,DTW,GRB,9.0,-18.0,0.0,48.0,287.0,,,,,
2026,,,AA,LGA,MIA,5.0,-26.0,0.0,148.0,1096.0,,,,,
2026,,,AA,DFW,SAT,50.0,42.0,0.0,47.0,247.0,13.0,0.0,0.0,0.0,29.0
2026,,,OO,RST,ORD,172.0,144.0,0.0,45.0,268.0,144.0,0.0,0.0,0.0,0.0
2026,,,PT,HTS,CLT,50.0,41.0,0.0,43.0,235.0,0.0,0.0,0.0,0.0,41.0
2026,,,WN,PSP,LAS,5.0,-16.0,0.0,37.0,173.0,,,,,
2026,,,OO,ORD,ATW,42.0,26.0,0.0,34.0,160.0,26.0,0.0,0.0,0.0,0.0
2026,,,DL,DCA,DTW,20.0,3.0,0.0,72.0,405.0,,,,,
2026,,,AS,SEA,ORD,1.0,-11.0,0.0,204.0,1721.0,,,,,
2026,,,AA,TPA,ORD,69.0,53.0,0.0,144.0,1012.0,0.0,0.0,0.0,0.0,53.0
2026,,,OH,DCA,ORF,102.0,101.0,0.0,40.0,142.0,6.0,0.0,0.0,0.0,95.0
2026,,,UA,IAH,SFO,24.0,30.0,0.0,225.0,1635.0,24.0,0.0,6.0,0.0,0.0
2026,,,F9,MSY,DEN,14.0,21.0,0.0,158.0,1062.0,0.0,0.0,21.0,0.0,0.0
2026,,,AA,CLT,JFK,88.0,191.0,0.0,100.0,542.0,0.0,34.0,103.0,0.0,54.0
2026,,,AA,PHL,IAH,9.0,-6.0,0.0,217.0,1325.0,,,,,
2026,,,UA,MTJ,EWR,82.0,49.0,0.0,199.0,1795.0,0.0,0.0,49.0,0.0,0.0
2026,,,YX,CLE,IAD,17.0,7.0,0.0,50.0,287.0,,,,,
2026,,,G4,GRI,LAS,17.0,3.0,0.0,130.0,971.0,,,,,
2026,,,OO,ORD,AVL,137.0,174.0,0.0,77.0,536.0,0.0,0.0,37.0,0.0,137.0
2026,,,OO,ORD,ATW,12.0,-5.0,0.0,36.0,160.0,,,,,
2026,,,9E,SAV,DTW,35.0,47.0,0.0,110.0,705.0,0.0,0.0,12.0,0.0,35.0
2026,,,AS,TUS,SEA,38.0,24.0,0.0,177.0,1215.0,1.0,0.0,0.0,0.0,23.0
2026,,,DL,ATL,ICT,6.0,-6.0,0.0,109.0,782.0,,,,,
2026,,,UA,SAN,IAD,1.0,-36.0,0.0,232.0,2253.0,,,,,
2026,,,B6,BOS,PHX,8.0,29.0,0.0,357.0,2300.0,8.0,0.0,21.0,0.0,0.0
2026,,,QX,STS,SEA,138.0,119.0,0.0,88.0,618.0,0.0,0.0,0.0,0.0,119.0
2026,,,QX,PAE,SNA,9.0,-4.0,0.0,142.0,1008.0,,,,,
2026,,,NK,BWI,FLL,85.0,71.0,0.0,132.0,925.0,71.0,0.0,0.0,0.0,0.0
2026,,,9E,DTW,RIC,170.0,153.0,0.0,64.0,455.0,153.0,0.0,0.0,0.0,0.0
2026,,,OH,MLB,CLT,108.0,84.0,0.0,71.0,490.0,1.0,0.0,0.0,0.0,83.0
2026,,,B6,BOS,TPA,65.0,50.0,0.0,172.0,1185.0,11.0,0.0,39.0,0.0,0.0
2026,,,NK,MCO,EWR,30.0,42.0,0.0,133.0,937.0,9.0,0.0,33.0,0.0,0.0
2026,,,AA,MKE,CLT,113.0,90.0,0.0,90.0,651.0,0.0,25.0,0.0,0.0,65.0
2026,,,AA,DFW,JAC,303.0,290.0,0.0,144.0,1047.0,8.0,0.0,0.0,0.0,282.0
2026,,,WN,SNA,PHX,24.0,24.0,0.0,57.0,338.0,0.0,0.0,24.0,0.0,0.0
2026,,,G7,ORD,MLI,18.0,0.0,0.0,30.0,139.0,,,,,
2026,,,AA,DFW,MFE,153.0,162.0,0.0,76.0,469.0,114.0,0.0,9.0,0.0,39.0
2026,,,AA,CLT,PHL,15.0,9.0,0.0,69.0,449.0,,,,,
2026,,,WN,DEN,LIT,29.0,51.0,0.0,106.0,771.0,0.0,0.0,22.0,0.0,29.0
2026,,,MQ,FSD,PHX,2.0,-4.0,0.0,173.0,1081.0,,,,,
2026,,,AA,PHX,MRY,2.0,0.0,0.0,89.0,598.0,,,,,
2026,,,UA,TPA,SFO,7.0,-10.0,0.0,323.0,2393.0,,,,,
2026,,,AS,OGG,KOA,69.0,77.0,0.0,27.0,84.0,31.0,0.0,0.0,0.0,46.0
2026,,,AA,CLT,DFW,8.0,-6.0,0.0,140.0,935.0,,,,,
2026,,,AA,PVD,CLT,4.0,17.0,0.0,119.0,684.0,0.0,0.0,13.0,0.0,4.0
2026,,,NK,MCO,IND,152.0,143.0,0.0,130.0,829.0,9.0,0.0,1.0,0.0,133.0
2026,,,DL,DEN,LGA,9.0,-16.0,0.0,177.0,1620.0,,,,,
2026,,,WN,MCO,BNA,6.0,23.0,0.0,106.0,616.0,0.0,0.0,17.0,0.0,6.0
2026,,,WN,AUS,DEN,20.0,7.0,0.0,107.0,775.0,,,,,
2026,,,AA,CLT,LAX,11.0,1.0,0.0,303.0,2125.0,,,,,
2026,,,UA,HDN,ORD,19.0,7.0,0.0,117.0,1009.0,,,,,
2026,,,OO,DEN,EAR,21.0,16.0,0.0,49.0,305.0,0.0,0.0,0.0,16.0,0.0
2026,,,OH,DCA,ILM,10.0,10.0,0.0,58.0,320.0,,,,,
2026,,,UA,BOS,DEN,7.0,-32.0,0.0,231.0,1754.0,,,,,
2026,,,DL,MSP,FLL,40.0,27.0,0.0,184.0,1487.0,2.0,0.0,0.0,0.0,25.0
2026,,,AS,PSP,SEA,4.0,-20.0,0.0,136.0,987.0,,,,,
2026,,,MQ,ABI,DFW,22.0,21.0,0.0,40.0,158.0,0.0,0.0,0.0,0.0,21.0
2026,,,WN,PHX,DAL,7.0,0.0,0.0,111.0,879.0,,,,,
2026,,,WN,HOU,JAX,12.0,19.0,0.0,91.0,815.0,12.0,0.0,7.0,0.0,0.0
2026,,,NK,FLL,MCO,36.0,41.0,0.0,35.0,177.0,36.0,0.0,5.0,0.0,0.0
2026,,,OH,CLT,GPT,86.0,101.0,0.0,98.0,577.0,1.0,0.0,15.0,0.0,85.0
2026,,,AA,PHL,TPA,120.0,134.0,0.0,147.0,920.0,0.0,15.0,14.0,0.0,105.0
2026,,,AA,JFK,SNA,34.0,76.0,0.0,389.0,2454.0,32.0,0.0,42.0,0.0,2.0
2026,,,UA,EWR,MIA,46.0,19.0,0.0,148.0,1085.0,0.0,0.0,0.0,0.0,19.0
2026,,,UA,ORD,DSM,207.0,224.0,0.0,54.0,299.0,0.0,207.0,17.0,0.0,0.0
2026,,,AA,PHX,CLT,3.0,-9.0,0.0,196.0,1773.0,,,,,
2026,,,AA,CLT,TPA,6.0,-8.0,0.0,75.0,507.0,,,,,
2026,,,9E,LGA,MEM,71.0,79.0,0.0,176.0,963.0,0.0,0.0,8.0,0.0,71.0
2026,,,AS,HNL,ITO,13.0,10.0,0.0,34.0,216.0,,,,,
2026,,,DL,DCA,ATL,16.0,-7.0,0.0,80.0,547.0,,,,,
2026,,,WN,SFO,PHX,6.0,9.0,0.0,96.0,651.0,,,,,
2026,,,WN,BNA,ECP,32.0,23.0,0.0,63.0,401.0,0.0,0.0,0.0,0.0,23.0
2026,,,DL,ATL,LAS,58.0,69.0,0.0,244.0,1747.0,0.0,0.0,69.0,0.0,0.0
2026,,,WN,DAL,TUS,2.0,-19.0,0.0,116.0,824.0,,,,,
2026,,,WN,STL,SRQ,6.0,14.0,0.0,120.0,903.0,,,,,
2026,,,UA,DEN,BZN,9.0,-3.0,0.0,85.0,524.0,,,,,
2026,,,OO,SJC,LAX,8.0,-4.0,0.0,53.0,308.0,,,,,
2026,,,UA,EWR,MIA,76.0,69.0,0.0,171.0,1085.0,69.0,0.0,0.0,0.0,0.0
2026,,,G4,SBN,LAS,82.0,91.0,0.0,225.0,1594.0,0.0,0.0,91.0,0.0,0.0
2026,,,DL,JAX,ATL,241.0,230.0,0.0,45.0,269.0,230.0,0.0,0.0,0.0,0.0
2026,,,OO,BOI,PHX,27.0,10.0,0.0,97.0,735.0,,,,,
2026,,,WN,SLC,AUS,7.0,-11.0,0.0,125.0,1086.0,,,,,
2026,,,YV,IAH,LGA,12.0,9.0,0.0,194.0,1416.0,,,,,
2026,,,UA,ORD,ATL,7.0,19.0,0.0,82.0,606.0,0.0,7.0,12.0,0.0,0.0
2026,,,MQ,MIA,PNS,10.0,14.0,0.0,82.0,530.0,,,,,
2026,,,F9,PHL,RDU,22.0,0.0,0.0,53.0,337.0,,,,,
2026,,,WN,PHX,CMH,14.0,0.0,0.0,180.0,1670.0,,,,,
2026,,,YX,JAX,EWR,55.0,36.0,0.0,111.0,820.0,0.0,0.0,0.0,0.0,36.0
2026,,,DL,FLL,MSP,41.0,32.0,0.0,205.0,1487.0,0.0,0.0,0.0,0.0,32.0
2026,,,OH,BDL,PHL,54.0,50.0,0.0,48.0,195.0,50.0,0.0,0.0,0.0,0.0
2026,,,WN,MCO,STL,96.0,85.0,0.0,131.0,882.0,0.0,0.0,0.0,0.0,85.0
2026,,,DL,MSP,TPA,15.0,-9.0,0.0,154.0,1306.0,,,,,
2026,,,AS,JFK,SEA,248.0,232.0,0.0,346.0,2422.0,232.0,0.0,0.0,0.0,0.0
2026,,,WN,IND,SRQ,28.0,47.0,0.0,125.0,876.0,5.0,0.0,19.0,0.0,23.0
2026,,,OH,DFW,CRP,28.0,25.0,0.0,64.0,355.0,25.0,0.0,0.0,0.0,0.0
2026,,,WN,BWI,PVD,25.0,16.0,0.0,52.0,327.0,16.0,0.0,0.0,0.0,0.0
2026,,,DL,BOS,SEA,51.0,24.0,0.0,330.0,2496.0,24.0,0.0,0.0,0.0,0.0
2026,,,C5,JAN,IAH,245.0,220.0,0.0,56.0,351.0,0.0,0.0,5.0,0.0,215.0
2026,,,B6,FLL,DCA,2.0,-16.0,0.0,110.0,899.0,,,,,
2026,,,NK,CLE,FLL,35.0,12.0,0.0,139.0,1062.0,,,,,
2026,,,AA,CLT,LAS,1.0,-10.0,0.0,255.0,1916.0,,,,,
2026,,,WN,BWI,MCO,11.0,-4.0,0.0,132.0,787.0,,,,,
2026,,,WN,MHT,MCO,1.0,-9.0,0.0,178.0,1142.0,,,,,
2026,,,DL,GSO,ATL,12.0,-4.0,0.0,52.0,306.0,,,,,
2026,,,MQ,ORD,SLC,4.0,2.0,0.0,190.0,1250.0,,,,,
2026,,,DL,ATL,BWI,27.0,28.0,0.0,81.0,577.0,27.0,0.0,1.0,0.0,0.0
2026,,,9E,MDW,DTW,65.0,85.0,0.0,42.0,228.0,0.0,0.0,20.0,0.0,65.0
2026,,,AA,CLT,SAT,31.0,23.0,0.0,159.0,1095.0,23.0,0.0,0.0,0.0,0.0
2026,,,DL,JAN,ATL,6.0,37.0,0.0,87.0,340.0,0.0,0.0,31.0,0.0,6.0
2026,,,DL,ATL,PHX,51.0,42.0,0.0,229.0,1587.0,0.0,0.0,42.0,0.0,0.0
2026,,,DL,LAS,LAX,1.0,-4.0,0.0,38.0,236.0,,,,,
2026,,,OO,SMF,PDX,219.0,211.0,0.0,75.0,479.0,0.0,0.0,0.0,0.0,211.0
2026,,,WN,DAL,MDW,1.0,-12.0,0.0,100.0,793.0,,,,,
2026,,,UA,DEN,EUG,64.0,86.0,0.0,143.0,996.0,64.0,0.0,22.0,0.0,0.0
2026,,,OO,DEN,LAX,100.0,103.0,0.0,123.0,862.0,0.0,100.0,3.0,0.0,0.0
2026,,,DL,SYR,ATL,64.0,69.0,0.0,126.0,794.0,64.0,0.0,5.0,0.0,0.0
2026,,,AS,SAN,DCA,112.0,62.0,0.0,240.0,2276.0,0.0,0.0,0.0,0.0,62.0
2026,,,WN,HNL,LAS,58.0,38.0,0.0,300.0,2762.0,0.0,0.0,0.0,0.0,38.0
2026,,,AA,CLT,GRR,65.0,58.0,0.0,94.0,583.0,37.0,0.0,0.0,0.0,21.0
2026,,,WN,DEN,OMA,14.0,4.0,0.0,68.0,472.0,,,,,
2026,,,UA,ORD,SAN,11.0,1.0,0.0,236.0,1723.0,,,,,
2026,,,PT,CHO,CLT,10.0,1.0,0.0,49.0,245.0,,,,,
2026,,,WN,AUS,MSP,2.0,0.0,0.0,144.0,1042.0,,,,,
2026,,,AA,ORD,PHX,1.0,-22.0,0.0,206.0,1440.0,,,,,
2026,,,UA,SAN,IAD,1.0,-3.0,0.0,256.0,2253.0,,,,,
2026,,,OO,PHX,ELP,17.0,2.0,0.0,47.0,347.0,,,,,
2026,,,WN,BWI,ALB,2.0,-19.0,0.0,53.0,288.0,,,,,
2026,,,WN,MCO,LAS,4.0,0.0,0.0,290.0,2039.0,,,,,
2026,,,NK,EWR,ATL,23.0,16.0,0.0,114.0,746.0,6.0,0.0,1.0,0.0,9.0
2026,,,YX,JFK,PIT,27.0,15.0,0.0,76.0,340.0,0.0,0.0,0.0,0.0,15.0
2026,,,WN,RDU,LAS,2.0,-18.0,0.0,285.0,2026.0,,,,,
2026,,,WN,LAX,SFO,43.0,26.0,0.0,52.0,337.0,5.0,0.0,0.0,0.0,21.0
2026,,,AS,SFO,SEA,105.0,103.0,0.0,90.0,679.0,0.0,0.0,0.0,0.0,103.0
2026,,,YX,DCA,STL,60.0,46.0,0.0,108.0,719.0,8.0,0.0,0.0,0.0,38.0
2026,,,DL,ATL,LAS,7.0,-3.0,0.0,246.0,1747.0,,,,,
2026,,,WN,TPA,AUS,8.0,-15.0,0.0,134.0,928.0,,,,,
2026,,,YX,SDF,EWR,12.0,-9.0,0.0,97.0,642.0,,,,,
2026,,,WN,AUS,BNA,2.0,-2.0,0.0,101.0,756.0,,,,,
2026,,,WN,STL,DEN,3.0,-6.0,0.0,130.0,770.0,,,,,
2026,,,WN,LAS,RNO,4.0,-12.0,0.0,56.0,345.0,,,,,
2026,,,UA,IAH,SFO,6.0,-12.0,0.0,233.0,1635.0,,,,,
2026,,,AA,MIA,RDU,94.0,71.0,0.0,98.0,700.0,24.0,0.0,0.0,0.0,47.0
2026,,,OH,CLT,MYR,58.0,32.0,0.0,29.0,157.0,32.0,0.0,0.0,0.0,0.0
2026,,,OH,DFW,GPT,60.0,63.0,0.0,75.0,500.0,0.0,0.0,3.0,0.0,60.0
2026,,,9E,JFK,IND,42.0,50.0,0.0,126.0,665.0,0.0,0.0,8.0,0.0,42.0
2026,,,QX,PDX,ABQ,6.0,9.0,0.0,147.0,1111.0,,,,,
2026,,,WN,MDW,FLL,3.0,4.0,0.0,155.0,1167.0,,,,,
2026,,,UA,EWR,PBI,17.0,10.0,0.0,159.0,1024.0,,,,,
2026,,,AA,SYR,CLT,40.0,25.0,0.0,101.0,603.0,0.0,0.0,0.0,0.0,25.0
2026,,,OO,DEN,GSP,37.0,14.0,0.0,150.0,1278.0,,,,,
2026,,,AS,HNL,SMF,12.0,0.0,0.0,275.0,2462.0,,,,,
2026,,,DL,MSP,CHS,81.0,98.0,0.0,144.0,1087.0,81.0,0.0,17.0,0.0,0.0
2026,,,UA,IAH,MAF,5.0,-3.0,0.0,69.0,429.0,,,,,
2026,,,UA,IAH,DCA,22.0,-4.0,0.0,132.0,1208.0,,,,,
2026,,,YX,SRQ,PHL,85.0,77.0,0.0,124.0,957.0,0.0,0.0,0.0,0.0,77.0
2026,,,DL,GSP,ATL,2.0,-10.0,0.0,29.0,153.0,,,,,
2026,,,DL,PBI,JFK,67.0,58.0,0.0,126.0,1028.0,28.0,0.0,0.0,0.0,30.0
2026,,,AS,SNA,SEA,20.0,15.0,0.0,146.0,978.0,0.0,0.0,15.0,0.0,0.0
2026,,,UA,SEA,SFO,3.0,0.0,0.0,102.0,679.0,,,,,
2026,,,DL,ONT,ATL,101.0,91.0,0.0,220.0,1900.0,0.0,0.0,0.0,0.0,91.0
2026,,,WN,ISP,BWI,4.0,-15.0,0.0,50.0,220.0,,,,,
2026,,,G7,ORD,ATW,80.0,100.0,0.0,42.0,160.0,0.0,0.0,20.0,0.0,80.0
2026,,,DL,JAX,ATL,17.0,8.0,0.0,44.0,269.0,,,,,
2026,,,AA,PSP,DFW,636.0,603.0,0.0,129.0,1126.0,4.0,0.0,0.0,0.0,599.0
2026,,,MQ,DFW,MFE,7.0,3.0,0.0,73.0,469.0,,,,,
2026,,,UA,DEN,CLT,5.0,4.0,0.0,153.0,1337.0,,,,,
2026,,,G4,PIA,PIE,6.0,-1.0,0.0,118.0,965.0,,,,,
2026,,,DL,SLC,PIT,5.0,-3.0,0.0,199.0,1660.0,,,,,
2026,,,OO,XNA,ATL,1.0,35.0,0.0,79.0,589.0,1.0,0.0,34.0,0.0,0.0
2026,,,WN,TPA,PHX,5.0,-10.0,0.0,254.0,1788.0,,,,,
2026,,,DL,ATL,FLL,15.0,0.0,0.0,79.0,581.0,,,,,
2026,,,DL,SJU,ATL,97.0,87.0,0.0,216.0,1547.0,0.0,0.0,0.0,0.0,87.0
2026,,,WN,BNA,SAN,23.0,-3.0,0.0,239.0,1751.0,,,,,
2026,,,WN,ONT,PHX,22.0,3.0,0.0,50.0,325.0,,,,,
2026,,,B6,SJU,MCO,33.0,25.0,0.0,164.0,1188.0,25.0,0.0,0.0,0.0,0.0
2026,,,MQ,ORD,MSY,16.0,-3.0,0.0,116.0,837.0,,,,,
2026,,,DL,MCO,LGA,1.0,-13.0,0.0,127.0,950.0,,,,,
2026,,,DL,MCO,MSP,27.0,6.0,0.0,179.0,1310.0,,,,,
2026,,,G7,EWR,PWM,9.0,-16.0,0.0,46.0,284.0,,,,,
2026,,,WN,LAS,BOI,4.0,-7.0,0.0,84.0,519.0,,,,,
2026,,,OO,COS,DEN,27.0,68.0,0.0,19.0,73.0,0.0,0.0,68.0,0.0,0.0
2026,,,AA,MIA,ATL,18.0,0.0,0.0,85.0,594.0,,,,,
2026,,,AS,BUR,SEA,15.0,-7.0,0.0,127.0,937.0,,,,,
2026,,,F9,SEA,DEN,9.0,-4.0,0.0,122.0,1024.0,,,,,
2026,,,YX,LGA,BNA,15.0,-6.0,0.0,119.0,764.0,,,,,
2026,,,NK,TPA,ACY,100.0,93.0,0.0,121.0,914.0,4.0,0.0,1.0,0.0,88.0
2026,,,PT,ERI,CLT,18.0,27.0,0.0,94.0,475.0,0.0,18.0,9.0,0.0,0.0
2026,,,C5,CRP,IAH,79.0,63.0,0.0,35.0,201.0,0.0,0.0,0.0,0.0,63.0
2026,,,UA,SAN,IAH,302.0,289.0,0.0,155.0,1303.0,32.0,0.0,0.0,0.0,257.0
2026,,,9E,LGA,SAV,61.0,122.0,0.0,139.0,722.0,16.0,0.0,61.0,0.0,45.0
2026,,,OO,SAN,LAS,2.0,-11.0,0.0,48.0,258.0,,,,,
2026,,,AA,DFW,LAX,123.0,135.0,0.0,174.0,1235.0,123.0,0.0,12.0,0.0,0.0
2026,,,WN,PHX,OGG,13.0,-10.0,0.0,364.0,2844.0,,,,,
2026,,,OO,TUS,SFO,69.0,45.0,0.0,117.0,751.0,0.0,0.0,0.0,0.0,45.0
2026,,,WN,MSY,MCO,34.0,39.0,0.0,85.0,551.0,5.0,0.0,5.0,0.0,29.0
2026,,,OO,SMF,PDX,12.0,-1.0,0.0,72.0,479.0,,,,,
2026,,,DL,DTW,GSP,38.0,32.0,0.0,63.0,508.0,29.0,0.0,0.0,0.0,3.0
2026,,,DL,HNL,DTW,21.0,-7.0,0.0,466.0,4475.0,,,,,
2026,,,UA,ORD,BOS,61.0,50.0,0.0,105.0,867.0,1.0,0.0,0.0,0.0,49.0
2026,,,DL,ATL,LGA,6.0,-4.0,0.0,88.0,762.0,,,,,
2026,,,OO,SEA,LAX,220.0,226.0,0.0,117.0,954.0,220.0,0.0,6.0,0.0,0.0
2026,,,YX,GSO,LGA,101.0,112.0,0.0,59.0,461.0,12.0,0.0,11.0,0.0,89.0
2026,,,OH,PHL,DTW,15.0,-13.0,0.0,72.0,453.0,,,,,
2026,,,WN,LAS,SAN,9.0,-2.0,0.0,45.0,258.0,,,,,
2026,,,DL,MIA,JFK,22.0,34.0,0.0,149.0,1089.0,0.0,0.0,14.0,0.0,20.0
2026,,,F9,ATL,EWR,130.0,112.0,0.0,96.0,746.0,0.0,0.0,0.0,0.0,112.0
2026,,,G7,CHA,ORD,12.0,-7.0,0.0,88.0,501.0,,,,,
2026,,,WN,LAX,MDW,11.0,-12.0,0.0,202.0,1751.0,,,,,
2026,,,WN,LAS,MAF,17.0,8.0,0.0,98.0,795.0,,,,,
2026,,,UA,IAH,MSY,19.0,9.0,0.0,47.0,305.0,,,,,
2026,,,WN,HOU,MSY,8.0,6.0,0.0,44.0,303.0,,,,,
2026,,,DL,GRB,ATL,16.0,8.0,0.0,109.0,774.0,,,,,
2026,,,B6,JFK,SFO,2.0,-51.0,0.0,331.0,2586.0,,,,,
2026,,,UA,TPA,IAH,4.0,8.0,0.0,134.0,787.0,,,,,
2026,,,AS,SFO,LAS,182.0,163.0,0.0,58.0,414.0,0.0,6.0,0.0,0.0,157.0
2026,,,UA,ORD,CID,3.0,-6.0,0.0,33.0,196.0,,,,,
2026,,,DL,ATL,STX,29.0,41.0,0.0,202.0,1638.0,29.0,0.0,12.0,0.0,0.0
2026,,,WN,BNA,BUR,10.0,-10.0,0.0,258.0,1791.0,,,,,
2026,,,UA,ATL,IAD,24.0,19.0,0.0,74.0,534.0,19.0,0.0,0.0,0.0,0.0
2026,,,QX,STS,BUR,69.0,69.0,0.0,57.0,387.0,0.0,0.0,0.0,0.0,69.0
2026,,,9E,DHN,ATL,59.0,41.0,0.0,35.0,170.0,0.0,0.0,0.0,0.0,41.0
2026,,,AA,SAT,PHX,88.0,70.0,0.0,126.0,843.0,70.0,0.0,0.0,0.0,0.0
2026,,,AA,DFW,PIT,12.0,-6.0,0.0,113.0,1067.0,,,,,
2026,,,DL,JAC,ATL,4.0,-24.0,0.0,185.0,1572.0,,,,,
2026,,,OO,DEN,DSM,21.0,6.0,0.0,84.0,589.0,,,,,
2026,,,AA,ORD,DFW,25.0,8.0,0.0,115.0,802.0,,,,,
2026,,,B6,FLL,BDL,4.0,-15.0,0.0,139.0,1173.0,,,,,
2026,,,DL,DCA,MSP,110.0,106.0,0.0,145.0,931.0,106.0,0.0,0.0,0.0,0.0
2026,,,YX,ORD,SYR,3.0,-10.0,0.0,81.0,607.0,,,,,
2026,,,AA,DCA,ORD,3.0,-13.0,0.0,104.0,612.0,,,,,
2026,,,OO,LAX,RNO,34.0,31.0,0.0,67.0,390.0,0.0,31.0,0.0,0.0,0.0
2026,,,OO,PHX,SLC,31.0,25.0,0.0,81.0,507.0,25.0,0.0,0.0,0.0,0.0
2026,,,DL,CVG,MCO,15.0,15.0,0.0,105.0,757.0,0.0,0.0,13.0,0.0,2.0
2026,,,DL,PHX,MSP,1.0,-15.0,0.0,140.0,1276.0,,,,,
2026,,,AS,SEA,DEN,2.0,4.0,0.0,124.0,1024.0,,,,,
2026,,,OO,ORD,CVG,249.0,267.0,0.0,47.0,264.0,0.0,249.0,18.0,0.0,0.0
2026,,,UA,MEM,IAH,5.0,8.0,0.0,80.0,468.0,,,,,
2026,,,UA,ORD,LAX,25.0,23.0,0.0,207.0,1744.0,0.0,23.0,0.0,0.0,0.0
2026,,,UA,BNA,ORD,45.0,34.0,0.0,73.0,409.0,34.0,0.0,0.0,0.0,0.0
2026,,,WN,TUS,LAS,4.0,-20.0,0.0,55.0,364.0,,,,,
2026,,,9E,OMA,DTW,8.0,7.0,0.0,85.0,650.0,,,,,
2026,,,WN,DAL,MAF,10.0,0.0,0.0,52.0,319.0,,,,,
2026,,,DL,SEA,JFK,8.0,-10.0,0.0,268.0,2422.0,,,,,
2026,,,AA,ORD,LAX,52.0,51.0,0.0,247.0,1744.0,51.0,0.0,0.0,0.0,0.0
2026,,,MQ,ORD,RIC,4.0,-7.0,0.0,88.0,642.0,,,,,
2026,,,G4,LCK,PGD,32.0,48.0,0.0,130.0,890.0,16.0,16.0,16.0,0.0,0.0
2026,,,OO,LAN,DTW,57.0,39.0,0.0,21.0,74.0,0.0,39.0,0.0,0.0,0.0
2026,,,AS,JFK,SFO,17.0,16.0,0.0,364.0,2586.0,0.0,0.0,16.0,0.0,0.0
2026,,,DL,LAS,SLC,14.0,10.0,0.0,56.0,368.0,,,,,
2026,,,DL,BOS,DEN,113.0,91.0,0.0,248.0,1754.0,91.0,0.0,0.0,0.0,0.0
2026,,,WN,STL,LGA,1.0,-13.0,0.0,109.0,888.0,,,,,
2026,,,G4,GRR,PIE,17.0,19.0,0.0,138.0,1044.0,0.0,10.0,2.0,0.0,7.0
2026,,,DL,JAN,ATL,4.0,-10.0,0.0,48.0,340.0,,,,,
2026,,,WN,BWI,BDL,54.0,49.0,0.0,48.0,283.0,49.0,0.0,0.0,0.0,0.0
2026,,,WN,CMH,LAS,16.0,31.0,0.0,271.0,1771.0,4.0,0.0,15.0,0.0,12.0
2026,,,OH,PHL,RDU,1.0,27.0,0.0,59.0,337.0,1.0,0.0,26.0,0.0,0.0
2026,,,MQ,CLE,MIA,6.0,-16.0,0.0,138.0,1080.0,,,,,
2026,,,WN,LAS,OAK,59.0,44.0,0.0,68.0,407.0,44.0,0.0,0.0,0.0,0.0
2026,,,YX,ILM,LGA,14.0,5.0,0.0,75.0,500.0,,,,,
2026,,,MQ,MIA,CMH,7.0,1.0,0.0,135.0,990.0,,,,,
2026,,,UA,IAH,PHL,84.0,77.0,0.0,148.0,1325.0,0.0,0.0,61.0,0.0,16.0
2026,,,YX,PWM,LGA,1.0,-1.0,0.0,66.0,269.0,,,,,
2026,,,OO,DFW,GRK,1.0,-9.0,0.0,32.0,134.0,,,,,
2026,,,PT,SAV,CLT,136.0,134.0,0.0,51.0,213.0,2.0,0.0,0.0,0.0,132.0
2026,,,F9,DFW,MSP,11.0,-6.0,0.0,101.0,852.0,,,,,
2026,,,UA,EWR,PBI,33.0,78.0,0.0,165.0,1024.0,33.0,0.0,45.0,0.0,0.0
2026,,,MQ,CMH,ORD,39.0,44.0,0.0,57.0,296.0,3.0,0.0,5.0,0.0,36.0
2026,,,OO,IND,ORD,90.0,148.0,0.0,40.0,177.0,0.0,90.0,58.0,0.0,0.0
2026,,,B6,BNA,JFK,31.0,16.0,0.0,115.0,765.0,5.0,0.0,0.0,0.0,11.0
2026,,,DL,ATL,PHL,8.0,25.0,0.0,83.0,666.0,8.0,0.0,17.0,0.0,0.0
2026,,,DL,DTW,LAX,30.0,22.0,0.0,284.0,1979.0,22.0,0.0,0.0,0.0,0.0
2026,,,DL,SLC,SAN,17.0,-2.0,0.0,84.0,626.0,,,,,
2026,,,UA,ORD,MEM,16.0,12.0,0.0,88.0,491.0,,,,,
2026,,,WN,ATL,HOU,1.0,-18.0,0.0,110.0,696.0,,,,,
2026,,,G7,BUF,EWR,1.0,-17.0,0.0,60.0,282.0,,,,,
2026,,,WN,LAS,MCO,7.0,0.0,0.0,232.0,2039.0,,,,,
2026,,,DL,SLC,OGG,60.0,8.0,0.0,348.0,2935.0,,,,,
2026,,,AA,MKE,CLT,26.0,11.0,0.0,85.0,651.0,,,,,
2026,,,WN,LGA,HOU,70.0,53.0,0.0,195.0,1428.0,18.0,0.0,0.0,0.0,35.0
